df2_No,df2_地区名,df2_施設名,df2_住所,df2_地震,df2_津波,df2_高潮,df2_洪水,df2_土砂,df2_z,共通ID,市町村,更新日
1,番町,番町公民館,松山市二番町4-3-4,O,O,O,A,O,24,E3820100479111,松山市,2025/1/16
2,番町,番町小学校,松山市二番町4-6-1,O,O,O,A,O,23.6,E3820100480111,松山市,2025/1/16
3,東雲,東雲公民館,松山市勝山町2-11-5,O,O,O,A,O,31.9,E3820100219111,松山市,2025/1/16
4,東雲,東雲小学校,松山市文京町2-1,O,O,O,A,O,30.6,E3820100528111,松山市,2025/1/16
5,東雲,東中学校,松山市文京町2-2,O,O,O,A,O,30.4,E3820100529111,松山市,2025/1/16
6,東雲,八雲保育園,松山市此花町1-8,O,O,O,X,O,33.57,E3820100170111,松山市,2025/1/16
7,東雲,東雲保育園,松山市東雲町7-1,O,O,O,A,O,30.4,E3820100406111,松山市,2025/1/16
8,東雲,松山東雲中学・高等学校（体育館）,松山市大街道3-2-24,O,O,O,O,X,38.1,E3820100334111,松山市,2025/1/16
9,東雲,松山商業高等学校（体育館）,松山市旭町71,O,O,O,X,O,29.9,E3820100002111,松山市,2025/1/16
10,東雲,松山東高等学校（体育館）,松山市持田町2-2-12,O,O,O,X,O,33.29,E3820100198111,松山市,2025/1/16
11,東雲,松山北高等学校（体育館）,松山市文京町4-1,O,O,O,X,O,26.4,E3820100531111,松山市,2025/1/16
12,東雲,愛媛大学（城北地区 第1・第2体育館）,松山市文京町3,O,O,O,X,O,27.6,E3820100530111,松山市,2025/1/16
13,東雲,学校法人松山大学（体育館）,松山市文京町4-2,O,O,O,X,O,26.2,E3820100532111,松山市,2025/1/16
14,八坂,八坂公民館,松山市三番町1-3-2,O,O,O,A,O,27.1,E3820100176111,松山市,2025/1/16
15,八坂,八坂小学校,松山市湯渡町4-20,O,O,O,A,O,33.68,E3820100440111,松山市,2025/1/16
16,素鵞,素鵞公民館,松山市中村3-2-34,O,O,O,A,O,26.44,E3820100357111,松山市,2025/1/16
17,素鵞,素鵞小学校,松山市小坂1-4-48,O,O,O,A,O,31.31,E3820100222111,松山市,2025/1/16
18,素鵞,拓南中学校,松山市枝松5-4-39,O,O,O,A,O,29.34,E3820100195111,松山市,2025/1/16
19,素鵞,松山保育園,松山市中村3-5-29,O,O,O,A,O,25.55,E3820100359111,松山市,2025/1/16
20,雄郡,雄郡公民館,松山市小栗3-5-24,O,O,O,A,O,18.34,E3820100220111,松山市,2025/1/16
21,雄郡,雄郡小学校,松山市土橋町1,O,O,O,A,O,18.15,E3820100403111,松山市,2025/1/16
22,雄郡,双葉小学校,松山市土居田町123-3,O,O,O,A,O,15.34,E3820100399111,松山市,2025/1/16
23,雄郡,たちばな小学校,松山市針田町209-1,O,O,O,A,O,9.57,E3820100268111,松山市,2025/1/16
24,雄郡,城西中学校,松山市竹原3-19-35,O,O,O,A,O,14.86,E3820100348111,松山市,2025/1/16
25,雄郡,雄新中学校,松山市土居田町1,O,O,O,A,O,15.45,E3820100398111,松山市,2025/1/16
26,雄郡,まつやまＲｅ・再来館,松山市空港通1-1-32,O,O,O,O,O,15.2,E3820100098111,松山市,2025/1/16
27,雄郡,松山工業高等学校（体育館）,松山市真砂町1,O,O,O,X,O,19.43,E3820100264111,松山市,2025/1/16
28,雄郡,松山南高等学校（体育館）,松山市末広町11-1,O,O,O,X,O,21.27,E3820100605111,松山市,2025/1/16
29,雄郡,聖カタリナ学園高等学校（体育館）,松山市永代町10-1,O,O,O,X,O,21.35,E3820100020111,松山市,2025/1/16
30,雄郡,聖カタリナ学園高等学校（体育館）,松山市永代町10-1,O,O,O,X,O,21.35,E3820100378111,松山市,2025/1/16
31,雄郡,聖カタリナ学園高等学校（講堂兼体育館）,松山市藤原町468,O,O,O,X,O,20.71,E3820100441111,松山市,2025/1/16
32,新玉,中央・新玉公民館,松山市千舟町8-69-4,O,O,O,A,O,17.1,E3820100307111,松山市,2025/1/16
33,新玉,新玉小学校,松山市千舟町8-89,O,O,O,A,O,16.86,E3820100308111,松山市,2025/1/16
34,新玉,学校法人済美学園 済美高等学校（体育館）,松山市湊町7-9-1,X,O,O,X,O,18.97,E3820100610111,松山市,2025/1/16
35,味酒,味酒公民館,松山市松前町5-1-6,O,O,O,A,O,20.6,E3820100241111,松山市,2025/1/16
36,味酒,味酒小学校,松山市宮西2-2-21,O,O,O,A,O,18.2,E3820100092111,松山市,2025/1/16
37,味酒,朝美保育園,松山市美沢2-7-39,O,O,O,A,O,16.74,E3820100515111,松山市,2025/1/16
38,味酒,学校法人愛光学園（体育館）,松山市衣山5-1610－1,O,O,O,O,O,31.2,E3820100010111,松山市,2025/1/16
39,清水,清水公民館,松山市清水町3-170-4,O,O,O,A,O,24.71,E3820100284111,松山市,2025/1/16
40,清水,清水小学校,松山市清水町3-15,O,O,O,A,O,25.9,E3820100283111,松山市,2025/1/16
41,清水,姫山小学校,松山市山越3-800,O,O,O,O,A,36.1,E3820100181111,松山市,2025/1/16
42,清水,勝山中学校,松山市清水町3-148-2,O,O,O,A,O,24.45,E3820100282111,松山市,2025/1/16
43,清水,山越保育園,松山市山越1-19-40,O,O,O,O,O,19.38,E3820100179111,松山市,2025/1/16
44,清水,清水公民館桜ヶ丘団地分館,松山市御幸1-545-3,O,O,O,O,X,42.3,E3820100135111,松山市,2025/1/16
45,清水,清水ふれあいセンター,松山市清水町1-9-9,O,O,O,O,O,23.6,E3820100280111,松山市,2025/1/16
46,清水,学校法人松山大学 御幸キャンパス（体育館）,松山市御幸1-320-1 外,O,O,O,O,A,50.6,E3820100133111,松山市,2025/1/16
47,桑原,桑原公民館,松山市桑原2-6-35,O,O,O,A,O,39.32,E3820100105111,松山市,2025/1/16
48,桑原,桑原小学校,松山市桑原3-7-27,O,O,O,A,O,40.64,E3820100108111,松山市,2025/1/16
49,桑原,桑原中学校,松山市畑寺町丙238-28,O,O,O,O,A,67.9,E3820100507111,松山市,2025/1/16
50,桑原,桑原保育園,松山市桑原4-10-22,O,O,O,O,O,41.88,E3820100109111,松山市,2025/1/16
51,桑原,松山市畑寺福祉センター（１階、２階部分）,松山市畑寺4-8-5,O,O,O,A,A,42.2,E3820100505111,松山市,2025/1/16
52,桑原,愛媛大学附属高等学校（体育館）,松山市樽味3-2-40,O,O,O,X,O,42.67,E3820100347111,松山市,2025/1/16
53,桑原,松山東雲女子大学・短期大学（体育館）,松山市桑原3-2-1,O,O,O,O,O,42.92,E3820100107111,松山市,2025/1/16
54,桑原,愛媛慈恵会地域交流ホーム,松山市束本2-13-3,O,O,O,A,O,30.58,E3820100322111,松山市,2025/1/16
55,桑原,愛媛県研修所（講堂兼体育館）,松山市東野4-225,X,O,O,O,O,70.8,E3820100663111,松山市,2025/1/16
56,道後,道後公民館,松山市道後町1-5-31,O,O,O,A,O,38.6,E3820100446111,松山市,2025/1/16
57,道後,道後小学校,松山市石手4-10-5,O,O,O,A,O,42.9,E3820100302111,松山市,2025/1/16
58,道後,湯築小学校,松山市道後北代10-41,O,O,O,A,O,33.2,E3820100450111,松山市,2025/1/16
59,道後,道後中学校,松山市上市1-3-57,O,O,O,A,O,40.5,E3820100244111,松山市,2025/1/16
60,道後,道後保育園,松山市道後姫塚123-1,O,O,O,O,X,53.3,E3820100448111,松山市,2025/1/16
61,道後,道後公民館祝谷分館,松山市祝谷5-7-15,O,O,O,O,A,44.8,E3820100209111,松山市,2025/1/16
62,道後,道後公民館祝谷東町分館,松山市祝谷東町乙742-34,X,O,O,O,X,102.7,E3820100213111,松山市,2025/1/16
63,道後,愛媛大学教育学部附属小学校（体育館）,松山市持田町1-5-22,O,O,O,X,O,35,E3820100197112,松山市,2025/1/16
64,道後,愛媛大学教育学部附属中学校（体育館）,松山市持田町1-5-22,O,O,O,X,O,35.4,E3820100197111,松山市,2025/1/16
65,味生,味生公民館,松山市別府町177-1,O,O,O,A,O,7.3,E3820100544111,松山市,2025/1/16
66,味生,味生小学校,松山市別府町166-4,O,O,O,A,O,6.2,E3820100543111,松山市,2025/1/16
67,味生,味生第二小学校,松山市別府町3-1,O,O,O,O,A,10.6,E3820100545111,松山市,2025/1/16
68,味生,津田中学校,松山市北斎院町1106,O,O,O,A,X,7.8,E3820100562111,松山市,2025/1/16
69,味生,味生保育園,松山市北斎院町759-1,O,O,O,A,O,6.7,E3820100565111,松山市,2025/1/16
70,味生,済美平成中等教育学校（体育館）,松山市空港通5-6-3,O,O,O,X,O,9.72,E3820100100111,松山市,2025/1/16
71,味生,学校法人新田学園（中央体育館）,松山市山西町663,X,O,X,X,O,4.6,E3820100186111,松山市,2025/1/16
72,生石,生石公民館,松山市高岡町860-67,O,O,O,A,O,6.1,E3820100162111,松山市,2025/1/16
73,生石,生石小学校,松山市高岡町630-3,O,O,O,A,O,6.3,E3820100158111,松山市,2025/1/16
74,生石,西中学校,松山市高岡町409,O,O,O,A,O,6.32,E3820100154111,松山市,2025/1/16
75,生石,生石保育園,松山市高岡町860-1,O,O,O,A,O,5.9,E3820100161111,松山市,2025/1/16
76,生石,生石公民館北吉田分館,松山市北吉田町1237-2,X,O,A,A,O,2.91,E3820100557111,松山市,2025/1/16
77,生石,生石公民館高岡分館,松山市高岡町566,O,O,O,A,O,7.1,E3820100156111,松山市,2025/1/16
78,垣生,垣生公民館,松山市西垣生町1228-2,O,O,O,A,O,4.75,E3820100286111,松山市,2025/1/16
79,垣生,垣生小学校,松山市西垣生町730-1,O,O,A,A,O,3.37,E3820100291111,松山市,2025/1/16
80,垣生,垣生中学校,松山市西垣生町418,O,O,A,A,O,3.12,E3820100290111,松山市,2025/1/16
81,垣生,木の実幼稚園（遊戯場）,松山市西垣生町1690-1,O,X,X,X,O,2.19,E3820100288111,松山市,2025/1/16
82,宮前,宮前公民館,松山市古三津1-26-48,O,X,A,A,O,2.51,E3820100121111,松山市,2025/1/16
83,宮前,宮前小学校,松山市祓川1-3-39,O,X,A,A,O,2.16,E3820100658111,松山市,2025/1/16
84,宮前,中須賀保育園,松山市中須賀1-12-17,O,X,X,A,O,1.9,E3820100350111,松山市,2025/1/16
85,三津浜,三津浜公民館,松山市三津3-2-30,O,O,A,O,O,4.14,E3820100175112,松山市,2025/1/16
86,三津浜,三津浜小学校,松山市梅田町2-42,O,O,A,O,O,3.61,E3820100490111,松山市,2025/1/16
87,三津浜,三津浜中学校,松山市若葉町8-48,O,X,A,A,O,2.67,E3820100204111,松山市,2025/1/16
88,三津浜,三津浜幼稚園,松山市神田町1-41,O,X,X,A,O,2.7,E3820100266111,松山市,2025/1/16
89,三津浜,松山市地域交流センター,松山市三津3-2-30,O,O,A,O,O,4.03,E3820100175111,松山市,2025/1/16
90,高浜,高浜公民館,松山市梅津寺町1335-4,O,O,X,O,A,4.2,E3820100487111,松山市,2025/1/16
91,高浜,高浜小学校,松山市梅津寺町1352-2,O,O,O,O,A,9.8,E3820100488111,松山市,2025/1/16
92,高浜,高浜中学校,松山市梅津寺町乙52,O,O,O,O,A,15.1,E3820100489111,松山市,2025/1/16
93,高浜,高浜保育園,松山市高浜町6-1674,O,X,X,O,A,2.9,E3820100166111,松山市,2025/1/16
94,高浜,高浜公民館新浜分館,松山市新浜町14-28,O,X,X,O,O,1.9,E3820100258111,松山市,2025/1/16
95,高浜,高浜公民館高浜１丁目分館,松山市高浜1-1398-3,O,O,O,O,O,6.2,E3820100164111,松山市,2025/1/16
96,久枝,久枝公民館,松山市西長戸町299,O,O,O,A,O,10.5,E3820100297111,松山市,2025/1/16
97,久枝,久枝小学校,松山市安城寺町586-1,O,O,O,A,O,8.5,E3820100009111,松山市,2025/1/16
98,久枝,みどり小学校,松山市西長戸町493-2,O,O,O,A,O,11.2,E3820100298111,松山市,2025/1/16
99,久枝,久枝公民館船ケ谷分館,松山市船ケ谷町237-1,O,O,O,O,O,15.8,E3820100319111,松山市,2025/1/16
100,久枝,松山盲学校（体育館）,松山市久万ノ台112,O,O,O,X,O,15.59,E3820100086111,松山市,2025/1/16
101,久枝,松山西中等教育学校（体育館）,松山市久万ノ台1485-4,O,O,O,O,O,14.1,E3820100088111,松山市,2025/1/16
102,久枝,学校法人松山聖陵学園 松山聖陵高等学校（体育館）,松山市久万ノ台1112,O,O,O,O,O,24.72,E3820100085111,松山市,2025/1/16
103,潮見,潮見公民館,松山市吉藤4-3-16,O,O,O,A,O,15.4,E3820100065111,松山市,2025/1/16
104,潮見,潮見小学校,松山市吉藤4-7-13,O,O,O,O,O,14.5,E3820100066111,松山市,2025/1/16
105,潮見,鴨川中学校,松山市鴨川2-7-19,O,O,O,O,O,11.2,E3820100060111,松山市,2025/1/16
106,潮見,潮見公民館平田分館,松山市平田町272-4,X,O,O,O,O,8.8,E3820100540111,松山市,2025/1/16
107,潮見,潮見公民館吉藤分館,松山市吉藤5-19-20,O,O,O,A,O,24.2,E3820100067111,松山市,2025/1/16
108,潮見,潮見公民館谷分館,松山市谷町甲260-3,O,O,O,O,O,15.9,E3820100346111,松山市,2025/1/16
109,和気,和気公民館,松山市太山寺町1226-1,O,X,A,A,O,3.3,E3820100323111,松山市,2025/1/16
110,和気,和気小学校,松山市太山寺町671-3,O,X,A,A,O,2.4,E3820100330111,松山市,2025/1/16
111,和気,北中学校,松山市太山寺町491-1,O,O,O,O,O,4.9,E3820100329111,松山市,2025/1/16
112,和気,和気公民館勝岡分館,松山市勝岡町112,O,X,X,A,O,1.5,E3820100215111,松山市,2025/1/16
113,和気,和気公民館太山寺分館,松山市太山寺町1593-2,O,O,O,O,A,13.1,E3820100327111,松山市,2025/1/16
114,和気,和気公民館朝汐分館,松山市和気町2-925-2,O,X,X,A,O,1.37,E3820100650111,松山市,2025/1/16
115,和気,松山聾学校（体育館）,松山市馬木町2325,O,O,X,O,O,4.5,E3820100486111,松山市,2025/1/16
116,堀江,堀江公民館,松山市堀江町甲1400-1,O,O,A,O,O,4.81,E3820100597111,松山市,2025/1/16
117,堀江,堀江小学校,松山市福角町甲1409-2,O,O,O,A,O,9.3,E3820100524111,松山市,2025/1/16
118,堀江,内宮中学校,松山市内宮町569-1,O,O,O,O,O,5.8,E3820100451111,松山市,2025/1/16
119,堀江,堀江保育園,松山市堀江町甲1654-9,O,X,X,X,O,1.3,E3820100598111,松山市,2025/1/16
120,堀江,堀江公民館東大栗分館,松山市東大栗町780-1,O,O,O,O,O,140.5,E3820100424111,松山市,2025/1/16
121,堀江,堀江公民館大西二分館,松山市堀江町甲863-5,X,X,X,X,O,3.31,E3820100601111,松山市,2025/1/16
122,堀江,四国電設工業株式会社松山営業所,松山市堀江町甲805-8,O,A,A,A,O,1.79,E3820100671111,松山市,2025/1/16
123,余土,余土公民館,松山市余戸東4-4-34,O,O,O,A,O,8.43,E3820100634111,松山市,2025/1/16
124,余土,余土小学校,松山市余戸東1-14-17,O,O,O,A,O,8.99,E3820100631111,松山市,2025/1/16
125,余土,さくら小学校,松山市余戸中4-11-1,O,O,O,A,O,7.84,E3820100629111,松山市,2025/1/16
126,余土,余土中学校,松山市保免西4-5-23,O,O,O,A,O,10.46,E3820100551111,松山市,2025/1/16
127,余土,椿中学校,松山市市坪南1-1-20,O,O,O,A,O,14.34,E3820100190111,松山市,2025/1/16
128,余土,余土保育園,松山市余戸東4-1-19,O,O,O,A,O,8.87,E3820100633111,松山市,2025/1/16
129,余土,余土公民館保免中分館,松山市保免中2-1-17,O,O,O,A,O,12.84,E3820100553111,松山市,2025/1/16
130,余土,余土公民館余戸中分館,松山市余戸中2-8-22,X,O,O,A,O,7.53,E3820100628111,松山市,2025/1/16
131,余土,余土公民館市坪分館,松山市市坪北1-3-13,O,O,O,X,O,13.2,E3820100191111,松山市,2025/1/16
132,由良,由良公民館,松山市由良町1048-2,O,X,A,O,A,2.4,E3820100622111,松山市,2025/1/16
133,由良,もものはなこども園,松山市由良町479,O,X,X,O,O,2.2,E3820100624111,松山市,2025/1/16
134,由良,由良小学校跡（体育館）,松山市由良町869,O,X,X,O,O,2.5,E3820100625111,松山市,2025/1/16
135,由良,由良公民館門田分館,松山市門田町地先,O,X,X,O,A,2.7,E3820100615111,松山市,2025/1/16
136,泊,泊公民館,松山市泊町818,O,X,X,O,O,3.3,E3820100497111,松山市,2025/1/16
137,泊,興居島小学校,松山市泊町甲425-3,O,X,X,O,O,3.2,E3820100499112,松山市,2025/1/16
138,泊,興居島小学校釣島分校,松山市泊町1465,O,X,X,O,O,1.9,E3820100494111,松山市,2025/1/16
139,泊,興居島中学校,松山市泊町甲425-3,O,X,A,O,O,3.4,E3820100499111,松山市,2025/1/16
140,泊,泊小学校跡,松山市泊町618-1,O,X,X,O,X,3.1,E3820100496111,松山市,2025/1/16
141,泊,泊公民館船越分館,松山市泊町1368先船越緑地,O,X,X,O,O,2.9,E3820100493111,松山市,2025/1/16
142,久米,久米公民館,松山市鷹子町823,O,O,O,A,O,40.26,E3820100342111,松山市,2025/1/16
143,久米,窪田小学校,松山市久米窪田町307,O,O,O,A,O,46.61,E3820100079111,松山市,2025/1/16
144,久米,北久米小学校,松山市福音寺町9,O,O,O,O,O,37.8,E3820100521111,松山市,2025/1/16
145,久米,福音小学校,松山市福音寺町355-1,O,O,O,O,O,31,E3820100520111,松山市,2025/1/16
146,久米,久米小学校,松山市鷹子町15-1,O,O,O,A,O,42.1,E3820100336111,松山市,2025/1/16
147,久米,久米中学校,松山市来住町689,O,O,O,A,O,38.59,E3820100641111,松山市,2025/1/16
148,久米,久米保育園,松山市鷹子町4-4,O,O,O,A,O,42.21,E3820100338111,松山市,2025/1/16
149,久米,久米公民館鷹子分館,松山市鷹子町632,O,O,O,A,O,48.37,E3820100340111,松山市,2025/1/16
150,久米,学校法人松山学院 松山学院高等学校（体育館）,松山市北久米町815,O,O,O,X,X,28.5,E3820100561111,松山市,2025/1/16
151,湯山,湯山公民館,松山市末町甲94-1,O,O,O,O,X,85.7,E3820100608111,松山市,2025/1/16
152,湯山,湯山小学校,松山市食場町甲128,O,O,O,O,A,76.3,E3820100255111,松山市,2025/1/16
153,湯山,湯山中学校,松山市溝辺町甲508-1,O,O,O,A,X,62.3,E3820100147111,松山市,2025/1/16
154,湯山,小百合保育園,松山市溝辺町甲528,O,O,O,X,O,61.3,E3820100148111,松山市,2025/1/16
155,湯山,湯山公民館宿野分館,松山市宿野町甲205,X,O,O,O,X,136.5,E3820100207111,松山市,2025/1/16
156,湯山,湯山公民館倉敷分館,松山市溝辺町甲286-4,O,O,O,X,O,51.9,E3820100144111,松山市,2025/1/16
157,湯山,溝辺ふれあいセンター,松山市溝辺町565-2,O,O,O,X,A,59.2,E3820100141111,松山市,2025/1/16
158,日浦,日浦公民館,松山市河中町甲346,O,O,O,O,O,270.3,E3820100046111,松山市,2025/1/16
159,日浦,日浦小学校,松山市河中町甲79-2,O,O,O,O,X,290.2,E3820100047111,松山市,2025/1/16
160,日浦,日浦中学校,松山市河中町188-1,O,O,O,O,O,277.3,E3820100045111,松山市,2025/1/16
161,日浦,日浦公民館藤野分館,松山市藤野町甲225-1,O,O,O,O,X,259.7,E3820100442111,松山市,2025/1/16
162,伊台,伊台公民館,松山市下伊台町1474-1,O,O,O,O,O,157.2,E3820100035111,松山市,2025/1/16
163,伊台,伊台小学校,松山市下伊台町1438-1,O,O,O,A,A,148.1,E3820100034111,松山市,2025/1/16
164,伊台,旭中学校,松山市下伊台町1105-1,O,O,O,A,O,142.8,E3820100031111,松山市,2025/1/16
165,伊台,伊台保育園,松山市下伊台町1493-1,O,O,O,O,O,152.7,E3820100036111,松山市,2025/1/16
166,伊台,伊台公民館伊台ハイツ分館,松山市下伊台町1278,O,O,O,O,O,161.6,E3820100032111,松山市,2025/1/16
167,伊台,伊台公民館本村分館,松山市上伊台町215-1,O,O,O,O,X,176.3,E3820100243111,松山市,2025/1/16
168,五明,五明公民館,松山市菅沢町甲247-1,O,O,O,O,A,310.7,E3820100274111,松山市,2025/1/16
169,五明,五明小学校,松山市菅沢町乙45-4,O,O,O,O,X,303.3,E3820100272112,松山市,2025/1/16
170,五明,五明幼稚園,松山市菅沢町乙45-4,O,O,O,O,X,303.1,E3820100272111,松山市,2025/1/16
171,五明,五明公民館菅沢分館,松山市菅沢町甲267-1,X,O,O,O,X,314.1,E3820100275111,松山市,2025/1/16
172,小野,小野公民館,松山市北梅本町759,O,O,O,O,O,78.23,E3820100590111,松山市,2025/1/16
173,小野,小野小学校,松山市平井町3673,O,O,O,A,O,80.15,E3820100533111,松山市,2025/1/16
174,小野,小野中学校,松山市平井町3690,O,O,O,A,O,77.7,E3820100534111,松山市,2025/1/16
175,小野,平井保育園,松山市平井町甲118,O,O,O,X,O,78.64,E3820100535111,松山市,2025/1/16
176,小野,小野公民館小野谷分館,松山市小野町甲79,O,O,O,X,X,144.9,E3820100236111,松山市,2025/1/16
177,小野,小野公民館太尺寺分館,松山市北梅本町6,X,O,O,O,O,107.6,E3820100589111,松山市,2025/1/16
178,小野,小野公民館駄場分館,松山市北梅本町2631,X,O,O,X,O,109.9,E3820100587111,松山市,2025/1/16
179,浮穴,浮穴公民館,松山市森松町469-6,O,O,O,A,O,30.69,E3820100259111,松山市,2025/1/16
180,浮穴,浮穴小学校,松山市森松町832,O,O,O,A,O,35.2,E3820100261111,松山市,2025/1/16
181,浮穴,南第二中学校,松山市森松町943,O,O,O,A,O,32.65,E3820100263111,松山市,2025/1/16
182,浮穴,浮穴保育園,松山市南高井町1608-2,O,O,O,X,O,36.42,E3820100468111,松山市,2025/1/16
183,浮穴,浮穴公民館井門分館,松山市井門町768,O,O,O,X,O,24.11,E3820100015111,松山市,2025/1/16
184,浮穴,浮穴公民館森松分館,松山市森松町645-1,X,O,O,X,O,33.07,E3820100260111,松山市,2025/1/16
185,浮穴,浮穴公民館南高井分館,松山市南高井町1318,O,O,O,X,O,43.32,E3820100466111,松山市,2025/1/16
186,浮穴,松山中央高等学校（体育館）,松山市井門町1220,O,O,O,X,O,21.34,E3820100014111,松山市,2025/1/16
187,石井,石井公民館,松山市居相1-8-26,O,O,O,A,O,22.59,E3820100096111,松山市,2025/1/16
188,石井,石井小学校,松山市東石井6-8-52,O,O,O,A,O,23.12,E3820100422111,松山市,2025/1/16
189,石井,石井北小学校,松山市和泉南1-3-32,O,O,O,X,O,18.89,E3820100652111,松山市,2025/1/16
190,石井,椿小学校,松山市和泉南6-1-47,O,O,O,A,O,15.69,E3820100655111,松山市,2025/1/16
191,石井,石井東小学校,松山市越智1-3-35,O,O,O,A,O,30.18,E3820100021111,松山市,2025/1/16
192,石井,南中学校,松山市東石井7-2-52,O,O,O,A,O,23.28,E3820100423111,松山市,2025/1/16
193,石井,石井幼稚園,松山市西石井6-4-29,O,O,O,A,O,22.18,E3820100293111,松山市,2025/1/16
194,石井,石井保育園,松山市西石井6-4-34,O,O,O,A,O,22.59,E3820100294111,松山市,2025/1/16
195,石井,つばき保育園,松山市古川北2-18-30,O,O,O,A,O,17.1,E3820100132111,松山市,2025/1/16
196,石井,石井公民館古川分館,松山市古川南1-20-13,O,O,O,X,O,15.9,E3820100127111,松山市,2025/1/16
197,石井,石井公民館一の宮団地分館,松山市古川南3-10-15,O,O,O,X,O,17.85,E3820100129111,松山市,2025/1/16
198,石井,石井公民館越智分館,松山市越智2-3-25,X,O,O,A,O,27.29,E3820100022111,松山市,2025/1/16
199,石井,石井公民館北土居分館,松山市北土居１-4-21,O,O,O,A,O,28.96,E3820100582111,松山市,2025/1/16
200,石井,古川ふれあいセンター,松山市古川南1-20-18,O,O,O,X,O,16.27,E3820100128111,松山市,2025/1/16
201,石井,朝生田ふれあいセンター,松山市朝生田町6-3-32,O,O,O,X,O,17.86,E3820100380111,松山市,2025/1/16
202,石井,聖カタリナ学園高等学校（体育館）,松山市朝生田町4-9-9,X,O,O,X,O,21.35,E3820100020111,松山市,2025/1/16
203,石井,聖カタリナ学園高等学校（体育館）,松山市朝生田町4-9-9,X,O,O,X,O,21.35,E3820100378111,松山市,2025/1/16
204,荏原,荏原公民館,松山市東方町955,O,O,O,A,O,47.13,E3820100427111,松山市,2025/1/16
205,荏原,荏原小学校,松山市東方町甲1245,O,O,O,A,O,56.37,E3820100428111,松山市,2025/1/16
206,荏原,荏原幼稚園,松山市東方町甲1493-3,O,O,O,O,O,56.48,E3820100430111,松山市,2025/1/16
207,荏原,荏原公民館津吉分館,松山市津吉町696,X,O,O,O,X,68,E3820100389111,松山市,2025/1/16
208,荏原,荏原公民館中野分館,松山市中野町甲323,X,O,O,X,O,56,E3820100372111,松山市,2025/1/16
209,荏原,荏原公民館大橋分館,松山市大橋町56,O,O,O,A,O,45.76,E3820100335111,松山市,2025/1/16
210,坂本,坂本公民館,松山市久谷町70,O,O,O,O,A,91.6,E3820100074111,松山市,2025/1/16
211,坂本,坂本小学校,松山市久谷町30,O,O,O,A,O,88.6,E3820100072111,松山市,2025/1/16
212,坂本,久谷中学校,松山市浄瑠璃町940,O,O,O,O,O,73.3,E3820100253111,松山市,2025/1/16
213,坂本,坂本幼稚園,松山市久谷町24,O,O,O,A,O,88.3,E3820100071111,松山市,2025/1/16
214,坂本,坂本公民館出口分館,松山市久谷町甲215,O,O,O,O,X,98.1,E3820100078111,松山市,2025/1/16
215,坂本,坂本公民館久谷中組分館,松山市久谷町812,O,O,O,O,O,114.8,E3820100075111,松山市,2025/1/16
216,坂本,坂本公民館奥久谷分館,松山市久谷町甲1780,O,O,O,O,X,188.5,E3820100077111,松山市,2025/1/16
217,坂本,坂本公民館桜分館,松山市窪野町2119,X,O,O,O,X,278.2,E3820100102111,松山市,2025/1/16
218,坂本,坂本公民館窪野北谷分館,松山市窪野町1099,X,O,O,O,X,262.5,E3820100101111,松山市,2025/1/16
219,浅海,浅海公民館,松山市浅海原甲603-1,O,O,X,O,O,3.2,E3820100314111,松山市,2025/1/16
220,浅海,浅海小学校,松山市浅海本谷甲728,O,O,O,O,O,10.1,E3820100318111,松山市,2025/1/16
221,浅海,浅海保育園,松山市浅海本谷甲719-1,O,X,X,O,O,2.8,E3820100317111,松山市,2025/1/16
222,浅海,浅海公民館萩原分館,松山市萩原甲287-3,X,O,O,O,X,122.5,E3820100492111,松山市,2025/1/16
223,浅海,浅海公民館真沖分館,松山市浅海本谷甲354-11,O,X,X,O,O,2.8,E3820100316111,松山市,2025/1/16
224,浅海,浅海公民館小竹分館,松山市浅海本谷甲232-2,O,X,X,O,O,3.1,E3820100315111,松山市,2025/1/16
225,浅海,京ヶ森集会所,松山市浅海原甲1-5,X,X,X,O,X,2,E3820100311111,松山市,2025/1/16
226,浅海,浅海公民館浅海原分館,松山市浅海原甲538-1,O,X,X,O,O,2.9,E3820100313111,松山市,2025/1/16
227,浅海,浅海公民館味栗分館,松山市浅海原甲1112-1,X,O,O,O,O,13.4,E3820100310111,松山市,2025/1/16
228,立岩,立岩公民館,松山市猿川甲747,O,O,O,X,X,103.3,E3820100028111,松山市,2025/1/16
229,立岩,立岩小学校,松山市猿川原甲49,O,O,O,O,O,98.1,E3820100025111,松山市,2025/1/16
230,立岩,立岩公民館才之原分館,松山市才之原甲737-1,O,O,O,X,O,54,E3820100173111,松山市,2025/1/16
231,立岩,猪木集会所,松山市猪木甲３４１－１,X,O,O,O,X,282.8,E3820100668111,松山市,2025/1/16
232,立岩,立岩公民館猿川下分館,松山市猿川甲371-2,O,O,O,O,X,153.7,E3820100026111,松山市,2025/1/16
233,立岩,立岩公民館湯裾分館,松山市猿川甲722-2,O,O,O,O,X,113.2,E3820100027111,松山市,2025/1/16
234,立岩,立岩公民館大遊寺分館,松山市猿川甲924-1,O,O,O,O,O,129.8,E3820100029111,松山市,2025/1/16
235,立岩,立岩公民館立岩中村分館,松山市立岩中村甲277-1,O,O,O,O,X,171.1,E3820100643111,松山市,2025/1/16
236,立岩,立岩公民館米之野分館,松山市立岩米之野甲187,O,O,O,O,X,214.9,E3820100645111,松山市,2025/1/16
237,立岩,立岩公民館庄府分館,松山市庄府甲282-1,O,O,O,O,X,221.3,E3820100239111,松山市,2025/1/16
238,立岩,立岩公民館儀式分館,松山市儀式甲136-4,O,O,O,O,O,179.9,E3820100063111,松山市,2025/1/16
239,立岩,立岩公民館坊田分館,松山市小山田甲203-1,O,O,O,O,X,125.9,E3820100225111,松山市,2025/1/16
240,立岩,立岩公民館小山田上分館,松山市小山田甲344-3,O,O,O,O,X,119.6,E3820100227111,松山市,2025/1/16
241,立岩,立岩公民館小山田中分館,松山市小山田甲571-3,O,O,O,O,O,109.4,E3820100228111,松山市,2025/1/16
242,立岩,立岩公民館小山田下分館,松山市小山田甲661-1,O,O,O,O,X,110,E3820100229111,松山市,2025/1/16
243,立岩,立岩公民館猿川原分館,松山市猿川原甲251,X,O,O,O,O,111.2,E3820100024111,松山市,2025/1/16
244,難波,難波地域活性化センター,松山市中通甲777-3,O,O,O,O,O,12.5,E3820100363111,松山市,2025/1/16
245,難波,難波小学校,松山市中通甲807-1,O,O,O,O,O,16.4,E3820100364111,松山市,2025/1/16
246,難波,難波公民館庄分館,松山市庄甲228-1,O,O,O,O,X,19.1,E3820100237112,松山市,2025/1/16
247,難波,庄農家高齢者創作館,松山市庄甲228-1,X,O,O,O,X,19,E3820100237111,松山市,2025/1/16
248,難波,難波公民館上難波分館,松山市上難波甲731-1,X,O,O,O,O,20.8,E3820100246111,松山市,2025/1/16
249,難波,中通第二集会所,松山市中通甲308,X,O,O,X,O,9.5,E3820100360111,松山市,2025/1/16
250,難波,中通集会所,松山市中通甲638,O,O,O,O,O,9.6,E3820100362111,松山市,2025/1/16
251,難波,難波公民館下難波石風呂分館,松山市下難波甲1263-2,O,O,X,X,X,2.3,E3820100039111,松山市,2025/1/16
252,難波,難波公民館大浦分館,松山市大浦416-1,O,O,X,O,O,4,E3820100332111,松山市,2025/1/16
253,正岡,正岡公民館,松山市八反地甲90-1,O,O,O,A,O,12.79,E3820100513111,松山市,2025/1/16
254,正岡,正岡小学校,松山市八反地甲160,O,O,O,A,O,11.9,E3820100509111,松山市,2025/1/16
255,正岡,国津保育園,松山市八反地甲1647,O,O,O,O,O,10,E3820100512111,松山市,2025/1/16
256,正岡,椋之原集会所,松山市八反地甲654,X,O,O,O,O,33.3,E3820100511111,松山市,2025/1/16
257,正岡,小山集会所,松山市中西外271-1,O,O,O,A,O,5.19,E3820100351111,松山市,2025/1/16
258,正岡,北条ふれあいセンター,松山市中西外346-3,O,O,O,A,O,5.74,E3820100352111,松山市,2025/1/16
259,正岡,正岡公民館高田分館,松山市高田甲357-2,O,O,O,O,O,19.9,E3820100163111,松山市,2025/1/16
260,正岡,正岡公民館院内分館,松山市院内甲275-2,O,O,O,O,X,91.6,E3820100018111,松山市,2025/1/16
261,北条,北条コミュニティセンター,松山市北条辻6,O,O,A,A,O,3.4,E3820100577112,松山市,2025/1/16
262,北条,北条小学校,松山市北条辻64,O,O,A,A,O,3.74,E3820100579111,松山市,2025/1/16
263,北条,北条北中学校,松山市北条辻365,O,O,O,A,O,6.4,E3820100576111,松山市,2025/1/16
264,北条,北条市民会館,松山市北条辻6,O,X,A,A,O,3.28,E3820100577111,松山市,2025/1/16
265,北条,北条公民館上辻区分館,松山市北条辻332,O,O,A,A,O,3.74,E3820100575111,松山市,2025/1/16
266,北条,新開集会所,松山市北条辻805-7,X,X,X,X,O,2.58,E3820100580111,松山市,2025/1/16
267,北条,北条体育館,松山市北条辻1170-6,O,O,X,X,O,3.19,E3820100572111,松山市,2025/1/16
268,北条,北条公民館浜町区分館,松山市北条1181,O,X,X,X,O,2.35,E3820100568111,松山市,2025/1/16
269,北条,北条公民館安居島区分館,松山市安居島甲268,O,O,X,O,O,2.9,E3820100005111,松山市,2025/1/16
270,北条,北条公民館土手内区分館,松山市土手内148-1･148-2,X,X,X,X,O,3.07,E3820100405111,松山市,2025/1/16
271,北条,北条高等学校（体育館）,松山市北条辻600-1,O,O,X,X,O,3.3,E3820100578111,松山市,2025/1/16
272,北条,聖カタリナ大学（記念体育館）,松山市北条660,O,O,A,A,O,5.53,E3820100570111,松山市,2025/1/16
273,河野,河野公民館,松山市河野別府182-1,O,O,O,O,O,18.9,E3820100053111,松山市,2025/1/16
274,河野,河野小学校,松山市宮内甲9-1,O,O,O,A,O,24.1,E3820100094111,松山市,2025/1/16
275,河野,北条南中学校,松山市河野別府12,O,O,O,A,A,15.9,E3820100051111,松山市,2025/1/16
276,河野,河野公民館河野別府分館,松山市河野別府467,X,O,O,O,O,16.78,E3820100054111,松山市,2025/1/16
277,河野,北条ふるさと館,松山市河野別府995,O,O,O,O,O,8.61,E3820100057111,松山市,2025/1/16
278,河野,河野公民館府中分館,松山市府中336,X,O,O,O,O,5.58,E3820100519111,松山市,2025/1/16
279,河野,河野公民館柳原分館,松山市柳原甲144-1,O,X,X,O,O,3.21,E3820100620111,松山市,2025/1/16
280,河野,河野公民館宮内分館,松山市宮内甲59-4,O,O,O,O,O,25.7,E3820100093111,松山市,2025/1/16
281,河野,河野公民館善応寺分館,松山市善応寺71-1,O,O,O,O,O,45.8,E3820100320111,松山市,2025/1/16
282,河野,河野公民館河野高山分館,松山市河野高山甲207-1,O,O,O,O,X,73.6,E3820100048111,松山市,2025/1/16
283,河野,河野公民館佐古分館,松山市佐古甲173-1,O,O,O,O,X,36.2,E3820100172111,松山市,2025/1/16
284,河野,河野公民館片山分館,松山市片山甲163-3,O,O,O,X,O,5.99,E3820100550111,松山市,2025/1/16
285,河野,河野公民館中須賀分館,松山市河野中須賀286-1,X,X,X,X,O,2.49,E3820100049111,松山市,2025/1/16
286,河野,河野公民館夏目分館,松山市夏目甲420-1,X,O,O,O,X,16.1,E3820100044111,松山市,2025/1/16
287,粟井,粟井農村環境改善センター,松山市久保88,O,O,O,O,O,10.6,E3820100084111,松山市,2025/1/16
288,粟井,粟井小学校,松山市常竹甲100,O,O,O,O,X,15.2,E3820100251111,松山市,2025/1/16
289,粟井,粟井保育園,松山市鹿峰63-2,O,O,O,O,O,10.6,E3820100202111,松山市,2025/1/16
290,粟井,粟井公民館小川分館,松山市小川甲669-1,O,O,O,X,X,16.1,E3820100231111,松山市,2025/1/16
291,粟井,粟井公民館磯河内分館,松山市磯河内甲372-4,O,O,O,O,O,8.8,E3820100017111,松山市,2025/1/16
292,粟井,粟井公民館和田分館,松山市和田甲234-1,X,O,X,O,O,5.1,E3820100657111,松山市,2025/1/16
293,粟井,久保集会所,松山市久保167,X,O,X,X,O,3.22,E3820100082111,松山市,2025/1/16
294,粟井,粟井公民館粟井河原分館,松山市粟井河原245-3,O,X,X,O,O,2.5,E3820100003111,松山市,2025/1/16
295,粟井,粟井公民館鹿峰分館,松山市鹿峰197-2,X,O,X,X,O,2.83,E3820100201111,松山市,2025/1/16
296,粟井,粟井公民館本谷分館,松山市本谷甲343.344,O,O,O,O,X,35.7,E3820100603111,松山市,2025/1/16
297,粟井,粟井公民館常竹分館,松山市常竹甲123-1,O,O,O,O,O,17.5,E3820100252111,松山市,2025/1/16
298,粟井,粟井公民館西谷分館,松山市西谷甲381,X,O,O,O,X,57.2,E3820100295111,松山市,2025/1/16
299,粟井,粟井公民館客分館,松山市客甲344-1,O,O,O,O,X,122.9,E3820100070111,松山市,2025/1/16
300,粟井,粟井公民館麓分館,松山市麓甲407-4,O,O,O,O,O,102.8,E3820100647111,松山市,2025/1/16
301,粟井,粟井公民館小川谷分館,松山市小川谷甲74,O,O,O,O,O,70.2,E3820100232111,松山市,2025/1/16
302,睦野,睦月小学校,松山市睦月甲1068-6,O,X,A,O,A,2.8,E3820100592111,松山市,2025/1/16
303,睦野,野忽那小学校,松山市野忽那甲1540-1,O,X,X,O,X,3.3,E3820100617111,松山市,2025/1/16
304,睦野,中島公民館睦月分館,松山市睦月甲2194-1,X,X,X,O,O,2.5,E3820100593111,松山市,2025/1/16
305,睦野,中島公民館野忽那分館,松山市野忽那甲1442-6,X,X,X,O,O,2.7,E3820100616111,松山市,2025/1/16
306,東中島,中島総合文化センター,松山市中島大浦2962,O,O,O,O,A,7.9,E3820100368111,松山市,2025/1/16
307,東中島,中島小学校,松山市長師564,O,O,O,O,A,6.3,E3820100385111,松山市,2025/1/16
308,東中島,中島中学校,松山市長師817,O,O,O,O,O,9.7,E3820100386111,松山市,2025/1/16
309,東中島,中島こども園,松山市中島大浦3021-1,O,X,X,O,O,1.8,E3820100369111,松山市,2025/1/16
310,東中島,中島公民館大浦分館,松山市中島大浦1623-1,X,X,A,O,O,2.4,E3820100367111,松山市,2025/1/16
311,東中島,中島公民館小浜集会所,松山市小浜甲558,O,X,X,O,O,2.8,E3820100235111,松山市,2025/1/16
312,東中島,長師農村開発研修センター,松山市長師107-1,X,X,X,O,O,3.1,E3820100383111,松山市,2025/1/16
313,東中島,中島公民館宮野分館,松山市宮野437,X,O,A,O,A,3.4,E3820100095111,松山市,2025/1/16
314,東中島,神浦地域総合施設,松山市神浦753,O,X,X,O,O,2.8,E3820100265111,松山市,2025/1/16
315,東中島,中島ふれあいセンター,松山市小浜甲1191,O,O,O,O,X,5.8,E3820100234111,松山市,2025/1/16
316,東中島,中島Ｂ＆Ｇ海洋センター,松山市小浜甲1101-1,O,O,O,O,A,6.8,E3820100233111,松山市,2025/1/16
317,東中島,松山北高等学校中島分校（体育館）,松山市中島大浦3100-1,O,O,X,O,O,4.1,E3820100370111,松山市,2025/1/16
318,西中島,宇和間農林漁業体験実習館,松山市宇和間甲920-1,O,X,X,O,O,2.3,E3820100019111,松山市,2025/1/16
319,西中島,熊田地域総合施設,松山市熊田甲713-3,O,X,X,O,X,2.3,E3820100104111,松山市,2025/1/16
320,西中島,中島公民館吉木分館,松山市吉木甲1309-1,X,X,X,O,O,2.8,E3820100068111,松山市,2025/1/16
321,西中島,中島公民館饒分館,松山市饒甲422-2,X,X,X,O,X,2.8,E3820100662111,松山市,2025/1/16
322,西中島,畑里高齢者健康増進実習館,松山市畑里甲813,O,X,X,O,A,2.7,E3820100508111,松山市,2025/1/16
323,西中島,中島公民館粟井分館,松山市中島粟井甲1235-1,X,O,X,O,O,3,E3820100365111,松山市,2025/1/16
324,西中島,城山小学校跡,松山市中島粟井甲876,X,O,O,O,O,10.6,E3820100366111,松山市,2025/1/16
325,神和,怒和小学校,松山市元怒和甲8-2,O,X,X,O,X,3.8,E3820100118111,松山市,2025/1/16
326,神和,津和地小学校,松山市津和地1588-1,O,X,X,O,A,4.8,E3820100391111,松山市,2025/1/16
327,神和,二神小学校,松山市二神甲227,O,X,X,O,O,4.4,E3820100477111,松山市,2025/1/16
328,神和,元怒和保育所,松山市元怒和甲925-1,O,O,A,O,X,3.6,E3820100119111,松山市,2025/1/16
329,神和,津和地保育所,松山市津和地420,O,X,X,O,X,3.8,E3820100392112,松山市,2025/1/16
330,神和,中島公民館上怒和分館,松山市上怒和甲399-97,X,X,X,O,A,3.2,E3820100245111,松山市,2025/1/16
331,神和,中島公民館元怒和分館,松山市元怒和甲1809-1,X,X,X,O,O,2.4,E3820100117111,松山市,2025/1/16
332,神和,津和地多目的集会施設,松山市津和地420,O,X,X,O,X,3.7,E3820100392111,松山市,2025/1/16
333,神和,中島公民館二神分館,松山市二神甲501,X,O,X,O,X,2.9,E3820100478111,松山市,2025/1/16
334,宇和島,宇和津小学校,,O,O,NA,O,A,0,E3820300202113,宇和島市,2021/11/29
335,宇和島,宇和津幼稚園,,O,O,NA,O,X,0,E3820300202112,宇和島市,2021/11/29
336,宇和島,宇和津公民館,,O,O,NA,O,A,0,E3820300202111,宇和島市,2021/11/29
337,宇和島,野川集会所,,O,O,NA,O,X,0,E3820300204111,宇和島市,2021/11/29
338,宇和島,元愛媛県宇和島地区独身寮（旧南風寮）宇和島市大超寺奥乙50番地1,,O,O,NA,O,A,0,E3820300144111,宇和島市,2021/11/29
339,宇和島,中央公民館,,O,O,NA,O,O,0,E3820300200111,宇和島市,2021/11/29
340,宇和島,明倫公民館,,O,X,NA,A,A,0,E3820300150111,宇和島市,2021/11/29
341,宇和島,スポーツ交流センター,,O,X,NA,A,A,0,E3820300149111,宇和島市,2021/11/29
342,宇和島,城東中学校,,O,X,NA,O,O,0,E3820300139111,宇和島市,2021/11/29
343,宇和島,保手中央集会所,,O,X,NA,O,O,0,E3820300198111,宇和島市,2021/11/29
344,宇和島,保手3区集会所,,O,O,NA,O,O,0,E3820300199111,宇和島市,2021/11/29
345,宇和島,長堀集会所,,O,X,NA,O,A,0,E3820300148111,宇和島市,2021/11/29
346,宇和島,明倫小学校,,O,X,NA,O,O,0,E3820300195111,宇和島市,2021/11/29
347,宇和島,宇和島南中等教育学校,,O,X,NA,O,O,0,E3820300196111,宇和島市,2021/11/29
348,宇和島,城南中学校,,O,X,NA,O,O,0,E3820300194111,宇和島市,2021/11/29
349,宇和島,宇和島東高等学校,,O,X,NA,O,O,0,E3820300192111,宇和島市,2021/11/29
350,宇和島,鶴島公民館,,O,X,NA,O,O,0,E3820300193111,宇和島市,2021/11/29
351,宇和島,鶴島小学校,,O,X,NA,O,O,0,E3820300193112,宇和島市,2021/11/29
352,宇和島,宇和島水産高等学校,,O,X,NA,O,O,0,E3820300203111,宇和島市,2021/11/29
353,宇和島,南予文化会館,,O,X,NA,O,O,0,E3820300146111,宇和島市,2021/11/29
354,宇和島,宇和島市役所,,O,X,NA,O,O,0,E3820300132111,宇和島市,2021/11/29
355,宇和島,学習交流センター(パフィオうわじま),,O,X,NA,A,O,0,E3820300182111,宇和島市,2021/11/29
356,宇和島,天神小学校,,O,O,NA,O,A,0,E3820300013111,宇和島市,2021/11/29
357,宇和島,丸穂保育園,,O,O,NA,O,A,0,E3820300012111,宇和島市,2021/11/29
358,宇和島,済美保育園,,O,X,NA,O,A,0,E3820300010111,宇和島市,2021/11/29
359,宇和島,天神公民館,,O,O,NA,O,A,0,E3820300011111,宇和島市,2021/11/29
360,宇和島,闘牛場,,X,O,NA,O,A,0,E3820300214111,宇和島市,2021/11/29
361,宇和島,和霊小学校,,O,O,NA,O,O,0,E3820300001111,宇和島市,2021/11/29
362,宇和島,城北中学校,,O,X,NA,O,A,0,E3820300213111,宇和島市,2021/11/29
363,宇和島,和霊公民館,,O,X,NA,O,O,0,E3820300215111,宇和島市,2021/11/29
364,宇和島,宇和島看護専門学校,,O,O,NA,O,O,0,E3820300002111,宇和島市,2021/11/29
365,宇和島,柿原集会所,,O,O,NA,O,O,0,E3820300009111,宇和島市,2021/11/29
366,宇和島,住吉公民館,,O,X,NA,O,O,0,E3820300228111,宇和島市,2021/11/29
367,宇和島,住吉小学校,,O,X,NA,O,A,0,E3820300128111,宇和島市,2021/11/29
368,宇和島,みゆき保育園,,O,O,NA,O,X,0,E3820300184111,宇和島市,2021/11/29
369,宇和島,総合体育館,,O,X,NA,O,O,0,E3820300197111,宇和島市,2021/11/29
370,宇和島,総合福祉センター,,O,X,NA,O,O,0,E3820300126111,宇和島市,2021/11/29
371,宇和島,認定こども園いぶき幼稚園,,O,X,NA,O,O,0,E3820300147111,宇和島市,2021/11/29
372,宇和島,大浦自治会館,,O,X,NA,O,O,0,E3820300143111,宇和島市,2021/11/29
373,宇和島,番城小学校,,O,O,NA,O,A,0,E3820300054113,宇和島市,2021/11/29
374,宇和島,祝森公民館,,O,O,NA,O,A,0,E3820300130111,宇和島市,2021/11/29
375,宇和島,宇和島市保健センター,,O,O,NA,O,A,0,E3820300131111,宇和島市,2021/11/29
376,宇和島,番城美徳認定こども園,,O,O,NA,O,X,0,E3820300054112,宇和島市,2021/11/29
377,宇和島,番城公民館,,O,O,NA,O,A,0,E3820300054111,宇和島市,2021/11/29
378,宇和島,番城福祉会館,,O,O,NA,O,O,0,E3820300014111,宇和島市,2021/11/29
379,宇和島,宮下団地集会所,,O,X,NA,O,O,0,E3820300008111,宇和島市,2021/11/29
380,宇和島,宮下集会所,,O,X,NA,O,O,0,E3820300055111,宇和島市,2021/11/29
381,宇和島,薬師谷集会所,,X,O,NA,O,O,0,E3820300142111,宇和島市,2021/11/29
382,宇和島,九島公民館,,O,X,NA,O,A,0,E3820300191111,宇和島市,2021/11/29
383,宇和島,旧九島小学校,,O,X,NA,O,A,0,E3820300190111,宇和島市,2021/11/29
384,宇和島,九島開発総合センター,,O,X,NA,O,A,0,E3820300201111,宇和島市,2021/11/29
385,宇和島,石応公民館,,X,X,NA,O,A,0,E3820300227111,宇和島市,2021/11/29
386,宇和島,旧石応小学校,,O,X,NA,O,A,0,E3820300141111,宇和島市,2021/11/29
387,宇和島,白浜集会所,,X,X,NA,O,A,0,E3820300189111,宇和島市,2021/11/29
388,宇和島,旧小池小学校,,O,X,NA,O,A,0,E3820300134112,宇和島市,2021/11/29
389,宇和島,小池保育園,,O,O,NA,O,O,0,E3820300133111,宇和島市,2021/11/29
390,宇和島,小池公民館,,O,X,NA,O,A,0,E3820300134111,宇和島市,2021/11/29
391,宇和島,三浦小学校,,O,X,NA,O,A,0,E3820300075111,宇和島市,2021/11/29
392,宇和島,安米集会所,,O,X,NA,O,X,0,E3820300074111,宇和島市,2021/11/29
393,宇和島,三浦公民館西三浦分館,,O,O,NA,O,A,0,E3820300072111,宇和島市,2021/11/29
394,宇和島,三浦公民館,,X,X,NA,O,A,0,E3820300073111,宇和島市,2021/11/29
395,宇和島,高光小学校,,O,O,NA,O,A,0,E3820300067111,宇和島市,2021/11/29
396,宇和島,高光公民館,,O,O,NA,O,A,0,E3820300068111,宇和島市,2021/11/29
397,宇和島,下高串集会所,,X,O,NA,X,X,0,E3820300065111,宇和島市,2021/11/29
398,宇和島,本村集会所,,X,O,NA,O,X,0,E3820300071111,宇和島市,2021/11/29
399,宇和島,奥高串集会所,,X,O,NA,O,X,0,E3820300069111,宇和島市,2021/11/29
400,宇和島,江の組集会所,,O,O,NA,O,O,0,E3820300062111,宇和島市,2021/11/29
401,宇和島,上光満集会所,,X,O,NA,O,X,0,E3820300063111,宇和島市,2021/11/29
402,宇和島,家藤集会所,,O,O,NA,O,X,0,E3820300070111,宇和島市,2021/11/29
403,宇和島,徳の森集会所,,X,O,NA,O,X,0,E3820300066111,宇和島市,2021/11/29
404,宇和島,中組集会所,,O,O,NA,O,X,0,E3820300064111,宇和島市,2021/11/29
405,宇和島,新屋敷集会所,,X,O,NA,O,X,0,E3820300061111,宇和島市,2021/11/29
406,宇和島,下波公民館,,O,X,NA,O,A,0,E3820300004111,宇和島市,2021/11/29
407,宇和島,旧宇和海中学校,,X,X,NA,O,A,0,E3820300004112,宇和島市,2021/11/29
408,宇和島,結出小学校,,O,X,NA,O,A,0,E3820300005111,宇和島市,2021/11/29
409,宇和島,宇和島市役所宇和海支所,,O,X,NA,O,X,0,E3820300003111,宇和島市,2021/11/29
410,宇和島,狩津集会所,,X,X,NA,O,X,0,E3820300007111,宇和島市,2021/11/29
411,宇和島,下波西集会所,,X,X,NA,O,X,0,E3820300006111,宇和島市,2021/11/29
412,宇和島,矢の浦集会所,,X,X,NA,O,X,0,E3820300211111,宇和島市,2021/11/29
413,宇和島,遊子公民館,,O,X,NA,O,A,0,E3820300207111,宇和島市,2021/11/29
414,宇和島,遊子小学校,,O,X,NA,O,A,0,E3820300208111,宇和島市,2021/11/29
415,宇和島,魚泊集会所,,X,X,NA,O,X,0,E3820300206111,宇和島市,2021/11/29
416,宇和島,水荷浦集会所,,O,X,NA,O,A,0,E3820300205111,宇和島市,2021/11/29
417,宇和島,遊子診療所,,X,X,NA,O,X,0,E3820300209111,宇和島市,2021/11/29
418,宇和島,甘崎集会所,,O,X,NA,O,X,0,E3820300210111,宇和島市,2021/11/29
419,宇和島,高助集会所,,O,X,NA,O,X,0,E3820300137111,宇和島市,2021/11/29
420,宇和島,蒋淵小学校,,O,X,NA,O,A,0,E3820300138111,宇和島市,2021/11/29
421,宇和島,蒋淵公民館,,O,X,NA,O,A,0,E3820300135111,宇和島市,2021/11/29
422,宇和島,矢ヶ浜集会所,,X,X,NA,O,X,0,E3820300136111,宇和島市,2021/11/29
423,宇和島,戸島公民館,,O,X,NA,O,A,0,E3820300056111,宇和島市,2021/11/29
424,宇和島,戸島小学校,,O,X,NA,O,A,0,E3820300058111,宇和島市,2021/11/29
425,宇和島,本浦集会所,,O,X,NA,O,X,0,E3820300057111,宇和島市,2021/11/29
426,宇和島,嘉島小学校,,O,X,NA,O,O,0,E3820300059111,宇和島市,2021/11/29
427,宇和島,日振島小学校,,O,X,NA,O,A,0,E3820300186111,宇和島市,2021/11/29
428,宇和島,日振島公民館,,O,X,NA,O,A,0,E3820300185111,宇和島市,2021/11/29
429,宇和島,能登集会所,,X,X,NA,O,X,0,E3820300188111,宇和島市,2021/11/29
430,宇和島,喜路集会所,,X,X,NA,O,X,0,E3820300187111,宇和島市,2021/11/29
431,宇和島,吉田公民館,,O,X,NA,A,O,0,E3820300032111,宇和島市,2021/11/29
432,宇和島,吉田高等学校,,O,X,NA,X,O,0,E3820300039111,宇和島市,2021/11/29
433,宇和島,吉田中学校,,O,X,NA,X,O,0,E3820300030111,宇和島市,2021/11/29
434,宇和島,吉田小学校,,O,X,NA,O,A,0,E3820300050111,宇和島市,2021/11/29
435,宇和島,ふれあい運動公園,,O,O,NA,O,A,0,E3820300029111,宇和島市,2021/11/29
436,宇和島,知永集会所,,X,X,NA,O,A,0,E3820300028111,宇和島市,2021/11/29
437,宇和島,川口集会所,,X,X,NA,O,O,0,E3820300051111,宇和島市,2021/11/29
438,宇和島,西小路集会所,,O,X,NA,A,O,0,E3820300025111,宇和島市,2021/11/29
439,宇和島,浅川集会所,,X,X,NA,O,O,0,E3820300027111,宇和島市,2021/11/29
440,宇和島,奥南公民館,,X,X,NA,O,A,0,E3820300015111,宇和島市,2021/11/29
441,宇和島,奥南小学校,,O,X,NA,O,A,0,E3820300017111,宇和島市,2021/11/29
442,宇和島,喜佐方公民館,,X,X,NA,X,A,0,E3820300022111,宇和島市,2021/11/29
443,宇和島,喜佐方小学校,,O,O,NA,X,A,0,E3820300019111,宇和島市,2021/11/29
444,宇和島,玉津公民館,,X,X,NA,O,A,0,E3820300038111,宇和島市,2021/11/29
445,宇和島,玉津小学校,,O,X,NA,O,A,0,E3820300037111,宇和島市,2021/11/29
446,宇和島,浜集会所,,X,X,NA,O,O,0,E3820300036111,宇和島市,2021/11/29
447,宇和島,立間公民館,,X,O,NA,X,A,0,E3820300045111,宇和島市,2021/11/29
448,宇和島,立間小学校,,O,O,NA,X,A,0,E3820300043111,宇和島市,2021/11/29
449,宇和島,えひめ南農協立間中央支所,,X,O,NA,A,O,0,E3820300046111,宇和島市,2021/11/29
450,宇和島,屋敷集会所,,X,O,NA,O,X,0,E3820300048111,宇和島市,2021/11/29
451,宇和島,是能集会所,,X,O,NA,O,O,0,E3820300101111,宇和島市,2021/11/29
452,宇和島,曽根集会所,,O,O,NA,O,O,0,E3820300105111,宇和島市,2021/11/29
453,宇和島,成家集会所,,X,O,NA,O,X,0,E3820300103111,宇和島市,2021/11/29
454,宇和島,成妙小学校,,O,O,NA,O,A,0,E3820300102111,宇和島市,2021/11/29
455,宇和島,則集会所,,X,O,NA,O,O,0,E3820300107111,宇和島市,2021/11/29
456,宇和島,大藤集会所,,O,O,NA,O,O,0,E3820300108111,宇和島市,2021/11/29
457,宇和島,三間基幹集落センター,,X,O,NA,O,O,0,E3820300109111,宇和島市,2021/11/29
458,宇和島,コスモスタウン集会所,,O,O,NA,O,O,0,E3820300100111,宇和島市,2021/11/29
459,宇和島,黒井地集会所,,O,O,NA,O,O,0,E3820300094111,宇和島市,2021/11/29
460,宇和島,黒井地教育集会所,,O,O,NA,O,O,0,E3820300095111,宇和島市,2021/11/29
461,宇和島,戸雁集会所,,X,O,NA,O,O,0,E3820300091111,宇和島市,2021/11/29
462,宇和島,北宇和高等学校三間分校,,O,O,NA,O,O,0,E3820300092111,宇和島市,2021/11/29
463,宇和島,国民体育館,,X,O,NA,O,O,0,E3820300088111,宇和島市,2021/11/29
464,宇和島,三間認定こども園,,X,O,NA,O,O,0,E3820300090111,宇和島市,2021/11/29
465,宇和島,三間小学校,,O,O,NA,O,O,0,E3820300079111,宇和島市,2021/11/29
466,宇和島,三間中学校,,O,O,NA,O,O,0,E3820300089111,宇和島市,2021/11/29
467,宇和島,三間公民館,,O,O,NA,O,O,0,E3820300080111,宇和島市,2021/11/29
468,宇和島,宮野下村集会所,,X,O,NA,O,O,0,E3820300081111,宇和島市,2021/11/29
469,宇和島,北増穂集会所,,X,O,NA,O,O,0,E3820300122111,宇和島市,2021/11/29
470,宇和島,小沢川集会所,,O,O,NA,O,O,0,E3820300098111,宇和島市,2021/11/29
471,宇和島,川之内集会所,,X,O,NA,O,A,0,E3820300104111,宇和島市,2021/11/29
472,宇和島,元宗集会所,,X,O,NA,O,O,0,E3820300084111,宇和島市,2021/11/29
473,宇和島,もみの木（旧三間幼稚園）,,O,O,NA,O,O,0,E3820300085111,宇和島市,2021/11/29
474,宇和島,増田集会所,,O,O,NA,O,O,0,E3820300106111,宇和島市,2021/11/29
475,宇和島,土居中集会所,,X,O,NA,O,X,0,E3820300115111,宇和島市,2021/11/29
476,宇和島,迫目集会所,,X,O,NA,O,O,0,E3820300118111,宇和島市,2021/11/29
477,宇和島,コスモスホール三間,,O,O,NA,O,O,0,E3820300121111,宇和島市,2021/11/29
478,宇和島,ふれあい交流館,,X,O,NA,O,O,0,E3820300120111,宇和島市,2021/11/29
479,宇和島,務田迫目組集会所,,X,O,NA,O,X,0,E3820300125111,宇和島市,2021/11/29
480,宇和島,務田集会所,,X,O,NA,X,O,0,E3820300124111,宇和島市,2021/11/29
481,宇和島,三間町隣保館,,X,O,NA,X,O,0,E3820300123111,宇和島市,2021/11/29
482,宇和島,三間保健福祉センター,,O,O,NA,O,O,0,E3820300119111,宇和島市,2021/11/29
483,宇和島,中野中集会所,,O,O,NA,O,O,0,E3820300112111,宇和島市,2021/11/29
484,宇和島,波岡集会所,,X,O,NA,O,O,0,E3820300117111,宇和島市,2021/11/29
485,宇和島,波岡上集会所,,O,O,NA,O,O,0,E3820300116111,宇和島市,2021/11/29
486,宇和島,田川集会所,,O,O,NA,O,X,0,E3820300113111,宇和島市,2021/11/29
487,宇和島,金銅集会所,,X,O,NA,O,O,0,E3820300082111,宇和島市,2021/11/29
488,宇和島,土居垣内集会所,,O,O,NA,X,X,0,E3820300114111,宇和島市,2021/11/29
489,宇和島,古藤田集会所,,O,O,NA,O,X,0,E3820300086111,宇和島市,2021/11/29
490,宇和島,高齢者コミュニティセンター,,X,O,NA,O,X,0,E3820300087111,宇和島市,2021/11/29
491,宇和島,大内集会所,,O,O,NA,O,X,0,E3820300111111,宇和島市,2021/11/29
492,宇和島,二名小学校,,O,O,NA,O,O,0,E3820300110111,宇和島市,2021/11/29
493,宇和島,是延集会所,,O,O,NA,O,O,0,E3820300099111,宇和島市,2021/11/29
494,宇和島,兼近集会所,,X,O,NA,O,O,0,E3820300083111,宇和島市,2021/11/29
495,宇和島,三間中間集会所,,X,O,NA,O,X,0,E3820300097111,宇和島市,2021/11/29
496,宇和島,黒川集会所,,O,O,NA,O,X,0,E3820300096111,宇和島市,2021/11/29
497,宇和島,音地集会所,,O,O,NA,O,X,0,E3820300076111,宇和島市,2021/11/29
498,宇和島,告森消防詰所,,X,O,NA,O,X,0,E3820300077111,宇和島市,2021/11/29
499,宇和島,岩松公民館,,O,X,NA,X,O,0,E3820300157111,宇和島市,2021/11/29
500,宇和島,勤労者体育センター,,O,X,NA,X,O,0,E3820300164111,宇和島市,2021/11/29
501,宇和島,岩松小学校,,O,X,NA,X,O,0,E3820300155111,宇和島市,2021/11/29
502,宇和島,津島中学校,,O,X,NA,X,O,0,E3820300165111,宇和島市,2021/11/29
503,宇和島,宇和島東高等学校津島分校,,O,O,NA,A,A,0,E3820300163111,宇和島市,2021/11/29
504,宇和島,下谷集会所,,X,O,NA,O,O,0,E3820300162111,宇和島市,2021/11/29
505,宇和島,白鷺集会所,,O,X,NA,O,O,0,E3820300160111,宇和島市,2021/11/29
506,宇和島,清満公民館,,O,O,NA,X,A,0,E3820300159111,宇和島市,2021/11/29
507,宇和島,清満小学校,,O,O,NA,X,A,0,E3820300158111,宇和島市,2021/11/29
508,宇和島,御槇休養村管理センター（御槇公民館）,,X,O,NA,O,A,0,E3820300161111,宇和島市,2021/11/29
509,宇和島,御槇小学校,,O,O,NA,O,A,0,E3820300178111,宇和島市,2021/11/29
510,宇和島,上槙集会所,,O,O,NA,O,O,0,E3820300154111,宇和島市,2021/11/29
511,宇和島,畑地コミュニティーセンター（畑地公民館）,,O,O,NA,A,A,0,E3820300167111,宇和島市,2021/11/29
512,宇和島,畑地小学校,,O,O,NA,A,O,0,E3820300169111,宇和島市,2021/11/29
513,宇和島,三島集会所,,O,O,NA,O,A,0,E3820300168111,宇和島市,2021/11/29
514,宇和島,下灘公民館,,O,X,NA,O,A,0,E3820300179111,宇和島市,2021/11/29
515,宇和島,下灘小学校,,O,X,NA,O,A,0,E3820300181111,宇和島市,2021/11/29
516,宇和島,旧曽根小学校,,O,X,NA,O,A,0,E3820300180111,宇和島市,2021/11/29
517,宇和島,旧浦知小学校,,O,X,NA,O,A,0,E3820300151111,宇和島市,2021/11/29
518,宇和島,浦知集会所,,X,X,NA,O,O,0,E3820300152111,宇和島市,2021/11/29
519,宇和島,旧由良小学校,,O,X,NA,O,A,0,E3820300171111,宇和島市,2021/11/29
520,宇和島,旧由良小学校平井分校,,O,X,NA,O,A,0,E3820300173111,宇和島市,2021/11/29
521,宇和島,旧由良小学校須下分校,,O,X,NA,O,A,0,E3820300170111,宇和島市,2021/11/29
522,宇和島,竹ヶ島小学校,,O,X,NA,O,A,0,E3820300221111,宇和島市,2021/11/29
523,宇和島,北灘公民館,,O,X,NA,O,A,0,E3820300225111,宇和島市,2021/11/29
524,宇和島,北灘小学校,,O,X,NA,O,A,0,E3820300174111,宇和島市,2021/11/29
525,宇和島,木浦松集会所,,X,X,NA,O,O,0,E3820300175111,宇和島市,2021/11/29
526,宇和島,旧南部小学校,,O,X,NA,O,A,0,E3820300177111,宇和島市,2021/11/29
527,砥部,ひろた交流センター,,O,NA,O,O,O,0,E3840200027111,砥部,2025/1/6
528,砥部,宮内小学校,,O,NA,O,O,O,0,E3840200005111,砥部,2025/1/6
529,砥部,峡の館,,O,NA,O,O,O,0,E3840200021111,砥部,2025/1/6
530,砥部,玉谷集会所,,O,NA,O,O,X,0,E3840200006111,砥部,2025/1/6
531,砥部,玉谷町民体育館,,O,NA,O,O,X,0,E3840200039111,砥部,2025/1/6
532,砥部,県立医療技術大学,,O,NA,O,X,O,0,E3840200012111,砥部,2025/1/6
533,砥部,広田小学校,,O,NA,O,O,X,0,E3840200022111,砥部,2025/1/6
534,砥部,広田老人憩いの家,,O,NA,O,O,O,0,E3840200024111,砥部,2025/1/6
535,砥部,高市町民体育館,,O,NA,O,O,X,0,E3840200010111,砥部,2025/1/6
536,砥部,高齢者生活福祉センター,,O,NA,O,O,O,0,E3840200025111,砥部,2025/1/6
537,砥部,山村留学センター,,O,NA,O,O,X,0,E3840200011111,砥部,2025/1/6
538,砥部,篠谷集会所,,O,NA,O,O,O,0,E3840200037111,砥部,2025/1/6
539,砥部,重光集会所,,O,NA,O,O,O,0,E3840200017111,砥部,2025/1/6
540,砥部,松山南高校砥部分校,,O,NA,O,O,O,0,E3840200002111,砥部,2025/1/6
541,砥部,総合福祉センターはらまち,,O,NA,O,O,O,0,E3840200009111,砥部,2025/1/6
542,砥部,大平集会所,,O,NA,O,O,O,0,E3840200032111,砥部,2025/1/6
543,砥部,田ノ浦集会所,,O,NA,O,O,O,0,E3840200033111,砥部,2025/1/6
544,砥部,砥部小学校,,O,NA,O,O,O,0,E3840200028111,砥部,2025/1/6
545,砥部,砥部中学校,,O,NA,O,O,O,0,E3840200019111,砥部,2025/1/6
546,砥部,砥部町商工会館,,O,NA,O,O,O,0,E3840200030111,砥部,2025/1/6
547,砥部,陶街道ゆとり公園,,O,NA,O,O,O,0,E3840200018111,砥部,2025/1/6
548,砥部,八倉集会所,,O,NA,O,O,O,0,E3840200034111,砥部,2025/1/6
549,砥部,文化会館,,O,NA,O,O,O,0,E3840200004111,砥部,2025/1/6
550,砥部,保健センター,,O,NA,O,O,O,0,E3840200003111,砥部,2025/1/6
551,砥部,麻生小学校,,O,NA,O,O,O,0,E3840200013111,砥部,2025/1/6
552,砥部,麻生保育所,,O,NA,O,O,O,0,E3840200036111,砥部,2025/1/6
553,砥部,老人生きがいの家,,O,NA,O,O,O,0,E3840200014111,砥部,2025/1/6
554,伊予,ウェルピア伊予 ,,O,O,O,O,O,0,E3821000003111,伊予,2024/6/4
555,伊予,さざなみ館 ,,O,O,O,O,O,0,E3821000049111,伊予,2024/6/4
556,伊予,しもなだ体育館 ,,O,O,O,O,O,0,E3821000017111,伊予,2024/6/4
557,伊予,じゅらく生きがい活動センター,,O,O,O,O,O,0,E3821000002111,伊予,2024/6/4
558,伊予,ふたみ農林漁業者トレーニングセンター,,O,O,O,O,O,0,E3821000024111,伊予,2024/6/4
559,伊予,ふたみ林業センター,,O,O,O,O,O,0,E3821000025111,伊予,2024/6/4
560,伊予,愛媛県農林水産研究所水産研究センター栽培資源研究所 ,,O,O,O,O,O,0,E3821000012111,伊予,2024/6/4
561,伊予,伊予市総合保健福祉センター,,O,O,O,O,O,0,E3821000047111,伊予,2024/6/4
562,伊予,伊予市民体育館 ,,O,O,O,O,O,0,E3821000014111,伊予,2024/6/4
563,伊予,伊予小学校 ,,O,O,O,O,O,0,E3821000008111,伊予,2024/6/4
564,伊予,伊予中学校 ,,O,O,O,O,O,0,E3821000009111,伊予,2024/6/4
565,伊予,伊予農業高等学校 ,,O,O,O,O,O,0,E3821000001111,伊予,2024/6/4
566,伊予,永木構造改善センター,,O,O,O,O,O,0,E3821000040111,伊予,2024/6/4
567,伊予,永木体育館 ,,O,O,O,O,O,0,E3821000038111,伊予,2024/6/4
568,伊予,下灘コミュニティセンター,,O,O,O,O,O,0,E3821000018111,伊予,2024/6/4
569,伊予,下灘小学校 ,,O,O,O,O,O,0,E3821000015111,伊予,2024/6/4
570,伊予,宮下集会所 ,,O,O,O,O,O,0,E3821000006111,伊予,2024/6/4
571,伊予,郡中小学校 ,,O,O,O,O,O,0,E3821000007111,伊予,2024/6/4
572,伊予,郡中地区公民館 ,,O,O,O,O,O,0,E3821000044111,伊予,2024/6/4
573,伊予,港南中学校 ,,O,O,O,O,O,0,E3821000048111,伊予,2024/6/4
574,伊予,佐礼谷小学校 ,,O,O,O,O,O,0,E3821000031111,伊予,2024/6/4
575,伊予,佐礼谷生活改善センター,,O,O,O,O,O,0,E3821000029111,伊予,2024/6/4
576,伊予,彩浜館 ,,O,O,O,O,O,0,E3821000043111,伊予,2024/6/4
577,伊予,上野地区公民館 ,,O,O,O,O,O,0,E3821000010111,伊予,2024/6/4
578,伊予,翠小学校 ,,O,O,O,O,O,0,E3821000021111,伊予,2024/6/4
579,伊予,双海中学校 ,,O,O,O,O,O,0,E3821000023111,伊予,2024/6/4
580,伊予,大平地区公民館 ,,O,O,O,O,O,0,E3821000026111,伊予,2024/6/4
581,伊予,中山コミュニティセンター,,O,O,O,O,O,0,E3821000036111,伊予,2024/6/4
582,伊予,中山小学校 ,,O,O,O,O,O,0,E3821000032111,伊予,2024/6/4
583,伊予,中山中学校 ,,O,O,O,O,O,0,E3821000033111,伊予,2024/6/4
584,伊予,中村地区公民館 ,,O,O,O,O,O,0,E3821000042111,伊予,2024/6/4
585,伊予,長沢体育館 ,,O,O,O,O,O,0,E3821000030111,伊予,2024/6/4
586,伊予,唐川ふれあい館 ,,O,O,O,O,O,0,E3821000004111,伊予,2024/6/4
587,伊予,南山崎小学校 ,,O,O,O,O,O,0,E3821000028111,伊予,2024/6/4
588,伊予,八倉中央集会所 ,,O,O,O,O,O,0,E3821000045111,伊予,2024/6/4
589,伊予,扶桑会館 ,,O,O,O,O,O,0,E3821000011111,伊予,2024/6/4
590,伊予,北山崎小学校 ,,O,O,O,O,O,0,E3821000041111,伊予,2024/6/4
591,伊予,野中構造改善センター,,O,O,O,O,O,0,E3821000035111,伊予,2024/6/4
592,伊予,野中体育館 ,,O,O,O,O,O,0,E3821000034111,伊予,2024/6/4
593,伊予,由並小学校 ,,O,O,O,O,O,0,E3821000019111,伊予,2024/6/4
594,伊予,緑風館 ,,O,O,O,O,O,0,E3821000027111,伊予,2024/6/4
595,松前,伊予高等学校,,O,O,O,O,O,0,E3840100020111,松前,2023/10/3
596,松前,岡田小学校,,O,O,O,O,O,0,E3840100006111,松前,2023/10/3
597,松前,岡田中学校,,O,O,O,O,O,0,E3840100001111,松前,2023/10/3
598,松前,松前公園,,O,O,O,O,O,0,E3840100015111,松前,2023/10/3
599,松前,松前小学校,,O,O,O,O,O,0,E3840100012111,松前,2023/10/3
600,松前,松前中学校,,O,O,O,O,O,0,E3840100019111,松前,2023/10/3
601,松前,松前町国体記念ホッケー公園,,O,O,O,O,O,0,E3840100010111,松前,2023/10/3
602,松前,北伊予小学校,,O,O,O,O,O,0,E3840100002111,松前,2023/10/3
603,松前,北伊予中学校,,O,O,O,O,O,0,E3840100003111,松前,2023/10/3
604,久万,B&G海洋センター,,O,NA,O,O,O,0,E3838600023111,久万高原,2021/3/1
605,面河,おもご高齢者生活支援ハウス,,NA,NA,NA,NA,NA,0,E3838600010121,久万高原,2021/3/1
606,久万,ささゆり荘,,NA,NA,NA,NA,NA,0,E3838600024121,久万高原,2021/3/1
607,久万,サマリアの家,,NA,NA,NA,NA,NA,0,E3838600021121,久万高原,2021/3/1
608,久万,シオンの家,,NA,NA,NA,NA,NA,0,E3838600020122,久万高原,2021/3/1
609,久万,ぶどうの樹,,NA,NA,NA,NA,NA,0,E3838600020121,久万高原,2021/3/1
610,久万,ふるさと旅行村,,O,NA,O,O,O,0,E3838600001111,久万高原,2021/3/1
611,久万,ほたる交流館,,O,NA,O,O,O,0,E3838600043111,久万高原,2021/3/1
612,久万,メサイア ,,NA,NA,NA,NA,NA,0,E3838600020123,久万高原,2021/3/1
613,柳谷,旭健康増進センター,,O,NA,O,O,O,0,E3838600034111,久万高原,2021/3/1
614,柳谷,下四組集会所,,O,NA,O,O,O,0,E3838600027111,久万高原,2021/3/1
615,久万,下直瀬ふれあい館,,O,NA,O,O,O,0,E3838600038111,久万高原,2021/3/1
616,面河,笠方分館,,O,NA,O,O,O,0,E3838600002111,久万高原,2021/3/1
617,久万,久万の里,,NA,NA,NA,NA,NA,0,E3838600025121,久万高原,2021/3/1
618,久万,久万小学校 ,,O,NA,O,O,O,0,E3838600022111,久万高原,2021/3/1
619,久万,久万中学校,,O,NA,O,O,O,0,E3838600006111,久万高原,2021/3/1
620,久万,久万町民館,,O,NA,O,O,O,0,E3838600004112,久万高原,2021/3/1
621,久万,久万分館 ,,O,NA,O,O,O,0,E3838600005111,久万高原,2021/3/1
622,柳谷,古味多目的施設 ,,O,NA,O,O,O,0,E3838600028111,久万高原,2021/3/1
623,美川,黒藤川分館,,O,NA,O,O,O,0,E3838600007111,久万高原,2021/3/1
624,久万,産業文化会館,,O,NA,O,O,O,0,E3838600004111,久万高原,2021/3/1
625,美川,仕七川小学校,,O,NA,O,O,O,0,E3838600039111,久万高原,2021/3/1
626,美川,社会福祉協議会本所,,NA,NA,NA,NA,NA,0,E3838600015121,久万高原,2021/3/1
627,面河,若山分館,,O,NA,O,O,O,0,E3838600009111,久万高原,2021/3/1
628,久万,松山市農協久万支所,,O,NA,O,O,O,0,E3838600003111,久万高原,2021/3/1
629,久万,上浮穴高等学校,,O,NA,O,O,O,0,E3838600019111,久万高原,2021/3/1
630,面河,城山分館 ,,O,NA,O,O,O,0,E3838600047111,久万高原,2021/3/1
631,柳谷,西谷分館 ,,O,NA,O,O,O,0,E3838600026111,久万高原,2021/3/1
632,面河,前組分館,,O,NA,O,O,O,0,E3838600030111,久万高原,2021/3/1
633,久万,創作館 ,,O,NA,O,O,O,0,E3838600029111,久万高原,2021/3/1
634,面河,相の峰分館,,O,NA,O,O,O,0,E3838600031111,久万高原,2021/3/1
635,面河,中組分館 ,,O,NA,O,O,O,0,E3838600033111,久万高原,2021/3/1
636,柳谷,中津分館,,O,NA,O,O,O,0,E3838600035111,久万高原,2021/3/1
637,久万,直瀬住民センター ,,O,NA,O,O,O,0,E3838600036111,久万高原,2021/3/1
638,久万,直瀬小学校 ,,O,NA,O,O,O,0,E3838600037111,久万高原,2021/3/1
639,美川,東川健康増進センター,,O,NA,O,O,O,0,E3838600040111,久万高原,2021/3/1
640,美川,道の駅「みかわ」 ,,O,NA,O,O,O,0,E3838600013111,久万高原,2021/3/1
641,美川,二箆分館 ,,O,NA,O,O,O,0,E3838600008111,久万高原,2021/3/1
642,久万,二名体育館,,O,NA,O,O,O,0,E3838600042111,久万高原,2021/3/1
643,久万,入野福祉館 ,,O,NA,O,O,O,0,E3838600046111,久万高原,2021/3/1
644,久万,畑野川小学校,,O,NA,O,O,O,0,E3838600017111,久万高原,2021/3/1
645,美川,美川小学校,,O,NA,O,O,O,0,E3838600032111,久万高原,2021/3/1
646,美川,美川中学校,,O,NA,O,O,O,0,E3838600014111,久万高原,2021/3/1
647,美川,美川南分館,,O,NA,O,O,O,0,E3838600044111,久万高原,2021/3/1
648,美川,美川農村環境改善センター ,,O,NA,O,O,O,0,E3838600016111,久万高原,2021/3/1
649,久万,父二峰小学校,,O,NA,O,O,O,0,E3838600052111,久万高原,2021/3/1
650,久万,明神小学校 ,,O,NA,O,O,O,0,E3838600041111,久万高原,2021/3/1
651,面河,面河住民センター ,,O,NA,O,O,O,0,E3838600012111,久万高原,2021/3/1
652,面河,面河小学校,,O,NA,O,O,O,0,E3838600011111,久万高原,2021/3/1
653,久万,野尻分館 ,,O,NA,O,O,O,0,E3838600018111,久万高原,2021/3/1
654,柳谷,柳井川集会所,,O,NA,O,O,O,0,E3838600049111,久万高原,2021/3/1
655,柳谷,柳谷小学校,,O,NA,O,O,O,0,E3838600048111,久万高原,2021/3/1
656,久万,落合ふれあい館,,O,NA,O,O,O,0,E3838600051111,久万高原,2021/3/1
657,城辺,あいなん幼稚園・南楽荘（旧深浦小学校（体育館））,,O,O,O,O,O,0,E3850600117111,愛南,2020/3/2
658,内海,愛南町役場内海支所（DE・あ・い･21）,,X,X,X,O,O,0,E3850600188111,愛南,2020/3/2
659,一本松,一本松あけぼの荘 ,,O,O,O,X,X,0,E3850600147111,愛南,2020/3/2
660,一本松,一本松ふるさと生活館,,O,O,O,X,X,0,E3850600235111,愛南,2020/3/2
661,一本松,一本松交流促進センター,,O,O,O,O,O,0,E3850600146111,愛南,2020/3/2
662,一本松,一本松山村開発センター（一本松公民館）,,O,O,O,O,O,0,E3850600236111,愛南,2020/3/2
663,一本松,一本松小学校（体育館） ,,O,O,O,O,O,0,E3850600237111,愛南,2020/3/2
664,一本松,一本松保健センター,,O,O,O,X,X,0,E3850600003111,愛南,2020/3/2
665,内海,家串小学校（体育館） ,,X,X,X,O,O,0,E3850600011111,愛南,2020/3/2
666,城辺,久良ふるさとセンター（久良公民館） ,,X,X,X,O,O,0,E3850600040111,愛南,2020/3/2
667,城辺,久良小学校（体育館）,,O,O,O,O,O,0,E3850600038111,愛南,2020/3/2
668,御荘,旧菊川小学校（教育教室棟） ,,O,O,O,X,X,0,E3850600062111,愛南,2020/3/2
669,御荘,旧菊川小学校（体育館） ,,O,O,O,O,O,0,E3850600062112,愛南,2020/3/2
670,御荘,旧御荘学校給食センター ,,O,O,O,X,X,0,E3850600097111,愛南,2020/3/2
671,西海,旧西浦小学校（体育館）,,X,X,X,O,O,0,E3850600181111,愛南,2020/3/2
672,西海,旧西海中学校（教室棟）,,O,O,O,X,X,0,E3850600137111,愛南,2020/3/2
673,西海,旧西海中学校（体育館）,,O,O,O,O,O,0,E3850600137112,愛南,2020/3/2
674,御荘,旧赤水小学校（体育館）,,X,X,X,O,O,0,E3850600134111,愛南,2020/3/2
675,御荘,旧中浦小学校（体育館）,,X,X,X,O,O,0,E3850600163111,愛南,2020/3/2
676,城辺,旧東海小学校（体育館） ,,X,X,X,O,O,0,E3850600031111,愛南,2020/3/2
677,一本松,旧満倉小学校（体育館） ,,O,O,O,O,O,0,E3850600105112,愛南,2020/3/2
678,一本松,旧満倉小学校教室棟,,O,O,O,X,X,0,E3850600105111,愛南,2020/3/2
679,内海,魚神山公民館分館 ,,X,X,X,O,O,0,E3850600058111,愛南,2020/3/2
680,御荘,御荘中学校（体育館）,,X,X,X,O,O,0,E3850600088111,愛南,2020/3/2
681,御荘,御荘農村研修センター（菊川公民館）,,O,O,O,X,X,0,E3850600063111,愛南,2020/3/2
682,御荘,御荘文化センター,,X,X,X,O,O,0,E3850600084111,愛南,2020/3/2
683,一本松,広見コミュニティセンター,,O,O,O,X,X,0,E3850600098111,愛南,2020/3/2
684,城辺,山出憩いの里温泉,,O,O,O,X,X,0,E3850600230111,愛南,2020/3/2
685,一本松,篠山小中学校（体育館）,,O,O,O,O,O,0,E3850600129111,愛南,2020/3/2
686,一本松,上大道集会所（上大道公民館）,,X,X,X,X,X,0,E3850600006121,愛南,2020/3/2
687,城辺,城の辺学習館,,O,O,O,O,O,0,E3850600109111,愛南,2020/3/2
688,城辺,城辺小学校（体育館） ,,O,O,O,O,O,0,E3850600111112,愛南,2020/3/2
689,城辺,城辺中学校（体育館） ,,O,O,O,O,O,0,E3850600111111,愛南,2020/3/2
690,城辺,深浦公民館,,X,X,X,O,O,0,E3850600116111,愛南,2020/3/2
691,西海,西海町民会館（西海公民館）,,X,X,X,O,O,0,E3850600138111,愛南,2020/3/2
692,西海,西海保健福祉センター,,O,O,O,O,O,0,E3850600022111,愛南,2020/3/2
693,西海,船越小学校（体育館）,,O,O,O,O,O,0,E3850600139111,愛南,2020/3/2
694,城辺,僧都ふれあい交流館（僧都公民館） ,,O,O,O,O,O,0,E3850600144111,愛南,2020/3/2
695,城辺,僧都小学校（体育館） ,,O,O,O,O,O,0,E3850600143111,愛南,2020/3/2
696,一本松,増田コミュニティセンター,,O,O,O,X,X,0,E3850600145111,愛南,2020/3/2
697,城辺,大森文化会館 ,,O,O,O,O,O,0,E3850600112111,愛南,2020/3/2
698,御荘,中浦漁村振興センター（中浦公民館）,,X,X,X,O,O,0,E3850600166111,愛南,2020/3/2
699,一本松,中川コミュニティセンター ,,O,O,O,X,X,0,E3850600173111,愛南,2020/3/2
700,御荘,長月小学校体育館（長月公民館）,,O,O,O,O,O,0,E3850600069111,愛南,2020/3/2
701,城辺,東海公民館 ,,X,X,X,O,O,0,E3850600025111,愛南,2020/3/2
702,城辺,東海公民館中玉分館,,X,X,X,O,O,0,E3850600168111,愛南,2020/3/2
703,内海,内海中学校（体育館）,,X,X,X,O,O,0,E3850600126111,愛南,2020/3/2
704,御荘,南宇和高校体育館 ,,O,O,O,X,X,0,E3850600086111,愛南,2020/3/2
705,御荘,南宇和高校第３教棟 ,,O,O,O,X,X,0,E3850600086112,愛南,2020/3/2
706,内海,柏小学校（体育館） ,,X,X,X,O,O,0,E3850600189111,愛南,2020/3/2
707,西海,福浦公民館,,X,X,X,O,O,0,E3850600206111,愛南,2020/3/2
708,西海,福浦公民館武者泊分館,,X,X,X,O,O,0,E3850600197111,愛南,2020/3/2
709,西海,福浦小学校（体育館） ,,X,X,X,O,O,0,E3850600203111,愛南,2020/3/2
710,御荘,平城小学校（体育館）,,O,O,O,O,O,0,E3850600079111,愛南,2020/3/2
711,城辺,緑基幹集落センター（緑公民館） ,,O,O,O,O,O,0,E3850600228111,愛南,2020/3/2
712,城辺,緑小学校（体育館）,,O,O,O,O,O,0,E3850600229111,愛南,2020/3/2
713,伊方,伊方ｽﾎﾟｰﾂｾﾝﾀｰ 湊浦,,O,X,X,O,O,0,E3844200037111,伊方,2017/1/16
714,伊方,伊方小学校 湊浦,,O,X,X,O,O,0,E3844200041112,伊方,2017/1/16
715,伊方,伊方小学校体育館,,O,X,X,O,O,0,E3844200041111,伊方,2017/1/16
716,伊方,伊方中学校,,O,X,X,O,O,0,E3844200037114,伊方,2017/1/16
717,伊方,伊方中学校体育館 ,,O,X,X,O,O,0,E3844200037113,伊方,2017/1/16
718,伊方,伊方町地域振興ｾﾝﾀｰ ,,O,O,O,O,O,0,E3844200023111,伊方,2017/1/16
719,伊方,伊方町中央保健ｾﾝﾀｰ ,,O,X,X,O,O,0,E3844200039112,伊方,2017/1/16
720,伊方,伊方町民会館（防護施設を含む）,,O,O,O,O,O,0,E3844200036111,伊方,2017/1/16
721,伊方,伊方武道館 ,,O,X,X,O,O,0,E3844200037112,伊方,2017/1/16
722,三崎,旧佐田岬小学校,,O,O,O,X,X,0,E3844200008111,伊方,2017/1/16
723,三崎,旧二名津小学校 ,,O,O,O,X,X,0,E3844200032111,伊方,2017/1/16
724,伊方,九町小学校,,O,X,X,X,X,0,E3844200003112,伊方,2017/1/16
725,伊方,九町小学校体育館,,O,X,X,X,X,0,E3844200003111,伊方,2017/1/16
726,三崎,串地区体育館 ,,O,X,X,X,X,0,E3844200007111,伊方,2017/1/16
727,瀬戸,三机小学校,,O,O,O,X,X,0,E3844200012111,伊方,2017/1/16
728,瀬戸,三机地区体育館 ,,O,O,O,X,X,0,E3844200011111,伊方,2017/1/16
729,三崎,三崎公民館二名津分館 ,,X,O,O,X,X,0,E3844200033112,伊方,2017/1/16
730,三崎,三崎高等学校 ,,O,O,O,O,O,0,E3844200017112,伊方,2017/1/16
731,三崎,三崎高等学校体育館 ,,O,O,O,O,O,0,E3844200017111,伊方,2017/1/16
732,三崎,三崎小学校 ,,O,X,X,X,X,0,E3844200019111,伊方,2017/1/16
733,三崎,三崎小中学校体育館,,O,X,X,X,X,0,E3844200019112,伊方,2017/1/16
734,三崎,三崎総合体育館 ,,O,X,X,X,X,0,E3844200018111,伊方,2017/1/16
735,三崎,三崎中学校 ,,O,X,X,X,X,0,E3844200020111,伊方,2017/1/16
736,三崎,三崎保健福祉ｾﾝﾀｰ（三崎デイサービスセンター）,,O,X,X,X,X,0,E3844200015112,伊方,2017/1/16
737,瀬戸,四ツ浜地区体育館,,O,X,X,X,X,0,E3844200028111,伊方,2017/1/16
738,伊方,水ヶ浦小学校 ,,O,O,O,X,X,0,E3844200030112,伊方,2017/1/16
739,伊方,水ヶ浦小学校体育館,,O,O,O,X,X,0,E3844200030111,伊方,2017/1/16
740,瀬戸,瀬戸アグリトピア,,O,O,O,O,O,0,E3844200027111,伊方,2017/1/16
741,瀬戸,瀬戸総合体育館 ,,O,O,O,O,O,0,E3844200013111,伊方,2017/1/16
742,瀬戸,瀬戸中学校 ,,O,O,O,O,O,0,E3844200013112,伊方,2017/1/16
743,瀬戸,瀬戸町民センター,,O,X,X,X,X,0,E3844200009112,伊方,2017/1/16
744,伊方,生涯学習センター,,O,O,O,O,O,0,E3844200035111,伊方,2017/1/16
745,瀬戸,大久小学校,,O,X,X,X,X,0,E3844200026111,伊方,2017/1/16
746,伊方,町見公民館 ,,O,X,X,X,X,0,E3844200004111,伊方,2017/1/16
747,伊方,町見体育館,,O,X,X,O,O,0,E3844200005111,伊方,2017/1/16
748,伊方,二見地区体育館,,O,X,X,O,O,0,E3844200031111,伊方,2017/1/16
749,三崎,二名津地区体育館 ,,O,O,O,X,X,0,E3844200033111,伊方,2017/1/16
750,伊方,豊之浦地区体育館 ,,O,O,O,O,O,0,E3844200034111,伊方,2017/1/16
751,伊方,有寿来体育館 ,,O,O,O,O,O,0,E3844200001111,伊方,2017/1/16
752,愛治,愛治公民館,,O,X,X,O,O,0,E3848800026111,鬼北,2023/11/15
753,愛治,愛治小学校,,O,X,X,O,O,0,E3848800027112,鬼北,2023/11/15
754,愛治,愛治小学校体育館,,O,X,X,O,O,0,E3848800027111,鬼北,2023/11/15
755,近永,鬼北総合公園体育館,,O,X,X,O,O,0,E3848800002111,鬼北,2023/11/15
756,近永,近永公民館,,O,X,X,O,O,0,E3848800020111,鬼北,2023/11/15
757,近永,近永小学校,,O,X,X,O,O,0,E3848800029112,鬼北,2023/11/15
758,近永,近永小学校体育館,,O,X,X,O,O,0,E3848800029111,鬼北,2023/11/15
759,好藤,好藤公民館,,O,X,X,O,O,0,E3848800030111,鬼北,2023/11/15
760,好藤,好藤小学校,,O,X,X,O,O,0,E3848800031112,鬼北,2023/11/15
761,好藤,好藤小学校体育館,,O,X,X,O,O,0,E3848800031111,鬼北,2023/11/15
762,近永,広見中学校,,O,X,X,O,O,0,E3848800001112,鬼北,2023/11/15
763,近永,広見中学校体育館,,O,X,X,O,O,0,E3848800001111,鬼北,2023/11/15
764,三島,三島公民館,,O,X,X,O,O,0,E3848800023111,鬼北,2023/11/15
765,三島,三島小学校,,O,X,X,O,O,0,E3848800006111,鬼北,2023/11/15
766,三島,三島小学校体育館,,O,X,X,O,O,0,E3848800005111,鬼北,2023/11/15
767,泉,泉公民館,,O,X,X,O,O,0,E3848800015111,鬼北,2023/11/15
768,泉,泉小学校,,O,X,X,O,O,0,E3848800014112,鬼北,2023/11/15
769,泉,泉小学校体育館,,O,X,X,O,O,0,E3848800014111,鬼北,2023/11/15
770,日吉,日吉住民センター,,O,X,X,O,O,0,E3848800008111,鬼北,2023/11/15
771,日吉,日吉中央集会所,,O,X,X,O,O,0,E3848800009111,鬼北,2023/11/15
772,日吉,日吉中学校屋内運動場,,O,X,X,O,O,0,E3848800013111,鬼北,2023/11/15
773,日吉,日吉保健センター,,O,X,X,O,O,0,E3848800007111,鬼北,2023/11/15
774,日吉,農林業者トレーニングセンター,,O,X,X,O,O,0,E3848800011111,鬼北,2023/11/15
775,日吉,富母里施設（体育館）,,O,X,X,O,O,0,E3848800032111,鬼北,2023/11/15
776,近永,北宇和高等学校,,O,X,X,O,O,0,E3848800022112,鬼北,2023/11/15
777,近永,北宇和高等学校体育館,,O,X,X,O,O,0,E3848800022111,鬼北,2023/11/15
778,常盤,FC今治高等学校明徳校,,O,O,O,O,O,0,E3820200207111,今治,1999/1/1
779,富田,サン・アビリティーズ今治,,O,O,X,X,O,0,E3820200020111,今治,1999/1/1
780,伯方,しまなみ交流プラザ,,O,O,O,NA,X,0,E3820200186111,今治,1999/1/1
781,波方,なみっこ交流館,,O,O,A,NA,X,0,E3820200169111,今治,1999/1/1
782,富田,バリクリーン（今治市クリーンセンター）,,O,O,O,O,O,0,E3820200149111,今治,1999/1/1
783,桜井,愛媛中央産業技術専門校,,X,O,O,O,O,0,E3820200086111,今治,1999/1/1
784,別宮,岡山理科大学 今治キャンパス体育館,,O,O,O,O,O,0,E3820200001111,今治,1999/1/1
785,岡村,岡村小学校,,O,O,O,NA,X,0,E3820200013112,今治,1999/1/1
786,岡村,岡村小学校僻地集会室,,O,O,A,NA,O,0,E3820200015111,今治,1999/1/1
787,鴨部,鴨部小学校,,O,O,O,O,X,0,E3820200062111,今治,1999/1/1
788,岡村,関前開発総合センター,,X,O,A,NA,X,0,E3820200014111,今治,1999/1/1
789,岡村,関前中学校,,O,O,O,NA,X,0,E3820200013111,今治,1999/1/1
790,亀岡,亀岡小学校,,O,A,A,NA,O,0,E3820200025111,今治,1999/1/1
791,菊間,菊間公民館,,O,A,A,NA,O,0,E3820200032111,今治,1999/1/1
792,菊間,菊間小学校,,O,O,O,NA,O,0,E3820200028111,今治,1999/1/1
793,菊間,菊間中学校,,O,O,O,NA,X,0,E3820200031111,今治,1999/1/1
794,菊間,菊間保育所,,O,O,O,NA,O,0,E3820200027111,今治,1999/1/1
795,菊間,菊間緑の広場公園体育館,,O,O,O,NA,O,0,E3820200026111,今治,1999/1/1
796,吉海,吉海学習交流館,,O,A,X,NA,O,0,E3820200037111,今治,1999/1/1
797,吉海,吉海小学校,,O,A,A,NA,O,0,E3820200038111,今治,1999/1/1
798,吉海,吉海認定こども園,,O,A,X,NA,O,0,E3820200039111,今治,1999/1/1
799,宮窪,宮窪公民館,,X,O,A,NA,O,0,E3820200046111,今治,1999/1/1
800,宮窪,宮窪小学校,,O,O,O,NA,X,0,E3820200050111,今治,1999/1/1
801,宮窪,宮窪石文化伝承館,,O,O,O,NA,O,0,E3820200049111,今治,1999/1/1
802,宮窪,宮窪認定こども園,,X,O,O,NA,X,0,E3820200047111,今治,1999/1/1
803,吉海,旧吉海老人福祉センター,,X,O,O,NA,O,0,E3820200040111,今治,1999/1/1
804,宮窪,旧宮窪保健センター,,O,O,O,NA,O,0,E3820200048111,今治,1999/1/1
805,吹揚,旧今治コンピュータ・カレッジ,,O,A,A,A,O,0,E3820200157111,今治,1999/1/1
806,吹揚,旧今治小学校体育館,,O,O,X,O,O,0,E3820200160111,今治,1999/1/1
807,波方,旧小部老人福祉センター,,O,X,X,NA,O,0,E3820200166111,今治,1999/1/1
808,上浦,旧上浦盛研修センター,,X,O,O,NA,O,0,E3820200102111,今治,1999/1/1
809,上浦,旧上浦保健センター,,O,O,X,NA,O,0,E3820200101111,今治,1999/1/1
810,朝倉,旧上朝小学校体育館,,O,O,O,NA,O,0,E3820200144111,今治,1999/1/1
811,吹揚,旧城東小学校,,O,A,A,O,O,0,E3820200156111,今治,1999/1/1
812,伯方,旧西伯方地域住民学習センター,,O,O,A,NA,O,0,E3820200180111,今治,1999/1/1
813,大三島,旧大三島老人福祉センター,,X,X,X,NA,O,0,E3820200116111,今治,1999/1/1
814,大西,旧大西老人福祉センター,,O,O,O,NA,O,0,E3820200124111,今治,1999/1/1
815,吹揚,旧日吉小学校体育館,,O,O,X,O,O,0,E3820200164112,今治,1999/1/1
816,伯方,旧伯方福祉センター,,O,O,A,NA,X,0,E3820200189111,今治,1999/1/1
817,伯方,旧伯方北浦体育館,,X,O,X,NA,X,0,E3820200184111,今治,1999/1/1
818,九和,玉川公民館,,X,O,O,O,O,0,E3820200057111,今治,1999/1/1
819,九和,玉川総合公園体育館,,O,O,O,O,X,0,E3820200059111,今治,1999/1/1
820,鴨部,玉川中学校,,O,O,O,O,X,0,E3820200056111,今治,1999/1/1
821,九和,玉川艇庫,,O,O,O,O,O,0,E3820200067111,今治,1999/1/1
822,近見,近見公民館,,X,O,A,O,O,0,E3820200213111,今治,1999/1/1
823,近見,近見小学校,,O,O,O,O,O,0,E3820200068111,今治,1999/1/1
824,近見,近見中学校,,O,O,O,O,O,0,E3820200070111,今治,1999/1/1
825,九和,九和小学校,,O,O,O,O,O,0,E3820200060111,今治,1999/1/1
826,九和,九和保育所,,X,O,O,O,O,0,E3820200061111,今治,1999/1/1
827,国分,国分公民館,,O,O,O,O,O,0,E3820200154111,今治,1999/1/1
828,国分,国分小学校,,O,O,O,O,O,0,E3820200073111,今治,1999/1/1
829,波方,国立波方海上技術短期大学校,,O,O,O,NA,X,0,E3820200167111,今治,1999/1/1
830,吹揚,今治公民館,,O,O,A,O,O,0,E3820200208111,今治,1999/1/1
831,立花,今治工業高等学校,,O,O,O,O,O,0,E3820200010111,今治,1999/1/1
832,常盤,今治精華高等学校,,X,O,O,O,O,0,E3820200137111,今治,1999/1/1
833,常盤,今治西高等学校,,O,O,O,O,O,0,E3820200139111,今治,1999/1/1
834,伯方,今治西高等学校伯方分校,,O,O,A,NA,O,0,E3820200192111,今治,1999/1/1
835,吹揚,今治地域地場産業振興センター,,O,O,A,O,O,0,E3820200003111,今治,1999/1/1
836,桜井,今治東中等教育学校,,O,O,O,O,O,0,E3820200082111,今治,1999/1/1
837,常盤,今治南高等学校,,O,O,O,O,O,0,E3820200110111,今治,1999/1/1
838,常盤,今治北高等学校,,O,O,A,O,O,0,E3820200044111,今治,1999/1/1
839,乃万,今治明徳短期大学,,X,O,O,O,O,0,E3820200214111,今治,1999/1/1
840,鳥生,今治立花農業協同組合本所,,O,O,A,O,O,0,E3820200205111,今治,1999/1/1
841,桜井,桜井公民館,,X,O,A,O,O,0,E3820200083111,今治,1999/1/1
842,桜井,桜井小学校,,O,O,A,O,O,0,E3820200051111,今治,1999/1/1
843,桜井,桜井中学校,,O,O,A,O,O,0,E3820200052111,今治,1999/1/1
844,桜井,桜井保育所,,X,O,O,O,O,0,E3820200152111,今治,1999/1/1
845,亀岡,産業振興センター,,O,O,O,NA,X,0,E3820200023111,今治,1999/1/1
846,岡村,小大下出張診療所,,O,O,O,NA,O,0,E3820200017111,今治,1999/1/1
847,岡村,小大下地区住民センター,,O,O,X,NA,O,0,E3820200016111,今治,1999/1/1
848,上浦,上浦開発総合センター,,X,O,A,NA,O,0,E3820200100111,今治,1999/1/1
849,上浦,上浦小学校,,O,O,O,NA,X,0,E3820200098111,今治,1999/1/1
850,上浦,上浦認定こども園,,X,O,X,NA,O,0,E3820200100112,今治,1999/1/1
851,吹揚,城東保育所,,O,A,A,A,O,0,E3820200196111,今治,1999/1/1
852,常盤,常盤公民館,,X,O,O,O,O,0,E3820200163111,今治,1999/1/1
853,常盤,常盤小学校,,O,O,O,O,O,0,E3820200138111,今治,1999/1/1
854,常盤,常盤保育所,,X,O,O,O,O,0,E3820200162111,今治,1999/1/1
855,吹揚,吹揚小学校,,O,A,A,A,O,0,E3820200009111,今治,1999/1/1
856,清水,清水公民館,,X,O,O,A,O,0,E3820200089111,今治,1999/1/1
857,清水,清水小学校,,O,O,O,O,O,0,E3820200076111,今治,1999/1/1
858,乃万,西中学校,,O,O,O,O,O,0,E3820200087111,今治,1999/1/1
859,宮窪,村上海賊ミュージアム,,O,O,O,NA,O,0,E3820200045111,今治,1999/1/1
860,亀岡,太陽石油四国研修センター,,O,O,A,NA,O,0,E3820200217111,今治,1999/1/1
861,岡村,大下集会所,,O,X,X,NA,X,0,E3820200019111,今治,1999/1/1
862,岡村,大下地区農産物加工場,,O,A,X,NA,O,0,E3820200018111,今治,1999/1/1
863,大三島,大三島公民館,,X,A,A,O,O,0,E3820200115111,今治,1999/1/1
864,大三島,大三島小学校,,O,O,A,O,X,0,E3820200114111,今治,1999/1/1
865,大三島,大三島少年自然の家,,O,O,X,NA,O,0,E3820200117111,今治,1999/1/1
866,上浦,大三島中学校,,O,O,A,NA,O,0,E3820200099111,今治,1999/1/1
867,大三島,大三島認定こども園,,X,X,X,NA,O,0,E3820200118111,今治,1999/1/1
868,大西,大西公民館,,O,O,O,NA,O,0,E3820200125111,今治,1999/1/1
869,大西,大西小学校,,O,A,A,NA,O,0,E3820200131111,今治,1999/1/1
870,大西,大西体育館,,O,O,X,NA,O,0,E3820200130111,今治,1999/1/1
871,大西,大西中学校,,O,A,A,NA,O,0,E3820200126111,今治,1999/1/1
872,大西,大西藤山歴史資料館,,O,O,O,NA,O,0,E3820200123111,今治,1999/1/1
873,吉海,大島中学校,,O,A,A,NA,X,0,E3820200034111,今治,1999/1/1
874,吹揚,中央公民館,,X,O,A,O,O,0,E3820200164111,今治,1999/1/1
875,別宮,中央体育館,,O,A,A,O,O,0,E3820200198111,今治,1999/1/1
876,朝倉,朝倉Ｂ＆Ｇ海洋センター,,O,O,O,NA,O,0,E3820200142112,今治,1999/1/1
877,朝倉,朝倉ふれあい交流センター,,O,O,O,NA,O,0,E3820200142111,今治,1999/1/1
878,朝倉,朝倉公民館,,X,O,O,NA,O,0,E3820200147111,今治,1999/1/1
879,朝倉,朝倉小学校,,O,O,O,NA,O,0,E3820200146111,今治,1999/1/1
880,朝倉,朝倉中学校,,O,O,O,NA,O,0,E3820200145111,今治,1999/1/1
881,朝倉,朝倉福祉センター,,O,O,O,NA,O,0,E3820200143111,今治,1999/1/1
882,鳥生,鳥生公民館,,X,O,O,O,O,0,E3820200153111,今治,1999/1/1
883,鳥生,鳥生小学校,,O,A,A,A,O,0,E3820200158111,今治,1999/1/1
884,鳥生,鳥生保育所,,X,O,A,O,O,0,E3820200204111,今治,1999/1/1
885,九和,鈍川収蔵庫（旧鈍川小学校）,,X,O,O,O,X,0,E3820200063111,今治,1999/1/1
886,富田,南中学校,,O,O,O,A,O,0,E3820200096111,今治,1999/1/1
887,鴨部,日の出保育所,,X,O,O,O,X,0,E3820200058111,今治,1999/1/1
888,吹揚,日吉公民館,,O,A,A,A,O,0,E3820200212111,今治,1999/1/1
889,常盤,日吉中学校,,O,O,O,O,O,0,E3820200136111,今治,1999/1/1
890,日高,日高公民館,,O,O,O,O,O,0,E3820200093111,今治,1999/1/1
891,日高,日高小学校,,O,O,O,O,O,0,E3820200202111,今治,1999/1/1
892,日高,日高保育所,,X,O,O,O,O,0,E3820200203111,今治,1999/1/1
893,乃万,乃万公民館,,X,O,O,O,O,0,E3820200004111,今治,1999/1/1
894,乃万,乃万小学校,,O,O,O,O,O,0,E3820200005111,今治,1999/1/1
895,乃万,乃万保育所,,X,O,O,O,O,0,E3820200006111,今治,1999/1/1
896,波止浜,波止浜公民館,,X,A,A,O,O,0,E3820200135111,今治,1999/1/1
897,波止浜,波止浜小学校,,O,A,A,O,O,0,E3820200134111,今治,1999/1/1
898,波方,波方ふれあいセンター,,X,O,A,NA,O,0,E3820200168111,今治,1999/1/1
899,波方,波方公園武道館,,O,O,O,NA,X,0,E3820200170111,今治,1999/1/1
900,波方,波方公民館,,O,O,A,NA,O,0,E3820200174111,今治,1999/1/1
901,波方,波方小学校,,O,O,O,NA,X,0,E3820200178111,今治,1999/1/1
902,伯方,伯方開発総合センター,,O,O,A,NA,O,0,E3820200181111,今治,1999/1/1
903,伯方,伯方小学校,,O,O,O,NA,X,0,E3820200188111,今治,1999/1/1
904,伯方,伯方中学校,,O,O,O,NA,X,0,E3820200191111,今治,1999/1/1
905,伯方,伯方認定こども園,,O,O,O,NA,O,0,E3820200186112,今治,1999/1/1
906,伯方,伯方農村環境改善センター,,O,O,O,NA,X,0,E3820200182111,今治,1999/1/1
907,波方,樋口保育所,,O,O,A,NA,X,0,E3820200177111,今治,1999/1/1
908,吹揚,美須賀コミュニティプラザ,,O,A,A,O,O,0,E3820200091111,今治,1999/1/1
909,富田,富田公民館,,O,O,O,O,O,0,E3820200106111,今治,1999/1/1
910,富田,富田小学校,,O,O,O,O,O,0,E3820200107111,今治,1999/1/1
911,富田,富田保育所,,O,O,O,O,O,0,E3820200104111,今治,1999/1/1
912,別宮,別宮公民館,,O,A,A,O,O,0,E3820200122111,今治,1999/1/1
913,別宮,別宮小学校,,O,A,A,O,O,0,E3820200197111,今治,1999/1/1
914,波止浜,北郷中学校,,O,O,A,O,O,0,E3820200140111,今治,1999/1/1
915,別宮,本町児童館,,X,A,A,O,O,0,E3820200209111,今治,1999/1/1
916,立花,立花カルチャーセンター,,O,O,O,O,O,0,E3820200055111,今治,1999/1/1
917,立花,立花小学校,,O,O,O,O,O,0,E3820200216111,今治,1999/1/1
918,立花,立花中学校,,O,O,O,O,O,0,E3820200215111,今治,1999/1/1
919,四国中央,しこちゅ～ホール,,O,O,NA,O,O,0,E3821300027111,四国中央,2023/3/31
920,四国中央,ジョイフル八窪,,O,O,NA,O,X,0,E3821300043111,四国中央,2023/3/31
921,四国中央,伊予三島運動公園体育館,,O,O,NA,O,O,0,E3821300075111,四国中央,2023/3/31
922,四国中央,下川集会所,,X,O,NA,O,O,0,E3821300001111,四国中央,2023/3/31
923,四国中央,寒川公民館,,O,O,NA,O,X,0,E3821300006111,四国中央,2023/3/31
924,四国中央,寒川山集会所,,O,O,NA,O,O,0,E3821300103111,四国中央,2023/3/31
925,四国中央,寒川小学校,,O,O,NA,O,X,0,E3821300007111,四国中央,2023/3/31
926,四国中央,久保ヶ内集会所,,O,O,NA,O,O,0,E3821300050111,四国中央,2023/3/31
927,四国中央,旧西庄小学校講堂,,O,O,NA,O,O,0,E3821300044111,四国中央,2023/3/31
928,四国中央,金山集会所,,O,O,NA,O,X,0,E3821300048111,四国中央,2023/3/31
929,四国中央,金生公民館,,O,O,NA,X,O,0,E3821300015111,四国中央,2023/3/31
930,四国中央,金生第一小学校,,O,O,NA,X,O,0,E3821300012111,四国中央,2023/3/31
931,四国中央,金生第二小学校,,O,O,NA,O,O,0,E3821300016111,四国中央,2023/3/31
932,四国中央,金生保育園,,O,O,NA,X,O,0,E3821300011111,四国中央,2023/3/31
933,四国中央,金田こども園,,O,O,NA,O,O,0,E3821300020111,四国中央,2023/3/31
934,四国中央,金田公民館,,O,O,NA,O,O,0,E3821300022111,四国中央,2023/3/31
935,四国中央,古野集会所,,O,O,NA,O,X,0,E3821300051111,四国中央,2023/3/31
936,四国中央,妻鳥公民館,,O,O,NA,O,O,0,E3821300025111,四国中央,2023/3/31
937,四国中央,妻鳥小学校,,O,O,NA,O,O,0,E3821300026111,四国中央,2023/3/31
938,四国中央,三島公民館,,O,O,NA,O,O,0,E3821300034111,四国中央,2023/3/31
939,四国中央,三島高等学校,,O,O,NA,O,A,0,E3821300035111,四国中央,2023/3/31
940,四国中央,三島小学校,,O,O,NA,O,O,0,E3821300033111,四国中央,2023/3/31
941,四国中央,三島西中学校,,O,O,NA,O,X,0,E3821300077111,四国中央,2023/3/31
942,四国中央,三島東中学校,,O,O,NA,O,O,0,E3821300072111,四国中央,2023/3/31
943,四国中央,三島南中学校,,O,O,NA,O,X,0,E3821300008111,四国中央,2023/3/31
944,四国中央,柴生公会堂,,X,O,NA,O,O,0,E3821300036111,四国中央,2023/3/31
945,四国中央,小富士公民館,,O,O,NA,O,O,0,E3821300079111,四国中央,2023/3/31
946,四国中央,小富士小学校,,O,O,NA,O,O,0,E3821300078111,四国中央,2023/3/31
947,四国中央,小林保育園,,O,O,NA,O,O,0,E3821300080111,四国中央,2023/3/31
948,四国中央,少年自然の家,,O,O,NA,O,O,0,E3821300049111,四国中央,2023/3/31
949,四国中央,松柏公民館,,O,O,NA,O,O,0,E3821300003111,四国中央,2023/3/31
950,四国中央,松柏小学校,,O,O,NA,O,O,0,E3821300004111,四国中央,2023/3/31
951,四国中央,上小川集会所,,O,O,NA,O,X,0,E3821300009111,四国中央,2023/3/31
952,四国中央,上分公民館,,O,O,NA,X,O,0,E3821300040111,四国中央,2023/3/31
953,四国中央,上分小学校,,O,O,NA,X,O,0,E3821300041111,四国中央,2023/3/31
954,四国中央,上分保育園,,O,O,NA,X,O,0,E3821300039111,四国中央,2023/3/31
955,四国中央,新宮公民館,,O,O,NA,O,X,0,E3821300046111,四国中央,2023/3/31
956,四国中央,新宮小・中学校,,O,O,NA,O,X,0,E3821300045111,四国中央,2023/3/31
957,四国中央,新成・堂成集会所,,O,O,NA,O,O,0,E3821300052111,四国中央,2023/3/31
958,四国中央,生きがい研修センター,,O,O,NA,O,O,0,E3821300017111,四国中央,2023/3/31
959,四国中央,石川保育園,,O,O,NA,O,O,0,E3821300057111,四国中央,2023/3/31
960,四国中央,切山集会所,,O,O,NA,O,O,0,E3821300018111,四国中央,2023/3/31
961,四国中央,川滝公民館,,O,O,NA,O,X,0,E3821300056111,四国中央,2023/3/31
962,四国中央,川之江こども園,,O,O,NA,X,O,0,E3821300058111,四国中央,2023/3/31
963,四国中央,川之江コミュニティセンター,,O,O,NA,O,X,0,E3821300066111,四国中央,2023/3/31
964,四国中央,川之江ふれあい交流センター,,O,O,NA,O,O,0,E3821300067111,四国中央,2023/3/31
965,四国中央,川之江高等学校,,O,O,NA,X,O,0,E3821300061111,四国中央,2023/3/31
966,四国中央,川之江小学校,,O,X,NA,X,X,0,E3821300062111,四国中央,2023/3/31
967,四国中央,川之江西老人つどいの家,,O,O,NA,X,O,0,E3821300065111,四国中央,2023/3/31
968,四国中央,川之江体育館,,O,O,NA,O,O,0,E3821300059111,四国中央,2023/3/31
969,四国中央,川之江南中学校,,O,O,NA,X,O,0,E3821300038111,四国中央,2023/3/31
970,四国中央,川之江北中学校,,O,X,NA,X,O,0,E3821300063111,四国中央,2023/3/31
971,四国中央,総野集会所,,O,O,NA,O,O,0,E3821300053111,四国中央,2023/3/31
972,四国中央,中上集会所,,O,O,NA,O,X,0,E3821300042111,四国中央,2023/3/31
973,四国中央,中西地区集会所,,O,O,NA,O,X,0,E3821300047111,四国中央,2023/3/31
974,四国中央,中曽根公民館,,O,O,NA,O,O,0,E3821300070111,四国中央,2023/3/31
975,四国中央,中曽根小学校,,O,O,NA,O,O,0,E3821300071111,四国中央,2023/3/31
976,四国中央,中之庄公民館,,O,O,NA,O,O,0,E3821300073111,四国中央,2023/3/31
977,四国中央,中之庄小学校,,O,O,NA,O,O,0,E3821300074111,四国中央,2023/3/31
978,四国中央,長瀬生活改善センター,,O,O,NA,O,X,0,E3821300054111,四国中央,2023/3/31
979,四国中央,長津公民館,,O,O,NA,O,O,0,E3821300085111,四国中央,2023/3/31
980,四国中央,長津小学校,,O,O,NA,O,O,0,E3821300084111,四国中央,2023/3/31
981,四国中央,天満公民館,,O,O,NA,O,O,0,E3821300087111,四国中央,2023/3/31
982,四国中央,土居公民館,,O,O,NA,O,O,0,E3821300091111,四国中央,2023/3/31
983,四国中央,土居高等学校,,O,O,NA,O,O,0,E3821300082111,四国中央,2023/3/31
984,四国中央,土居小学校,,O,O,NA,O,O,0,E3821300089111,四国中央,2023/3/31
985,四国中央,土居西幼稚園,,O,O,NA,O,O,0,E3821300095111,四国中央,2023/3/31
986,四国中央,土居中学校,,O,O,NA,O,O,0,E3821300090111,四国中央,2023/3/31
987,四国中央,土居東こども園,,O,O,NA,O,O,0,E3821300083111,四国中央,2023/3/31
988,四国中央,土居東幼稚園,,O,X,NA,X,O,0,E3821300086111,四国中央,2023/3/31
989,四国中央,土居文化会館,,O,O,NA,O,O,0,E3821300096111,四国中央,2023/3/31
990,四国中央,土居保育園,,O,O,NA,O,O,0,E3821300088111,四国中央,2023/3/31
991,四国中央,藤原集会所,,O,O,NA,O,X,0,E3821300104111,四国中央,2023/3/31
992,四国中央,南小学校,,O,O,NA,O,O,0,E3821300019111,四国中央,2023/3/31
993,四国中央,葱尾ふれあい広場,,O,O,NA,O,X,0,E3821300055111,四国中央,2023/3/31
994,四国中央,農村環境改善センター,,O,O,NA,O,O,0,E3821300094111,四国中央,2023/3/31
995,四国中央,半田公会堂,,X,O,NA,X,O,0,E3821300023111,四国中央,2023/3/31
996,四国中央,蕪崎公民館,,O,O,NA,O,O,0,E3821300099111,四国中央,2023/3/31
997,四国中央,豊岡公民館,,O,O,NA,O,X,0,E3821300114111,四国中央,2023/3/31
998,四国中央,豊岡小学校,,O,O,NA,O,X,0,E3821300106111,四国中央,2023/3/31
999,四国中央,北小学校,,O,O,NA,O,O,0,E3821300098111,四国中央,2023/3/31
1000,四国中央,北保育園,,O,O,NA,O,O,0,E3821300100111,四国中央,2023/3/31
1001,四国中央,北野保育園,,O,O,NA,X,O,0,E3821300101111,四国中央,2023/3/31
1002,四国中央,野田中央会館,,O,O,NA,O,O,0,E3821300102111,四国中央,2023/3/31
1003,松野,松野町多目的広場（森の国ドーム）,,O,NA,NA,O,O,0,E3848400018111,松野,2021/7/15
1004,松野,スポーツ交流センター,,O,NA,NA,O,O,0,E3848400010111,松野,2021/7/15
1005,松野,松野西小学校校舎,,O,NA,NA,O,O,0,E3848400007111,松野,2021/7/15
1006,松野,虹の森まつの保育園,,O,NA,NA,O,O,0,E3848400009111,松野,2021/7/15
1007,松野,松野町コミュニティセンター,,O,NA,NA,O,O,0,E3848400011111,松野,2021/7/15
1008,松野,松野中学校校舎,,O,NA,NA,O,O,0,E3848400002111,松野,2021/7/15
1009,松野,松野中学校体育館,,O,NA,NA,O,O,0,E3848400001111,松野,2021/7/15
1010,松野,吉野生交流促進センター,,O,NA,NA,O,O,0,E3848400005111,松野,2021/7/15
1011,松野,目黒基幹集落センター,,O,NA,NA,O,O,0,E3848400021111,松野,2021/7/15
1012,生名,いきなスポレク公園体育館,,O,O,O,NA,O,0,E3835600126111,上島,2021/12/1
1013,弓削,せとうち交流館,,O,X,O,NA,O,0,E3835600046111,上島,2021/12/1
1014,岩城,愛媛県東予地方局産業経済部今治支局　地域農業育成室指導員岩城駐在所庁舎,,O,O,O,NA,O,0,E3835600013111,上島,2021/12/1
1015,生名,稲浦集会所,,O,O,O,NA,O,0,E3835600128111,上島,2021/12/1
1016,生名,蛙石荘,,O,O,O,NA,O,0,E3835600127111,上島,2021/12/1
1017,岩城,岩城開発総合センター,,O,O,O,NA,X,0,E3835600002111,上島,2021/12/1
1018,岩城,岩城高齢者交流会館,,O,O,O,NA,O,0,E3835600006111,上島,2021/12/1
1019,岩城,岩城高齢者生活福祉センター,,O,O,O,NA,O,0,E3835600007111,上島,2021/12/1
1020,岩城,岩城小学校（体育館）,,O,X,O,NA,O,0,E3835600008111,上島,2021/12/1
1021,岩城,岩城総合運動場体育館,,X,X,O,NA,O,0,E3835600020111,上島,2021/12/1
1022,岩城,岩城保健センター,,O,O,O,NA,O,0,E3835600007112,上島,2021/12/1
1023,岩城,岩城北集会所,,O,O,O,NA,X,0,E3835600017111,上島,2021/12/1
1024,弓削,弓削開発総合センター,,O,X,O,NA,X,0,E3835600066111,上島,2021/12/1
1025,弓削,弓削高等学校体育館・武道場,,O,O,O,NA,X,0,E3835600092111,上島,2021/12/1
1026,弓削,弓削高齢者生活福祉センター(高浜荘）,,O,X,O,NA,O,0,E3835600072112,上島,2021/12/1
1027,弓削,弓削商船高等専門学校体育館,,O,X,O,NA,O,0,E3835600045111,上島,2021/12/1
1028,弓削,弓削小学校（体育館）,,O,O,O,NA,O,0,E3835600040111,上島,2021/12/1
1029,弓削,弓削体育館,,O,X,X,NA,O,0,E3835600090111,上島,2021/12/1
1030,弓削,弓削保健センター,,O,X,O,NA,O,0,E3835600072111,上島,2021/12/1
1031,弓削,弓削老人福祉センター,,O,X,O,NA,O,0,E3835600073111,上島,2021/12/1
1032,魚島,魚島開発総合センター,,O,X,O,NA,O,0,E3835600099111,上島,2021/12/1
1033,魚島,魚島小・中学校（体育館）,,O,O,O,NA,O,0,E3835600105111,上島,2021/12/1
1034,魚島,魚島西集会所,,O,X,O,NA,O,0,E3835600098111,上島,2021/12/1
1035,魚島,魚島東集会所,,O,X,X,NA,O,0,E3835600103111,上島,2021/12/1
1036,魚島,魚島保健福祉センター,,O,X,X,NA,O,0,E3835600102111,上島,2021/12/1
1037,魚島,高井神公民館,,X,O,O,NA,X,0,E3835600109111,上島,2021/12/1
1038,魚島,高井神集会所,,X,O,O,NA,O,0,E3835600107111,上島,2021/12/1
1039,魚島,高井神小・中学校,,O,O,O,NA,O,0,E3835600108111,上島,2021/12/1
1040,生名,三分団集会所,,O,X,O,NA,O,0,E3835600111111,上島,2021/12/1
1041,岩城,小漕集会所,,X,O,O,NA,O,0,E3835600016111,上島,2021/12/1
1042,弓削,上島町佐島体育館,,O,O,O,NA,O,0,E3835600065111,上島,2021/12/1
1043,生名,生名開発総合センター,,O,X,O,NA,O,0,E3835600116111,上島,2021/12/1
1044,生名,生名小学校（体育館）,,O,X,O,NA,O,0,E3835600134111,上島,2021/12/1
1045,生名,生名体育館,,X,X,O,NA,O,0,E3835600112111,上島,2021/12/1
1046,生名,生名地域交流センター,,O,X,O,NA,O,0,E3835600117111,上島,2021/12/1
1047,生名,生名保健センター,,O,X,O,NA,O,0,E3835600119111,上島,2021/12/1
1048,生名,生名老人デイサービスセンター,,O,X,O,NA,O,0,E3835600118111,上島,2021/12/1
1049,生名,西浦集会所,,O,X,O,NA,O,0,E3835600123111,上島,2021/12/1
1050,岩城,知新館,,O,O,O,NA,O,0,E3835600025111,上島,2021/12/1
1051,生名,特別養護老人ホーム海光園,,O,X,O,NA,O,0,E3835600110111,上島,2021/12/1
1052,生名,二分団集会所,,O,X,O,NA,O,0,E3835600121111,上島,2021/12/1
1053,金子,ウイメンズプラザ,,A,A,A,A,A,0,E3820500050111,新居浜,2024/1/1
1054,新居浜,新居浜小学校　校舎,,A,A,A,A,A,0,E3820500053112,新居浜,2024/1/1
1055,新居浜,新居浜小学校　体育館,,A,A,A,A,A,0,E3820500053111,新居浜,2024/1/1
1056,金栄,ふれいあいプラザ,,A,A,A,A,A,0,E3820500032111,新居浜,2024/1/1
1057,角野,ﾏｲﾝﾄﾋﾟｱ別子3階あかがねの間,,O,O,O,O,O,0,E3820500149111,新居浜,2024/1/1
1058,若宮,ワクリエ新居浜　体育館,,A,A,A,A,A,0,E3820500058111,新居浜,2024/1/1
1059,若宮,ワクリエ新居浜　建屋,,A,A,A,A,A,0,E3820500058112,新居浜,2024/1/1
1060,垣生,垣生公民館,,A,A,A,A,A,0,E3820500011111,新居浜,2024/1/1
1061,垣生,垣生小学校　校舎,,A,A,A,A,A,0,E3820500010112,新居浜,2024/1/1
1062,垣生,垣生小学校　体育館,,A,A,A,A,A,0,E3820500010111,新居浜,2024/1/1
1063,角野,角野公民館,,O,O,O,O,O,0,E3820500102111,新居浜,2024/1/1
1064,角野,角野小学校　校舎,,O,O,O,O,O,0,E3820500103112,新居浜,2024/1/1
1065,角野,角野小学校　体育館,,A,A,A,A,A,0,E3820500103111,新居浜,2024/1/1
1066,角野,角野中学校　校舎,,A,A,A,A,A,0,E3820500021113,新居浜,2024/1/1
1067,角野,角野中学校　体育館,,O,O,O,O,O,0,E3820500021112,新居浜,2024/1/1
1068,角野,角野中学校　武道場,,O,O,O,O,O,0,E3820500021111,新居浜,2024/1/1
1069,宮西,宮西小学校　校舎,,A,A,A,A,A,0,E3820500024112,新居浜,2024/1/1
1070,宮西,宮西小学校　体育館,,A,A,A,A,A,0,E3820500024111,新居浜,2024/1/1
1071,金栄,金栄公民館,,A,A,A,A,A,0,E3820500033111,新居浜,2024/1/1
1072,金栄,金栄小学校　校舎,,A,A,A,A,A,0,E3820500070112,新居浜,2024/1/1
1073,金栄,金栄小学校　体育館,,A,A,A,A,A,0,E3820500070111,新居浜,2024/1/1
1074,金子,金子小学校　校舎,,A,A,A,A,A,0,E3820500020112,新居浜,2024/1/1
1075,金子,金子小学校　体育館,,A,A,A,A,A,0,E3820500020111,新居浜,2024/1/1
1076,宮西,口屋跡記念公民館,,A,A,A,A,A,0,E3820500077111,新居浜,2024/1/1
1077,高津,高津公民館,,O,O,O,O,O,0,E3820500100111,新居浜,2024/1/1
1078,高津,高津小学校　校舎,,A,A,A,A,A,0,E3820500005112,新居浜,2024/1/1
1079,高津,高津小学校　体育館,,O,O,O,O,O,0,E3820500005111,新居浜,2024/1/1
1080,角野,山根総合体育館(2階部分),,O,O,O,O,O,0,E3820500014111,新居浜,2024/1/1
1081,高津,市民体育館,,O,O,O,O,O,0,E3820500112111,新居浜,2024/1/1
1082,金栄,慈光園（１階研修室）,,A,A,A,A,A,0,E3820500071111,新居浜,2024/1/1
1083,若宮,若宮公民館,,A,A,A,A,A,0,E3820500057111,新居浜,2024/1/1
1084,角野,上部高齢者福祉センター,,O,O,O,O,O,0,E3820500101111,新居浜,2024/1/1
1085,新居浜,新居浜公民館,,A,A,A,A,A,0,E3820500055111,新居浜,2024/1/1
1086,惣開,新居浜工業高校　校舎,,A,A,A,A,A,0,E3820500143113,新居浜,2024/1/1
1087,惣開,新居浜工業高校　体育館,,A,A,A,A,A,0,E3820500143112,新居浜,2024/1/1
1088,惣開,新居浜工業高校　武道場,,A,A,A,A,A,0,E3820500143111,新居浜,2024/1/1
1089,金子,新居浜高専　会館　図書館　ロビー,,A,A,A,A,A,0,E3820500131114,新居浜,2024/1/1
1090,金子,新居浜高専　研修所,,A,A,A,A,A,0,E3820500131112,新居浜,2024/1/1
1091,金子,新居浜高専　体育館　武道場,,A,A,A,A,A,0,E3820500131117,新居浜,2024/1/1
1092,泉川,新居浜商業高校　校舎,,O,O,O,O,O,0,E3820500064113,新居浜,2024/1/1
1093,泉川,新居浜商業高校　体育館,,O,O,O,O,O,0,E3820500064112,新居浜,2024/1/1
1094,泉川,新居浜商業高校　武道場,,O,O,O,O,O,0,E3820500064111,新居浜,2024/1/1
1095,宮西,新居浜西高校　校舎,,A,A,A,A,A,0,E3820500023113,新居浜,2024/1/1
1096,宮西,新居浜西高校　体育館,,A,A,A,A,A,0,E3820500023112,新居浜,2024/1/1
1097,宮西,新居浜西高校　武道場,,A,A,A,A,A,0,E3820500023111,新居浜,2024/1/1
1098,高津,新居浜東高校　校舎,,O,O,O,O,O,0,E3820500116113,新居浜,2024/1/1
1099,高津,新居浜東高校　体育館,,O,O,O,O,O,0,E3820500116112,新居浜,2024/1/1
1100,高津,新居浜東高校　武道場,,A,A,A,A,A,0,E3820500116111,新居浜,2024/1/1
1101,角野,新居浜南高校　校舎,,O,O,O,O,O,0,E3820500041113,新居浜,2024/1/1
1102,角野,新居浜南高校　体育館,,O,O,O,O,O,0,E3820500041112,新居浜,2024/1/1
1103,角野,新居浜南高校　武道場,,O,O,O,O,O,0,E3820500041111,新居浜,2024/1/1
1104,神郷 ,神郷公民館,,A,A,A,A,A,0,E3820500027111,新居浜,2024/1/1
1105,神郷 ,神郷小学校,校舎 ,A,A,A,A,A,0,E3820500061112,新居浜,2024/1/1
1106,神郷 ,神郷小学校,体育館 ,A,A,A,A,A,0,E3820500061111,新居浜,2024/1/1
1107,泉川,瀬戸会館,,O,O,O,O,O,0,E3820500066111,新居浜,2024/1/1
1108,惣開,西中学校　校舎,,A,A,A,A,A,0,E3820500029113,新居浜,2024/1/1
1109,惣開,西中学校　体育館,,A,A,A,A,A,0,E3820500029112,新居浜,2024/1/1
1110,惣開,西中学校　武道場,,A,A,A,A,A,0,E3820500029111,新居浜,2024/1/1
1111,浮島,川東高齢者福祉センター,,A,A,A,A,A,0,E3820500133111,新居浜,2024/1/1
1112,大島,川東高齢者福祉センター大島分館,,A,A,A,A,A,0,E3820500098111,新居浜,2024/1/1
1113,神郷 ,川東中学校　校舎,,O,O,O,O,O,0,E3820500062113,新居浜,2024/1/1
1114,神郷 ,川東中学校　体育館,,O,O,O,O,O,0,E3820500062112,新居浜,2024/1/1
1115,神郷 ,川東中学校　武道場,,O,O,O,O,O,0,E3820500062111,新居浜,2024/1/1
1116,泉川,泉川公民館,,O,O,O,O,O,0,E3820500063111,新居浜,2024/1/1
1117,泉川,泉川小学校　校舎,,O,O,O,O,O,0,E3820500017112,新居浜,2024/1/1
1118,泉川,泉川小学校　体育館,,O,O,O,O,O,0,E3820500017111,新居浜,2024/1/1
1119,泉川,泉川中学校　校舎,,O,O,O,O,O,0,E3820500068113,新居浜,2024/1/1
1120,泉川,泉川中学校　体育館,,O,O,O,O,O,0,E3820500068112,新居浜,2024/1/1
1121,泉川,泉川中学校　武道場,,O,O,O,O,O,0,E3820500068111,新居浜,2024/1/1
1122,船木,船木公民館,,A,A,A,A,A,0,E3820500080111,新居浜,2024/1/1
1123,船木,船木小学校　校舎,,A,A,A,A,A,0,E3820500084112,新居浜,2024/1/1
1124,船木,船木小学校　体育館,,A,A,A,A,A,0,E3820500084111,新居浜,2024/1/1
1125,船木,船木中学校　校舎,,O,O,O,O,O,0,E3820500083113,新居浜,2024/1/1
1126,船木,船木中学校　体育館,,A,A,A,A,A,0,E3820500083112,新居浜,2024/1/1
1127,船木,船木中学校　武道場,,O,O,O,O,O,0,E3820500083111,新居浜,2024/1/1
1128,惣開,惣開公民館,,A,A,A,A,A,0,E3820500006111,新居浜,2024/1/1
1129,惣開,惣開小学校　校舎,,A,A,A,A,A,0,E3820500006113,新居浜,2024/1/1
1130,惣開,惣開小学校　体育館,,A,A,A,A,A,0,E3820500006112,新居浜,2024/1/1
1131,多喜浜 ,多喜浜公民館,,A,A,A,A,A,0,E3820500092111,新居浜,2024/1/1
1132,多喜浜 ,多喜浜小学校　校舎,,A,A,A,A,A,0,E3820500093112,新居浜,2024/1/1
1133,多喜浜 ,多喜浜小学校　体育館,,A,A,A,A,A,0,E3820500093111,新居浜,2024/1/1
1134,別子,大成集会所,,A,A,A,A,A,0,E3820500139111,新居浜,2024/1/1
1135,大生院,大生院公民館　公民館,,A,A,A,A,A,0,E3820500094112,新居浜,2024/1/1
1136,大生院,大生院公民館　体育館,,A,A,A,A,A,0,E3820500094111,新居浜,2024/1/1
1137,大生院,大生院小学校　校舎,,A,A,A,A,A,0,E3820500095112,新居浜,2024/1/1
1138,大生院,大生院小学校　体育館,,A,A,A,A,A,0,E3820500095111,新居浜,2024/1/1
1139,大生院,大生院中学校　校舎,,A,A,A,A,A,0,E3820500096113,新居浜,2024/1/1
1140,大生院,大生院中学校　体育館,,A,A,A,A,A,0,E3820500096112,新居浜,2024/1/1
1141,大生院,大生院中学校　武道場,,A,A,A,A,A,0,E3820500096111,新居浜,2024/1/1
1142,大島,大島交流センター,,A,A,A,A,A,0,E3820500099111,新居浜,2024/1/1
1143,金子,地域交流センター,,A,A,A,A,A,0,E3820500048111,新居浜,2024/1/1
1144,中萩,中萩公民館,,O,O,O,O,O,0,E3820500129111,新居浜,2024/1/1
1145,中萩,中萩小学校　校舎,,O,O,O,O,O,0,E3820500108112,新居浜,2024/1/1
1146,中萩,中萩小学校　体育館,,O,O,O,O,O,0,E3820500108111,新居浜,2024/1/1
1147,中萩,中萩中学校　校舎,,O,O,O,O,O,0,E3820500107113,新居浜,2024/1/1
1148,中萩,中萩中学校　体育館,,A,A,A,A,A,0,E3820500107112,新居浜,2024/1/1
1149,中萩,中萩中学校　武道場,,A,A,A,A,A,0,E3820500107111,新居浜,2024/1/1
1150,別子,中部集会所,,O,O,O,O,O,0,E3820500138111,新居浜,2024/1/1
1151,高津,東中学校　校舎,,A,A,A,A,A,0,E3820500113113,新居浜,2024/1/1
1152,高津,東中学校　体育館,,A,A,A,A,A,0,E3820500113112,新居浜,2024/1/1
1153,高津,東中学校　武道場,,A,A,A,A,A,0,E3820500113111,新居浜,2024/1/1
1154,別子,東部集会所,,A,A,A,A,A,0,E3820500140111,新居浜,2024/1/1
1155,金子,南中学校　校舎,,A,A,A,A,A,0,E3820500049113,新居浜,2024/1/1
1156,金子,南中学校　体育館,,A,A,A,A,A,0,E3820500049112,新居浜,2024/1/1
1157,金子,南中学校　武道場,,A,A,A,A,A,0,E3820500049111,新居浜,2024/1/1
1158,浮島,浮島公民館,,A,A,A,A,A,0,E3820500135111,新居浜,2024/1/1
1159,浮島,浮島小学校　校舎,,A,A,A,A,A,0,E3820500134112,新居浜,2024/1/1
1160,浮島,浮島小学校　体育館,,A,A,A,A,A,0,E3820500134111,新居浜,2024/1/1
1161,宮西,文化振興会館,,A,A,A,A,A,0,E3820500120111,新居浜,2024/1/1
1162,別子,別子山公民館,,O,O,O,O,O,0,E3820500141111,新居浜,2024/1/1
1163,別子,別子小・中学校　校舎,,O,O,O,O,O,0,E3820500142112,新居浜,2024/1/1
1164,別子,別子小・中学校　体育館,,O,O,O,O,O,0,E3820500142111,新居浜,2024/1/1
1165,宮西,北中学校　校舎,,A,A,A,A,A,0,E3820500025113,新居浜,2024/1/1
1166,宮西,北中学校　体育館,,A,A,A,A,A,0,E3820500025112,新居浜,2024/1/1
1167,宮西,北中学校　武道場,,A,A,A,A,A,0,E3820500025111,新居浜,2024/1/1
1168,玉津,ひうち体育館 ,,O,A,A,A,O,0,E3820600003111,西条,2022/8/5
1169,西条,ひと・夢・未来創造拠点複合施設 (SAIJO BASE）,,O,A,A,A,O,0,E3820600173111,西条,2022/8/5
1170,加茂,加茂公民館 ,,O,O,O,O,O,0,E3820600026111,西条,2022/8/5
1171,楠河,河北会館 ,,O,O,O,O,O,0,E3820600151111,西条,2022/8/5
1172,庄内,河北中学校　屋内,,O,O,O,O,O,0,E3820600017111,西条,2022/8/5
1173,吉井,吉井公民館 ,,O,O,O,O,O,0,E3820600021111,西条,2022/8/5
1174,吉井,吉井小学校　屋内,,O,O,O,O,O,0,E3820600020111,西条,2022/8/5
1175,吉岡,吉岡公民館 ,,O,O,O,O,O,0,E3820600071111,西条,2022/8/5
1176,吉岡,吉岡小学校　屋内,,O,O,O,O,O,0,E3820600025111,西条,2022/8/5
1177,橘,橘公民館 ,,O,O,O,O,O,0,E3820600148111,西条,2022/8/5
1178,橘,橘小学校　体育館,,O,O,O,O,O,0,E3820600082111,西条,2022/8/5
1179,玉津,玉津公民館 ,,O,A,A,A,O,0,E3820600019111,西条,2022/8/5
1180,玉津,玉津小学校　北校舎,,O,A,A,A,O,0,E3820600018111,西条,2022/8/5
1181,国安,国安公民館 ,,O,O,O,O,O,0,E3820600022111,西条,2022/8/5
1182,国安,国安小学校　屋内,,O,O,O,O,O,0,E3820600023111,西条,2022/8/5
1183,桜樹,桜樹公民館 ,,O,O,O,O,O,0,E3820600095111,西条,2022/8/5
1184,三芳,三芳公民館 ,,O,O,O,O,O,0,E3820600036111,西条,2022/8/5
1185,三芳,三芳小学校　屋内,,O,O,O,O,O,0,E3820600037111,西条,2022/8/5
1186,周布,周布公民館 ,,O,O,O,O,O,0,E3820600041111,西条,2022/8/5
1187,周布,周布小学校　屋内,,O,O,O,O,O,0,E3820600042111,西条,2022/8/5
1188,小松,小松公民館 ,,O,O,O,O,O,0,E3820600058111,西条,2022/8/5
1189,小松,小松高等学校　屋内,,O,O,O,O,O,0,E3820600052111,西条,2022/8/5
1190,小松,小松小学校　屋内,,O,O,O,O,O,0,E3820600057111,西条,2022/8/5
1191,石根,小松体育館 ,,O,O,O,O,O,0,E3820600069111,西条,2022/8/5
1192,小松,小松地域福祉センタX,,O,O,O,O,O,0,E3820600053111,西条,2022/8/5
1193,小松,小松中学校　屋内,,O,O,O,O,O,0,E3820600065111,西条,2022/8/5
1194,石根,小松武道館 ,,O,O,O,O,O,0,E3820600068111,西条,2022/8/5
1195,庄内,庄内公民館 ,,O,O,O,O,O,0,E3820600138111,西条,2022/8/5
1196,庄内,庄内小学校　屋内,,O,O,O,O,O,0,E3820600139111,西条,2022/8/5
1197,国安,新市会館 ,,O,O,O,O,O,0,E3820600072111,西条,2022/8/5
1198,神戸,神戸公民館 ,,O,O,O,O,O,0,E3820600143111,西条,2022/8/5
1199,神戸,神戸小学校　体育館,,O,O,O,O,O,0,E3820600050111,西条,2022/8/5
1200,神拝,神拝公民館 ,,O,A,A,A,O,0,E3820600014111,西条,2022/8/5
1201,神拝,神拝小学校　体育館,,O,A,A,A,O,0,E3820600076111,西条,2022/8/5
1202,壬生川,壬生川公民館 ,,O,A,A,A,O,0,E3820600078111,西条,2022/8/5
1203,壬生川,壬生川小学校　屋内,,O,A,A,A,O,0,E3820600079111,西条,2022/8/5
1204,西条,西条公民館 ,,O,A,A,A,O,0,E3820600073111,西条,2022/8/5
1205,西条,西条高等学校　体育館,,O,A,A,A,O,0,E3820600172111,西条,2022/8/5
1206,氷見,西条市ｽﾎﾟｰﾂｺﾐｭﾆﾃｨｾﾝﾀX,,O,O,O,O,O,0,E3820600160111,西条,2022/8/5
1207,玉津,西条市生涯学習の館 ,,O,O,O,O,O,0,E3820600147111,西条,2022/8/5
1208,玉津,西条市地域創生ｾﾝﾀX,,O,A,A,A,O,0,E3820600001111,西条,2022/8/5
1209,西条,西条小学校　屋内運動場,,O,A,A,A,O,0,E3820600074111,西条,2022/8/5
1210,氷見,西条西中学校　体育館,,O,O,O,O,O,0,E3820600159111,西条,2022/8/5
1211,氷見,西条西部体育館 ,,O,O,O,O,O,0,E3820600160112,西条,2022/8/5
1212,氷見,西条西部地域交流センタX,,O,A,A,A,O,0,E3820600164111,西条,2022/8/5
1213,玉津,西条東中学校　体育館,,O,O,O,O,O,0,E3820600007111,西条,2022/8/5
1214,飯岡,西条東部地域交流センタX,,O,O,O,O,O,0,E3820600156111,西条,2022/8/5
1215,大町,西条南中学校　体育館,,O,A,A,A,O,0,E3820600086111,西条,2022/8/5
1216,大町,西条農業高等学校　体育館,,O,A,A,A,O,0,E3820600165111,西条,2022/8/5
1217,西条,西条北中学校　体育館,,O,A,A,A,O,0,E3820600032111,西条,2022/8/5
1218,石根,石根公民館,,O,O,O,O,O,0,E3820600061111,西条,2022/8/5
1219,石根,石根小学校　屋内,,O,O,O,O,O,0,E3820600063111,西条,2022/8/5
1220,大保木,石鎚ふれあいの里 ,,O,O,O,O,O,0,E3820600140111,西条,2022/8/5
1221,玉津,総合体育館 　体育館,,O,A,A,A,O,0,E3820600002111,西条,2022/8/5
1222,神拝,総合福祉センター ,,O,A,A,A,O,0,E3820600075111,西条,2022/8/5
1223,神拝,総合文化会館 ,,O,O,O,O,O,0,E3820600077111,西条,2022/8/5
1224,多賀,多賀公民館 ,,O,A,A,A,O,0,E3820600170111,西条,2022/8/5
1225,多賀,多賀小学校　屋内,,O,A,A,A,O,0,E3820600169111,西条,2022/8/5
1226,大町,大町公民館 ,,O,O,O,O,O,0,E3820600087111,西条,2022/8/5
1227,大町,大町小学校　体育館,,O,A,A,A,O,0,E3820600092111,西条,2022/8/5
1228,大保木,大保木公民館 ,,O,O,O,O,O,0,E3820600141111,西条,2022/8/5
1229,中川,丹原Ｂ＆Ｇ海洋センター,,O,O,O,O,O,0,E3820600115111,西条,2022/8/5
1230,丹原,丹原公民館 ,,O,O,O,O,O,0,E3820600123111,西条,2022/8/5
1231,丹原,丹原高等学校　体育館,,O,O,O,O,O,0,E3820600100111,西条,2022/8/5
1232,丹原,丹原小学校　体育館,,O,O,O,O,O,0,E3820600125111,西条,2022/8/5
1233,中川,丹原西中学校　体育館,,O,O,O,O,O,0,E3820600136111,西条,2022/8/5
1234,丹原,丹原体育館 ,,O,O,O,O,O,0,E3820600102111,西条,2022/8/5
1235,丹原,丹原東中学校　体育館,,O,O,O,O,O,0,E3820600113111,西条,2022/8/5
1236,丹原,丹原農村環境改善センター,,O,O,O,O,O,0,E3820600108111,西条,2022/8/5
1237,田野,丹原文化会館 ,,O,O,O,O,O,0,E3820600130111,西条,2022/8/5
1238,多賀,中央公民館 ,,O,O,O,O,O,0,E3820600047111,西条,2022/8/5
1239,中川,中川公民館 ,,O,O,O,O,O,0,E3820600117111,西条,2022/8/5
1240,中川,中川小学校　体育館,,O,O,O,O,O,0,E3820600135111,西条,2022/8/5
1241,小松,椿交流館 ,,O,O,O,O,O,0,E3820600051111,西条,2022/8/5
1242,禎瑞,禎瑞公民館 ,,O,A,A,A,O,0,E3820600145111,西条,2022/8/5
1243,禎瑞,禎瑞小学校　体育館,,O,A,A,A,O,0,E3820600145112,西条,2022/8/5
1244,徳田,田滝小学校　体育館,,O,O,O,O,O,0,E3820600111111,西条,2022/8/5
1245,田野,田野公民館 ,,O,O,O,O,O,0,E3820600134111,西条,2022/8/5
1246,田野,田野小学校　体育館,,O,O,O,O,O,0,E3820600129111,西条,2022/8/5
1247,大町,東部ウイングサポートセ ンター,,O,O,O,O,O,0,E3820600089111,西条,2022/8/5
1248,周布,東予高等学校　体育館,,O,O,O,O,O,0,E3820600049111,西条,2022/8/5
1249,国安,東予西中学校　屋内,,O,O,O,O,O,0,E3820600028111,西条,2022/8/5
1250,周布,東予総合福祉センター,,O,O,O,O,O,0,E3820600048111,西条,2022/8/5
1251,多賀,東予体育館 ,,O,O,O,O,O,0,E3820600046111,西条,2022/8/5
1252,周布,東予東中学校　屋内,,O,O,O,O,O,0,E3820600043111,西条,2022/8/5
1253,吉井,東予南地域交流セン ター,,O,O,O,O,O,0,E3820600083111,西条,2022/8/5
1254,三芳,東予北地域交流センター,,O,O,O,O,O,0,E3820600039111,西条,2022/8/5
1255,徳田,徳田公民館 ,,O,O,O,O,O,0,E3820600107111,西条,2022/8/5
1256,徳田,徳田小学校　体育館,,O,O,O,O,O,0,E3820600106111,西条,2022/8/5
1257,楠河,楠河公民館 ,,O,O,O,O,O,0,E3820600008111,西条,2022/8/5
1258,楠河,楠河小学校　屋内,,O,O,O,O,O,0,E3820600009111,西条,2022/8/5
1259,飯岡,飯岡公民館 ,,O,O,O,O,O,0,E3820600153111,西条,2022/8/5
1260,飯岡,飯岡小学校　体育館,,O,O,O,O,O,0,E3820600152111,西条,2022/8/5
1261,氷見,氷見公民館 ,,O,O,O,O,O,0,E3820600157111,西条,2022/8/5
1262,氷見,氷見小学校　体育館,,O,O,O,O,O,0,E3820600158111,西条,2022/8/5
1263,多賀,北条新田会館 ,,O,A,A,A,O,0,E3820600168111,西条,2022/8/5
1264,壬生川,北星会館 ,,O,A,A,A,O,0,E3820600080111,西条,2022/8/5
1265,庄内,本谷温泉館 ,,O,O,O,O,O,0,E3820600012111,西条,2022/8/5
1266,東温,愛媛県立東温高等学校 ,,O,NA,NA,O,O,0,E3821500068111,東温,2021/11/30
1267,東温,愛媛県林業技術センター 緑化センター,,O,NA,NA,O,O,0,E3821500069111,東温,2021/11/30
1268,東温,松山刑務所 ,,O,NA,NA,O,O,0,E3821500012121,東温,2021/11/30
1269,東温,東温市いわがらこども館 ,,O,NA,NA,O,O,0,E3821500001111,東温,2021/11/30
1270,東温,東温市さくらこども館 ,,O,NA,NA,O,O,0,E3821500054111,東温,2021/11/30
1271,東温,東温市ツインドーム重信 ,,O,NA,NA,O,O,0,E3821500029111,東温,2021/11/30
1272,東温,東温市なめがわ清流の森 ,,O,NA,NA,O,O,0,E3821500008111,東温,2021/11/30
1273,東温,東温市よしいのこども館 ,,O,NA,NA,O,O,0,E3821500036111,東温,2021/11/30
1274,東温,東温市奥松瀬川公民館 ,,O,NA,NA,O,O,0,E3821500026111,東温,2021/11/30
1275,東温,東温市下林集会所 ,,O,NA,NA,A,O,0,E3821500002111,東温,2021/11/30
1276,東温,東温市滑川生活改善センター,,O,NA,NA,O,O,0,E3821500009111,東温,2021/11/30
1277,東温,東温市山之内集会所 ,,O,NA,NA,O,O,0,E3821500017111,東温,2021/11/30
1278,東温,東温市川内健康センタX,,O,NA,NA,O,O,0,E3821500051111,東温,2021/11/30
1279,東温,東温市川内公民館 ,,O,NA,NA,O,O,0,E3821500052111,東温,2021/11/30
1280,東温,東温市中央公民館 ,,O,NA,NA,O,O,0,E3821500043112,東温,2021/11/30
1281,東温,東温市田窪団地集会所 ,,O,NA,NA,O,O,0,E3821500038111,東温,2021/11/30
1282,東温,東温市土谷集会所 ,,O,NA,NA,O,X,0,E3821500007111,東温,2021/11/30
1283,東温,東温市農村環境改善センター,,O,NA,NA,O,O,0,E3821500045111,東温,2021/11/30
1284,東温,東温市立重信中学校 ,,O,NA,NA,O,O,0,E3821500022111,東温,2021/11/30
1285,東温,東温市立上林小学校 ,,O,NA,NA,O,O,0,E3821500027111,東温,2021/11/30
1286,東温,東温市立西谷小学校 ,,O,NA,NA,O,O,0,E3821500032111,東温,2021/11/30
1287,東温,東温市立川上小学校 ,,O,NA,NA,O,O,0,E3821500061111,東温,2021/11/30
1288,東温,東温市立川内中学校 ,,O,NA,NA,O,O,0,E3821500056111,東温,2021/11/30
1289,東温,東温市立東谷小学校 ,,O,NA,NA,O,A,0,E3821500035111,東温,2021/11/30
1290,東温,東温市立南吉井小学校 ,,O,NA,NA,O,O,0,E3821500037111,東温,2021/11/30
1291,東温,東温市立拝志小学校 ,,O,NA,NA,A,A,0,E3821500003111,東温,2021/11/30
1292,東温,東温市立北吉井小学校 ,,O,NA,NA,O,O,0,E3821500018111,東温,2021/11/30
1293,西予,かりえ笑学校（旧狩江小学校）,,O,O,O,O,O,0,E3821400157111,西予,2023/9/1
1294,西予,ふるさと交流館,,O,O,O,O,O,0,E3821400120111,西予,2023/9/1
1295,西予,宇和児童館,,O,O,O,O,O,0,E3821400023111,西予,2023/9/1
1296,西予,宇和中学校,,O,O,O,O,O,0,E3821400009111,西予,2023/9/1
1297,西予,宇和町小学校,,O,O,O,O,O,0,E3821400003111,西予,2023/9/1
1298,西予,宇和保育園,,O,O,O,O,O,0,E3821400008111,西予,2023/9/1
1299,西予,横林地域づくり活動センター,,O,O,O,O,O,0,E3821400198111,西予,2023/9/1
1300,西予,乙亥の里,,O,O,O,O,O,0,E3821400207111,西予,2023/9/1
1301,西予,下宇和地域づくり活動センター,,O,O,O,O,O,0,E3821400016111,西予,2023/9/1
1302,西予,下宇和保育園,,O,O,O,O,O,0,E3821400013111,西予,2023/9/1
1303,西予,下泊地域づくり活動センター,,O,O,O,O,O,0,E3821400038111,西予,2023/9/1
1304,西予,嘉喜尾集会所,,O,O,O,O,O,0,E3821400116111,西予,2023/9/1
1305,西予,皆田小学校,,O,O,O,O,O,0,E3821400014111,西予,2023/9/1
1306,西予,岩井集会所,,O,O,O,O,O,0,E3821400136111,西予,2023/9/1
1307,西予,宮野浦集会所,,O,O,O,O,O,0,E3821400139112,西予,2023/9/1
1308,西予,旧河成小学校体育館,,O,O,O,O,O,0,E3821400216112,西予,2023/9/1
1309,西予,旧渓筋小学校,,O,O,O,O,O,0,E3821400205112,西予,2023/9/1
1310,西予,旧渓筋幼稚園,,O,O,O,O,O,0,E3821400205111,西予,2023/9/1
1311,西予,旧高川小学校体育館,,O,O,O,O,O,0,E3821400123111,西予,2023/9/1
1312,西予,旧三瓶東公民館第1分館,,O,O,O,O,O,0,E3821400078111,西予,2023/9/1
1313,西予,旧三瓶東公民館第2分館,,O,O,O,O,O,0,E3821400072111,西予,2023/9/1
1314,西予,旧三瓶東公民館第3分館,,O,O,O,O,O,0,E3821400071111,西予,2023/9/1
1315,西予,旧三瓶東公民館第4分館,,O,O,O,O,O,0,E3821400087111,西予,2023/9/1
1316,西予,旧三瓶東公民館第5分館,,O,O,O,O,O,0,E3821400035111,西予,2023/9/1
1317,西予,旧三瓶東公民館第6分館,,O,O,O,O,O,0,E3821400113111,西予,2023/9/1
1318,西予,旧三瓶東公民館第7分館,,O,O,O,O,O,0,E3821400088111,西予,2023/9/1
1319,西予,旧三瓶東公民館第8分館,,O,O,O,O,O,0,E3821400076111,西予,2023/9/1
1320,西予,旧三瓶南公民館皆江分館,,O,O,O,O,O,0,E3821400044111,西予,2023/9/1
1321,西予,旧三瓶南公民館蔵貫分館,,O,O,O,O,O,0,E3821400060111,西予,2023/9/1
1322,西予,旧三瓶南公民館有太刀分館,,O,O,O,O,O,0,E3821400111111,西予,2023/9/1
1323,西予,旧三瓶北公民館垣生分館,,O,O,O,O,O,0,E3821400053111,西予,2023/9/1
1324,西予,旧三瓶北公民館長早分館,,O,O,O,O,O,0,E3821400086111,西予,2023/9/1
1325,西予,旧大和田小学校,,O,O,O,O,O,0,E3821400192111,西予,2023/9/1
1326,西予,旧中筋小学校,,O,O,O,O,O,0,E3821400196112,西予,2023/9/1
1327,西予,旧中筋幼稚園,,O,O,O,O,O,0,E3821400196111,西予,2023/9/1
1328,西予,旧田之浜小学校,,O,O,O,O,O,0,E3821400167111,西予,2023/9/1
1329,西予,旧土居小学校体育館,,O,O,O,O,O,0,E3821400128111,西予,2023/9/1
1330,西予,旧明間小学校,,O,O,O,O,O,0,E3821400030111,西予,2023/9/1
1331,西予,旧明浜西体育館,,O,O,O,O,O,0,E3821400138111,西予,2023/9/1
1332,西予,旧遊子川小学校体育館,,O,O,O,O,O,0,E3821400132111,西予,2023/9/1
1333,西予,魚成地域づくり活動センター,,O,O,O,O,O,0,E3821400117111,西予,2023/9/1
1334,西予,渓筋地域づくり活動センター,,O,O,O,O,O,0,E3821400204111,西予,2023/9/1
1335,西予,県立宇和高等学校,,O,O,O,O,O,0,E3821400006111,西予,2023/9/1
1336,西予,県立宇和高等学校三瓶分校,,O,O,O,O,O,0,E3821400092111,西予,2023/9/1
1337,西予,県立宇和特別支援学校,,O,O,O,O,O,0,E3821400007111,西予,2023/9/1
1338,西予,県立野村高等学校,,O,O,O,O,O,0,E3821400194111,西予,2023/9/1
1339,西予,高山・宮野浦地域づくり活動センター,,O,O,O,O,O,0,E3821400150111,西予,2023/9/1
1340,西予,高山地区体育館,,O,O,O,O,O,0,E3821400149112,西予,2023/9/1
1341,西予,高川地域づくり活動センター,,O,O,O,O,O,0,E3821400122111,西予,2023/9/1
1342,西予,三瓶下泊地区体育館（旧下泊小学校）,,O,O,O,O,O,0,E3821400042111,西予,2023/9/1
1343,西予,三瓶周木地区体育館（旧周木小学校）,,O,O,O,O,O,0,E3821400056111,西予,2023/9/1
1344,西予,三瓶小学校,,O,O,O,O,O,0,E3821400070111,西予,2023/9/1
1345,西予,三瓶蔵貫地区体育館（旧蔵貫小学校）,,O,O,O,O,O,0,E3821400065111,西予,2023/9/1
1346,西予,三瓶体育館,,O,O,O,O,O,0,E3821400095111,西予,2023/9/1
1347,西予,三瓶中学校,,O,O,O,O,O,0,E3821400096111,西予,2023/9/1
1348,西予,三瓶二及地区体育館（旧二木生小学校）,,O,O,O,O,O,0,E3821400103111,西予,2023/9/1
1349,西予,三瓶文化会館,,O,O,O,O,O,0,E3821400069111,西予,2023/9/1
1350,西予,狩江地域づくり活動センター,,O,O,O,O,O,0,E3821400162111,西予,2023/9/1
1351,西予,周木地域づくり活動センター,,O,O,O,O,O,0,E3821400054111,西予,2023/9/1
1352,西予,城川小学校,,O,O,O,O,O,0,E3821400118111,西予,2023/9/1
1353,西予,城川中学校,,O,O,O,O,O,0,E3821400115111,西予,2023/9/1
1354,西予,西予市宇和文化会館,,O,O,O,O,O,0,E3821400005111,西予,2023/9/1
1355,西予,西予市教育保健センター,,O,O,O,O,O,0,E3821400004111,西予,2023/9/1
1356,西予,石城小学校,,O,O,O,O,O,0,E3821400025112,西予,2023/9/1
1357,西予,石城地域づくり活動センター,,O,O,O,O,O,0,E3821400026111,西予,2023/9/1
1358,西予,石城保育園,,O,O,O,O,O,0,E3821400025111,西予,2023/9/1
1359,西予,川津南高齢者等活動生活支援促進施設,,O,O,O,O,O,0,E3821400124111,西予,2023/9/1
1360,西予,惣川小学校,,O,O,O,O,O,0,E3821400202112,西予,2023/9/1
1361,西予,惣川地域づくり活動センター,,O,O,O,O,O,0,E3821400201111,西予,2023/9/1
1362,西予,惣川幼稚園,,O,O,O,O,O,0,E3821400202111,西予,2023/9/1
1363,西予,蔵貫地域づくり活動センター,,O,O,O,O,O,0,E3821400067111,西予,2023/9/1
1364,西予,多田小学校,,O,O,O,O,O,0,E3821400011111,西予,2023/9/1
1365,西予,多田地域づくり活動センター,,O,O,O,O,O,0,E3821400012111,西予,2023/9/1
1366,西予,多田保育園,,O,O,O,O,O,0,E3821400010111,西予,2023/9/1
1367,西予,大野ヶ原小学校,,O,O,O,O,O,0,E3821400203111,西予,2023/9/1
1368,西予,大和田地域づくり活動センター,,O,O,O,O,O,0,E3821400218112,西予,2023/9/1
1369,西予,男河内公民館,,O,O,O,O,O,0,E3821400125111,西予,2023/9/1
1370,西予,中筋地域づくり活動センター,,O,O,O,O,O,0,E3821400197111,西予,2023/9/1
1371,西予,中川小学校,,O,O,O,O,O,0,E3821400027111,西予,2023/9/1
1372,西予,中川地域づくり活動センター,,O,O,O,O,O,0,E3821400029111,西予,2023/9/1
1373,西予,中川保育園,,O,O,O,O,O,0,E3821400028111,西予,2023/9/1
1374,西予,田之筋小学校,,O,O,O,O,O,0,E3821400020111,西予,2023/9/1
1375,西予,田之筋地域づくり活動センター,,O,O,O,O,O,0,E3821400019111,西予,2023/9/1
1376,西予,田之筋保育園,,O,O,O,O,O,0,E3821400022111,西予,2023/9/1
1377,西予,田之浜地域づくり活動センター,,O,O,O,O,O,0,E3821400168111,西予,2023/9/1
1378,西予,田穂公民館,,O,O,O,O,O,0,E3821400126111,西予,2023/9/1
1379,西予,渡江集会所,,O,O,O,O,O,0,E3821400174111,西予,2023/9/1
1380,西予,土居地域づくり活動センター,,O,O,O,O,O,0,E3821400128112,西予,2023/9/1
1381,西予,二木生地域づくり活動センター,,O,O,O,O,O,0,E3821400104111,西予,2023/9/1
1382,西予,俵津地域づくり活動センター,,O,O,O,O,O,0,E3821400183111,西予,2023/9/1
1383,西予,俵津文楽会館,,O,O,O,O,O,0,E3821400181111,西予,2023/9/1
1384,西予,明間地域づくり活動センター,,O,O,O,O,O,0,E3821400032111,西予,2023/9/1
1385,西予,明間保育園,,O,O,O,O,O,0,E3821400031111,西予,2023/9/1
1386,西予,明浜支所,,O,O,O,O,O,0,E3821400149111,西予,2023/9/1
1387,西予,明浜小学校,,O,O,O,O,O,0,E3821400188111,西予,2023/9/1
1388,西予,明浜中学校,,O,O,O,O,O,0,E3821400188112,西予,2023/9/1
1389,西予,明浜歴史民俗資料館,,O,O,O,O,O,0,E3821400151111,西予,2023/9/1
1390,西予,野井川高齢者活動促進施設,,O,O,O,O,O,0,E3821400130111,西予,2023/9/1
1391,西予,野村小学校,,O,O,O,O,O,0,E3821400206111,西予,2023/9/1
1392,西予,野村地域づくり活動センター,,O,O,O,O,O,0,E3821400210111,西予,2023/9/1
1393,西予,野村中学校,,O,O,O,O,O,0,E3821400195111,西予,2023/9/1
1394,西予,野村保健福祉センター,,O,O,O,O,O,0,E3821400208111,西予,2023/9/1
1395,西予,野村幼稚園,,O,O,O,O,O,0,E3821400209111,西予,2023/9/1
1396,西予,遊子川地域づくり活動センター,,O,O,O,O,O,0,E3821400131111,西予,2023/9/1
1397,大洲,粟津小学校 ,,O,O,O,O,O,0,E3820700106111,大洲,2024/12/1
1398,長浜,沖浦コミュニティセンター ,,O,O,O,O,O,0,E3820700080112,大洲,2024/12/1
1399,河辺,河辺コミュニティセンター ,,O,O,O,O,O,0,E3820700133112,大洲,2024/12/1
1400,河辺,河辺コミュニティセンター坂本分館 ,,O,O,O,O,O,0,E3820700127111,大洲,2024/12/1
1401,河辺,河辺コミュニティセンター大伍分館 ,,O,O,O,O,O,0,E3820700006111,大洲,2024/12/1
1402,河辺,河辺コミュニティセンター北平分館 ,,O,O,O,O,O,0,E3820700009111,大洲,2024/12/1
1403,河辺,河辺ふるさとの宿 ,,O,O,O,O,O,0,E3820700005111,大洲,2024/12/1
1404,河辺,河辺小学校 ,,O,O,O,O,O,0,E3820700008111,大洲,2024/12/1
1405,大洲,学校法人帝京科学大学帝京第五高等学校 ,,O,O,O,O,O,0,E3820700052111,大洲,2024/12/1
1406,肱川,岩谷コミュニティセンター ,,O,O,O,O,O,0,E3820700123111,大洲,2024/12/1
1407,大洲,喜多小学校 ,,O,O,O,O,O,0,E3820700041111,大洲,2024/12/1
1408,長浜,喜多灘体育館 ,,O,O,O,O,O,0,E3820700085111,大洲,2024/12/1
1409,大洲,久米コミュニティセンター ,,O,O,O,O,O,0,E3820700001111,大洲,2024/12/1
1410,大洲,久米小学校 ,,O,O,O,O,O,0,E3820700002111,大洲,2024/12/1
1411,河辺,旧河辺中学校 ,,O,O,O,O,O,0,E3820700004111,大洲,2024/12/1
1412,長浜,旧戒川小学校 ,,O,O,O,O,O,0,E3820700010111,大洲,2024/12/1
1413,長浜,旧櫛生小学校 ,,O,O,O,O,O,0,E3820700083111,大洲,2024/12/1
1414,長浜,旧出海小学校 ,,O,O,O,O,O,0,E3820700088111,大洲,2024/12/1
1415,肱川,旧正山小学校 ,,O,O,O,O,O,0,E3820700026111,大洲,2024/12/1
1416,肱川,旧大谷小学校 ,,O,O,O,O,O,0,E3820700023111,大洲,2024/12/1
1417,大洲,旧田処小学校 ,,O,O,O,O,O,0,E3820700092111,大洲,2024/12/1
1418,長浜,旧白滝小学校 ,,O,O,O,O,O,0,E3820700105111,大洲,2024/12/1
1419,長浜,旧豊茂小学校 ,,O,O,O,O,O,0,E3820700114111,大洲,2024/12/1
1420,大洲,旧柳沢小学校 ,,O,O,O,O,O,0,E3820700121111,大洲,2024/12/1
1421,肱川,旧予子林小学校 ,,O,O,O,O,O,0,E3820700030111,大洲,2024/12/1
1422,長浜,櫛生福祉センター（櫛生コミュニティセンター） ,,O,O,O,O,O,0,E3820700084111,大洲,2024/12/1
1423,大洲,県立大洲高等学校 ,,O,O,O,O,O,0,E3820700069111,大洲,2024/12/1
1424,大洲,県立大洲農業高等学校 ,,O,O,O,O,O,0,E3820700094111,大洲,2024/12/1
1425,長浜,県立長浜高等学校 ,,O,O,O,O,O,0,E3820700076111,大洲,2024/12/1
1426,大洲,五郎コミュニティセンター ,,O,O,O,O,O,0,E3820700012111,大洲,2024/12/1
1427,肱川,肱川小学校 ,,O,O,O,O,O,0,E3820700020111,大洲,2024/12/1
1428,肱川,肱川地区複合公共施設（肱川中央コミュニティセンター） ,,O,O,O,O,O,0,E3820700022111,大洲,2024/12/1
1429,肱川,肱川中学校 ,,O,O,O,O,O,0,E3820700017111,大洲,2024/12/1
1430,肱川,肱川農業者トレーニングセンター ,,O,O,O,O,O,0,E3820700013111,大洲,2024/12/1
1431,肱川,肱川風の博物館・歌麿館 ,,O,O,O,O,O,0,E3820700031111,大洲,2024/12/1
1432,大洲,肱東中学校 ,,O,O,O,O,O,0,E3820700058111,大洲,2024/12/1
1433,大洲,肱北コミュニティセンター ,,O,O,O,O,O,0,E3820700072111,大洲,2024/12/1
1434,大洲,国立大洲青少年交流の家 ,,O,O,O,O,O,0,E3820700116111,大洲,2024/12/1
1435,長浜,今坊コミュニティセンター ,,O,O,O,O,O,0,E3820700086111,大洲,2024/12/1
1436,長浜,今坊集会所 ,,O,O,O,O,O,0,E3820700136111,大洲,2024/12/1
1437,大洲,三善コミュニティセンター ,,O,O,O,O,O,0,E3820700128111,大洲,2024/12/1
1438,大洲,三善小学校 ,,O,O,O,O,O,0,E3820700044111,大洲,2024/12/1
1439,長浜,柴体育館 ,,O,O,O,O,O,0,E3820700038111,大洲,2024/12/1
1440,大洲,若宮コミュニティセンター ,,O,O,O,O,O,0,E3820700129112,大洲,2024/12/1
1441,長浜,出海コミュニティセンター ,,O,O,O,O,O,0,E3820700089111,大洲,2024/12/1
1442,大洲,上須戒コミュニティセンター ,,O,O,O,O,O,0,E3820700046111,大洲,2024/12/1
1443,大洲,上須戒体育館 ,,O,O,O,O,O,0,E3820700047111,大洲,2024/12/1
1444,大洲,新谷コミュニティセンター ,,O,O,O,O,O,0,E3820700049111,大洲,2024/12/1
1445,大洲,新谷コミュニティセンター喜多山分館 ,,O,O,O,O,O,0,E3820700011111,大洲,2024/12/1
1446,大洲,新谷小学校 ,,O,O,O,O,O,0,E3820700051111,大洲,2024/12/1
1447,大洲,新谷中学校 ,,O,O,O,O,O,0,E3820700053111,大洲,2024/12/1
1448,大洲,菅田コミュニティセンター ,,O,O,O,O,O,0,E3820700060111,大洲,2024/12/1
1449,大洲,菅田小学校 ,,O,O,O,O,O,0,E3820700059111,大洲,2024/12/1
1450,肱川,正山コミュニティセンター ,,O,O,O,O,O,0,E3820700027111,大洲,2024/12/1
1451,長浜,青島コミュニティセンター ,,O,O,O,O,O,0,E3820700090111,大洲,2024/12/1
1452,大洲,総合体育館 ,,O,O,O,O,O,0,E3820700042111,大洲,2024/12/1
1453,大洲,総合福祉センター ,,O,O,O,O,O,0,E3820700095111,大洲,2024/12/1
1454,大洲,蔵川体育館 ,,O,O,O,O,O,0,E3820700064111,大洲,2024/12/1
1455,大洲,大洲市体育センター ,,O,O,O,O,O,0,E3820700113111,大洲,2024/12/1
1456,大洲,大洲市民会館 ,,O,O,O,O,O,0,E3820700071111,大洲,2024/12/1
1457,大洲,大洲小学校 ,,O,O,O,O,O,0,E3820700068111,大洲,2024/12/1
1458,大洲,大洲東中学校 ,,O,O,O,O,O,0,E3820700107111,大洲,2024/12/1
1459,大洲,大洲南中学校 ,,O,O,O,O,O,0,E3820700066111,大洲,2024/12/1
1460,大洲,大洲福祉会館 ,,O,O,O,O,O,0,E3820700050111,大洲,2024/12/1
1461,大洲,大洲北中学校 ,,O,O,O,O,O,0,E3820700099111,大洲,2024/12/1
1462,大洲,大洲隣保館 ,,O,O,O,O,O,0,E3820700098111,大洲,2024/12/1
1463,大洲,大川コミュニティセンター ,,O,O,O,O,O,0,E3820700131111,大洲,2024/12/1
1464,大洲,大川コミュニティセンター蔵川分館 ,,O,O,O,O,O,0,E3820700063111,大洲,2024/12/1
1465,肱川,大谷コミュニティセンター ,,O,O,O,O,O,0,E3820700024111,大洲,2024/12/1
1466,長浜,大和コミュニティセンター ,,O,O,O,O,O,0,E3820700081111,大洲,2024/12/1
1467,肱川,中津集会所 ,,O,O,O,O,O,0,E3820700025111,大洲,2024/12/1
1468,長浜,長浜コミュニティセンター ,,O,O,O,O,O,0,E3820700079111,大洲,2024/12/1
1469,長浜,長浜スポーツセンター ,,O,O,O,O,O,0,E3820700075111,大洲,2024/12/1
1470,長浜,長浜高齢者コミュニティセンター ,,O,O,O,O,O,0,E3820700080111,大洲,2024/12/1
1471,長浜,長浜小学校 ,,O,O,O,O,O,0,E3820700074111,大洲,2024/12/1
1472,長浜,長浜中学校 ,,O,O,O,O,O,0,E3820700073111,大洲,2024/12/1
1473,大洲,田口コミュニティセンター ,,O,O,O,O,O,0,E3820700130111,大洲,2024/12/1
1474,大洲,徳森児童センター ,,O,O,O,O,O,0,E3820700101111,大洲,2024/12/1
1475,肱川,特別養護老人ホームかわかみ荘 ,,O,O,O,O,O,0,E3820700016111,大洲,2024/12/1
1476,大洲,南久米コミュニティセンター ,,O,O,O,O,O,0,E3820700134111,大洲,2024/12/1
1477,大洲,南久米体育館 ,,O,O,O,O,O,0,E3820700118111,大洲,2024/12/1
1478,長浜,白滝コミュニティセンター ,,O,O,O,O,O,0,E3820700104111,大洲,2024/12/1
1479,長浜,白滝コミュニティセンター柴分館 ,,O,O,O,O,O,0,E3820700039111,大洲,2024/12/1
1480,大洲,八多喜コミュニティセンター ,,O,O,O,O,O,0,E3820700108111,大洲,2024/12/1
1481,大洲,平コミュニティセンター ,,O,O,O,O,O,0,E3820700102111,大洲,2024/12/1
1482,大洲,平小学校 ,,O,O,O,O,O,0,E3820700103111,大洲,2024/12/1
1483,大洲,平野コミュニティセンター ,,O,O,O,O,O,0,E3820700109111,大洲,2024/12/1
1484,大洲,平野コミュニティセンター平地上分館 ,,O,O,O,O,O,0,E3820700110111,大洲,2024/12/1
1485,大洲,平野小学校 ,,O,O,O,O,O,0,E3820700111111,大洲,2024/12/1
1486,大洲,平野中学校 ,,O,O,O,O,O,0,E3820700112111,大洲,2024/12/1
1487,長浜,豊茂コミュニティセンター ,,O,O,O,O,O,0,E3820700114112,大洲,2024/12/1
1488,大洲,防災センター ,,O,O,O,O,O,0,E3820700040111,大洲,2024/12/1
1489,大洲,柳沢コミュニティセンター ,,O,O,O,O,O,0,E3820700135111,大洲,2024/12/1
1490,大洲,柳沢コミュニティセンター田処分館 ,,O,O,O,O,O,0,E3820700091111,大洲,2024/12/1
1491,肱川,予子林コミュニティセンター ,,O,O,O,O,O,0,E3820700029111,大洲,2024/12/1
1492,五城,うちこ福祉館,,O,NA,NA,O,O,0,E3842200035111,内子,2014/10/28
1493,田渡,臼杵自治会館,,O,NA,NA,O,X,0,E3842200001111,内子,2014/10/28
1494,満穂,河内自治会館,,O,NA,NA,X,O,0,E3842200003111,内子,2014/10/28
1495,天神,柿原自治会館,,X,NA,NA,X,O,0,E3842200084111,内子,2014/10/28
1496,田渡,吉野川自治会館,,O,NA,NA,O,O,0,E3842200004111,内子,2014/10/28
1497,御祓,元御祓小学校,,O,NA,NA,O,X,0,E3842200048111,内子,2014/10/28
1498,参川,元参川小学校,,O,NA,NA,X,O,0,E3842200078111,内子,2014/10/28
1499,大瀬,元程内小学校,,O,NA,NA,O,X,0,E3842200047111,内子,2014/10/28
1500,田渡,元田渡小学校,,O,NA,NA,O,X,0,E3842200032111,内子,2014/10/28
1501,全町,五十崎自治センター,,O,NA,NA,X,O,0,E3842200070111,内子,2014/10/28
1502,五十崎,五十崎小学校,,O,NA,NA,O,O,0,E3842200009111,内子,2014/10/28
1503,五十崎,五十崎新町自治会館,,O,NA,NA,X,O,0,E3842200007111,内子,2014/10/28
1504,天神,五十崎体育館,,O,NA,NA,X,O,0,E3842200076111,内子,2014/10/28
1505,五十崎,五十崎中央自治会館,,O,NA,NA,X,O,0,E3842200012111,内子,2014/10/28
1506,天神,五十崎中学校,,O,NA,NA,X,O,0,E3842200069111,内子,2014/10/28
1507,五十崎,五十崎龍王自治会館,,X,NA,NA,X,O,0,E3842200008111,内子,2014/10/28
1508,御祓,御祓自治会館,,X,NA,NA,X,X,0,E3842200077111,内子,2014/10/28
1509,参川,参川地区体育館,,O,NA,NA,X,O,0,E3842200051111,内子,2014/10/28
1510,小田,寺村自治会館,,O,NA,NA,O,O,0,E3842200019111,内子,2014/10/28
1511,天神,重松自治会館,,O,NA,NA,O,X,0,E3842200024111,内子,2014/10/28
1512,天神,宿福自治会館,,O,NA,NA,X,X,0,E3842200025111,内子,2014/10/28
1513,全町,小田自治センター,,O,NA,NA,O,O,0,E3842200021111,内子,2014/10/28
1514,小田,小田自治会館,,O,NA,NA,O,O,0,E3842200027111,内子,2014/10/28
1515,小田,小田小学校・小田中学校,,O,NA,NA,X,X,0,E3842200022111,内子,2014/10/28
1516,参川,上川交流セソ夕ー,,O,NA,NA,O,X,0,E3842200030111,内子,2014/10/28
1517,参川,上川自治会館,,X,NA,NA,X,X,0,E3842200031111,内子,2014/10/28
1518,田渡,上田渡自治会館,,O,NA,NA,O,X,0,E3842200033111,内子,2014/10/28
1519,小田,城の台公園体育館,,O,NA,NA,O,X,0,E3842200028111,内子,2014/10/28
1520,五十崎,神南自治会館,,O,NA,NA,X,X,0,E3842200010111,内子,2014/10/28
1521,天神,西沖自治会館,,X,NA,NA,X,O,0,E3842200074111,内子,2014/10/28
1522,満穂,石畳自治会館,,X,NA,NA,O,X,0,E3842200036111,内子,2014/10/28
1523,満穂,石畳小学校,,O,NA,NA,O,X,0,E3842200037111,内子,2014/10/28
1524,大瀬,川登自治会館,,O,NA,NA,O,X,0,E3842200042111,内子,2014/10/28
1525,大瀬,村前自治会館,,O,NA,NA,O,X,0,E3842200045111,内子,2014/10/28
1526,大瀬,大瀬自治セソ夕ー,,X,NA,NA,O,X,0,E3842200040111,内子,2014/10/28
1527,大瀬,大瀬小学校,,O,NA,NA,O,X,0,E3842200039111,内子,2014/10/28
1528,大瀬,大瀬中学校,,O,NA,NA,O,X,0,E3842200041111,内子,2014/10/28
1529,内子,第五自治会館,,O,NA,NA,O,O,0,E3842200049111,内子,2014/10/28
1530,大瀬,池田自治会館,,X,NA,NA,O,X,0,E3842200043111,内子,2014/10/28
1531,内子,中央自治会館,,O,NA,NA,O,O,0,E3842200055111,内子,2014/10/28
1532,参川,中川自治会館,,O,NA,NA,O,X,0,E3842200050111,内子,2014/10/28
1533,田渡,中田渡自治会館,,O,NA,NA,O,X,0,E3842200052111,内子,2014/10/28
1534,五城,長田自治会館,,O,NA,NA,O,O,0,E3842200018111,内子,2014/10/28
1535,大瀬,程内自治会館,,X,NA,NA,O,X,0,E3842200046111,内子,2014/10/28
1536,天神,天神小学校,,O,NA,NA,X,O,0,E3842200075111,内子,2014/10/28
1537,天神,東沖自治会館,,X,NA,NA,X,O,0,E3842200071111,内子,2014/10/28
1538,全町,内子スポーツセンター,,O,NA,NA,X,O,0,E3842200015111,内子,2014/10/28
1539,内子,内子高等学校,,O,NA,NA,O,O,0,E3842200062111,内子,2014/10/28
1540,小田,内子高等学校小田分校,,O,NA,NA,O,X,0,E3842200023111,内子,2014/10/28
1541,全町,内子自治センター,,O,NA,NA,O,O,0,E3842200063111,内子,2014/10/28
1542,内子,内子小学校,,O,NA,NA,O,O,0,E3842200059111,内子,2014/10/28
1543,内子,内子中学校,,O,NA,NA,O,X,0,E3842200058111,内子,2014/10/28
1544,五城,内子東自治セソ夕ー,,X,NA,NA,X,O,0,E3842200014111,内子,2014/10/28
1545,小田,南山自治会館,,O,NA,NA,O,X,0,E3842200085111,内子,2014/10/28
1546,内子,廿日市自治会館,,X,NA,NA,O,O,0,E3842200060111,内子,2014/10/28
1547,内子,畑中自治会館,,O,NA,NA,O,O,0,E3842200061111,内子,2014/10/28
1548,内子,八日市自治会館,,O,NA,NA,O,O,0,E3842200057111,内子,2014/10/28
1549,天神,平岡自治会館,,O,NA,NA,X,O,0,E3842200067111,内子,2014/10/28
1550,小田,平野自治会館,,X,NA,NA,X,X,0,E3842200066111,内子,2014/10/28
1551,参川,本川自治会館,,X,NA,NA,O,X,0,E3842200079111,内子,2014/10/28
1552,小田,立石交流施設,,O,NA,NA,O,X,0,E3842200082111,内子,2014/10/28
1553,小田,立石自治会館,,X,NA,NA,O,X,0,E3842200083111,内子,2014/10/28
1554,立川,立川自治会館,,O,NA,NA,X,X,0,E3842200038111,内子,2014/10/28
1555,立川,立川小学校,,O,NA,NA,X,X,0,E3842200080111,内子,2014/10/28
1556,内子,六日市自治会館,,O,NA,NA,X,O,0,E3842200053111,内子,2014/10/28
1557,満穂,論田自治会館,,O,NA,NA,O,X,0,E3842200002111,内子,2014/10/28
1558,五城,和田自治会館,,X,NA,NA,X,X,0,E3842200016111,内子,2014/10/28
1559,日土,JA にしうわ日土出張所 （日土地区公民館） ,,O,O,O,O,O,0,E3820400061111,八幡浜,2021/10/1
1560,松蔭,ふれあいセンター,,O,O,O,O,O,0,E3820400019111,八幡浜,2021/10/1
1561,松蔭,みなと交流館 ,,O,O,O,O,O,0,E3820400014111,八幡浜,2021/10/1
1562,江戸岡,愛宕中学校　第１校舎,,O,O,O,O,O,0,E3820400007112,八幡浜,2021/10/1
1563,江戸岡,愛宕中学校　第２校舎,,O,O,O,O,O,0,E3820400007111,八幡浜,2021/10/1
1564,江戸岡,愛宕中学校　体育館,,O,O,O,O,O,0,E3820400007113,八幡浜,2021/10/1
1565,江戸岡,愛宕保育所 ,,O,O,O,O,O,0,E3820400010112,八幡浜,2021/10/1
1566,磯津,磯崎体育館 ,,O,O,O,O,O,0,E3820400070111,八幡浜,2021/10/1
1567,磯津,磯津地区公民館 ,,O,O,O,O,O,0,E3820400069111,八幡浜,2021/10/1
1568,日土,下河原共同作業所 ,,O,O,O,O,O,0,E3820400064111,八幡浜,2021/10/1
1569,喜須来,喜須来小学校　校舎,,O,O,O,O,O,0,E3820400075111,八幡浜,2021/10/1
1570,喜須来,喜須来小学校　体育館,,O,O,O,O,O,0,E3820400075112,八幡浜,2021/10/1
1571,喜須来,喜須来地区公民館 ,,O,O,O,O,O,0,E3820400088111,八幡浜,2021/10/1
1572,磯津,喜木津体育館 ,,O,O,O,O,O,0,E3820400076112,八幡浜,2021/10/1
1573,宮内,宮内小学校　校舎,,O,O,O,O,O,0,E3820400086111,八幡浜,2021/10/1
1574,宮内,宮内小学校　体育館,,O,O,O,O,O,0,E3820400086112,八幡浜,2021/10/1
1575,宮内,宮内地区公民館 ,,O,O,O,O,O,0,E3820400083111,八幡浜,2021/10/1
1576,喜須来,旧喜須来保育所 ,,O,O,O,O,O,0,E3820400073111,八幡浜,2021/10/1
1577,磯津,旧喜木津小学校校舎 ,,O,O,O,O,O,0,E3820400076111,八幡浜,2021/10/1
1578,宮内,旧宮内保育所 ,,O,O,O,O,O,0,E3820400087111,八幡浜,2021/10/1
1579,日土,旧青石中学校　校舎,,O,O,O,O,O,0,E3820400063111,八幡浜,2021/10/1
1580,日土,旧青石中学校　体育館,,O,O,O,O,O,0,E3820400063112,八幡浜,2021/10/1
1581,舌田,旧舌田小学校　体育館,,O,O,O,O,O,0,E3820400053112,八幡浜,2021/10/1
1582,舌田,旧舌田小学校　マンダリン,,O,O,O,O,O,0,E3820400053111,八幡浜,2021/10/1
1583,川之石,旧川之石保育所 ,,O,O,O,O,O,0,E3820400090111,八幡浜,2021/10/1
1584,川之内,旧川之内小学校 ,,O,O,O,O,O,0,E3820400057111,八幡浜,2021/10/1
1585,双岩,旧双岩中学校　校舎,,O,O,O,O,O,0,E3820400038111,八幡浜,2021/10/1
1586,双岩,旧双岩中学校　体育館,,O,O,O,O,O,0,E3820400038112,八幡浜,2021/10/1
1587,千丈,旧長谷小学校 ,,O,O,O,O,O,0,E3820400035111,八幡浜,2021/10/1
1588,日土東,旧日土東小学校　ＲＣ校舎,,O,O,O,O,O,0,E3820400066111,八幡浜,2021/10/1
1589,日土東,旧日土東小学校　木造校舎,,O,O,O,O,O,0,E3820400066112,八幡浜,2021/10/1
1590,松蔭,栗野浦共同作業所 ,,O,O,O,O,O,0,E3820400018111,八幡浜,2021/10/1
1591,江戸岡,江戸岡小学校　校舎,,O,O,O,O,O,0,E3820400034111,八幡浜,2021/10/1
1592,江戸岡,江戸岡小学校　体育館,,O,O,O,O,O,0,E3820400034112,八幡浜,2021/10/1
1593,江戸岡,江戸岡地区公民館 ,,O,O,O,O,O,0,E3820400002111,八幡浜,2021/10/1
1594,川之石,若草交流センター,,O,O,O,O,O,0,E3820400093111,八幡浜,2021/10/1
1595,松蔭,松蔭小学校　体育館,,O,O,O,O,O,0,E3820400032112,八幡浜,2021/10/1
1596,松蔭,松蔭小学校　本校舎,,O,O,O,O,O,0,E3820400032111,八幡浜,2021/10/1
1597,松蔭,松蔭地区公民館 ,,O,O,O,O,O,0,E3820400005111,八幡浜,2021/10/1
1598,千丈,松柏中学校　体育館,,O,O,O,O,O,0,E3820400046113,八幡浜,2021/10/1
1599,千丈,松柏中学校　西教練,,O,O,O,O,O,0,E3820400046111,八幡浜,2021/10/1
1600,千丈,松柏中学校　本館,,O,O,O,O,O,0,E3820400046112,八幡浜,2021/10/1
1601,真穴,真穴小学校 ,,O,O,O,O,O,0,E3820400052113,八幡浜,2021/10/1
1602,真穴,真穴地区公民館 ,,O,O,O,O,O,0,E3820400020111,八幡浜,2021/10/1
1603,真穴,真穴中学校　校舎,,O,O,O,O,O,0,E3820400052112,八幡浜,2021/10/1
1604,真穴,真穴保育所 ,,O,O,O,O,O,0,E3820400050111,八幡浜,2021/10/1
1605,江戸岡,神宮通福祉会館 ,,O,O,O,O,O,0,E3820400013111,八幡浜,2021/10/1
1606,神山,神山小学校　校舎,,O,O,O,O,O,0,E3820400023111,八幡浜,2021/10/1
1607,神山,神山小学校　体育館,,O,O,O,O,O,0,E3820400023112,八幡浜,2021/10/1
1608,神山,神山地区公民館 ,,O,O,O,O,O,0,E3820400021111,八幡浜,2021/10/1
1609,神山,神山保育所 ,,O,O,O,O,O,0,E3820400026111,八幡浜,2021/10/1
1610,神山,神山幼稚園 ,,O,O,O,O,O,0,E3820400024111,八幡浜,2021/10/1
1611,舌田,舌田地区公民館 ,,O,O,O,O,O,0,E3820400037111,八幡浜,2021/10/1
1612,千丈,千丈小学校　校舎,,O,O,O,O,O,0,E3820400016111,八幡浜,2021/10/1
1613,千丈,千丈小学校　体育館,,O,O,O,O,O,0,E3820400016112,八幡浜,2021/10/1
1614,千丈,千丈地区公民館 ,,O,O,O,O,O,0,E3820400047111,八幡浜,2021/10/1
1615,千丈,千丈地区公民館高野地分館 ,,O,O,O,O,O,0,E3820400036111,八幡浜,2021/10/1
1616,千丈,千丈保育所 ,,O,O,O,O,O,0,E3820400045111,八幡浜,2021/10/1
1617,川上,川上小学校　校舎,,O,O,O,O,O,0,E3820400054111,八幡浜,2021/10/1
1618,川上,川上小学校　体育館,,O,O,O,O,O,0,E3820400054112,八幡浜,2021/10/1
1619,川上,川上地区公民館 ,,O,O,O,O,O,0,E3820400056111,八幡浜,2021/10/1
1620,川上,川上保育所 ,,O,O,O,O,O,0,E3820400055111,八幡浜,2021/10/1
1621,川之石,川之石高等学校　北教練,,O,O,O,O,O,0,E3820400089113,八幡浜,2021/10/1
1622,川之石,川之石高等学校　体育館,,O,O,O,O,O,0,E3820400089114,八幡浜,2021/10/1
1623,川之石,川之石高等学校　武道場,,O,O,O,O,O,0,E3820400089111,八幡浜,2021/10/1
1624,川之石,川之石高等学校　本館　南教練,,O,O,O,O,O,0,E3820400089112,八幡浜,2021/10/1
1625,川之石,川之石小学校　校舎,,O,O,O,O,O,0,E3820400095111,八幡浜,2021/10/1
1626,川之石,川之石小学校　体育館,,O,O,O,O,O,0,E3820400095112,八幡浜,2021/10/1
1627,川之石,川之石地区交流拠点施設みなせ ,,O,O,O,O,O,0,E3820400094111,八幡浜,2021/10/1
1628,川之内,川之内地区公民館 ,,O,O,O,O,O,0,E3820400058111,八幡浜,2021/10/1
1629,双岩,双岩小学校　校舎,,O,O,O,O,O,0,E3820400040111,八幡浜,2021/10/1
1630,双岩,双岩小学校　体育館,,O,O,O,O,O,0,E3820400040112,八幡浜,2021/10/1
1631,双岩,双岩地区公民館 ,,O,O,O,O,O,0,E3820400039111,八幡浜,2021/10/1
1632,双岩,双岩保育所 ,,O,O,O,O,O,0,E3820400041111,八幡浜,2021/10/1
1633,松蔭,総合福祉文化センタX,,O,O,O,O,O,0,E3820400031111,八幡浜,2021/10/1
1634,大島,大島開発総合センター（大島地区公民館） ,,O,O,O,O,O,0,E3820400059111,八幡浜,2021/10/1
1635,大島,大島産業振興センター,,O,O,O,O,O,0,E3820400060112,八幡浜,2021/10/1
1636,大島,大島体育館 ,,O,O,O,O,O,0,E3820400060111,八幡浜,2021/10/1
1637,川之石,楠町自治公民館 ,,O,O,O,O,O,0,E3820400091111,八幡浜,2021/10/1
1638,日土,日土小学校　体育館,,O,O,O,O,O,0,E3820400062113,八幡浜,2021/10/1
1639,日土,日土小学校　西・中校舎,,O,O,O,O,O,0,E3820400062111,八幡浜,2021/10/1
1640,日土,日土小学校　東校舎,,O,O,O,O,O,0,E3820400062112,八幡浜,2021/10/1
1641,日土東,日土東地区複合施設（日土東地区公民館） ,,O,O,O,O,O,0,E3820400065111,八幡浜,2021/10/1
1642,日土,日土保育所 ,,O,O,O,O,O,0,E3820400067111,八幡浜,2021/10/1
1643,白浜,白浜小学校　体育館,,O,O,O,O,O,0,E3820400030113,八幡浜,2021/10/1
1644,白浜,白浜小学校　西校舎,,O,O,O,O,O,0,E3820400030111,八幡浜,2021/10/1
1645,白浜,白浜小学校　東校舎,,O,O,O,O,O,0,E3820400030112,八幡浜,2021/10/1
1646,白浜,白浜地区公民館 ,,O,O,O,O,O,0,E3820400101111,八幡浜,2021/10/1
1647,白浜,白浜保育所 ,,O,O,O,O,O,0,E3820400004111,八幡浜,2021/10/1
1648,神山,八代中学校　体育館,,O,O,O,O,O,0,E3820400068113,八幡浜,2021/10/1
1649,神山,八代中学校　本館,,O,O,O,O,O,0,E3820400068112,八幡浜,2021/10/1
1650,神山,八代中学校　木造校舎,,O,O,O,O,O,0,E3820400068111,八幡浜,2021/10/1
1651,神山,八幡浜工業高等学校　体育館,,O,O,O,O,O,0,E3820400022112,八幡浜,2021/10/1
1652,神山,八幡浜工業高等学校　武道場,,O,O,O,O,O,0,E3820400022111,八幡浜,2021/10/1
1653,千丈,八幡浜高等学校　いずしね,,O,O,O,O,O,0,E3820400048111,八幡浜,2021/10/1
1654,千丈,八幡浜高等学校　格技場,,O,O,O,O,O,0,E3820400048112,八幡浜,2021/10/1
1655,千丈,八幡浜高等学校　体育館,,O,O,O,O,O,0,E3820400048113,八幡浜,2021/10/1
1656,白浜,八幡浜市民スポーツセンター,,O,O,O,O,O,0,E3820400100111,八幡浜,2021/10/1
1657,江戸岡,八幡浜市民図書館 ,,O,O,O,O,O,0,E3820400011111,八幡浜,2021/10/1
1658,江戸岡,八幡浜市民文化活動センター,,O,O,O,O,O,0,E3820400012111,八幡浜,2021/10/1
1659,白浜,八幡浜市役所八幡浜庁舎 ,,O,O,O,O,O,0,E3820400096111,八幡浜,2021/10/1
1660,宮内,八幡浜市役所保内庁舎 ,,O,O,O,O,O,0,E3820400080111,八幡浜,2021/10/1
1661,松蔭,八幡浜児童センター,,O,O,O,O,O,0,E3820400017111,八幡浜,2021/10/1
1662,江戸岡,武道館 ,,O,O,O,O,O,0,E3820400010111,八幡浜,2021/10/1
1663,宮内,文化会館 ,,O,O,O,O,O,0,E3820400077111,八幡浜,2021/10/1
1664,千丈,保健福祉総合センター,,O,O,O,O,O,0,E3820400043111,八幡浜,2021/10/1
1665,宮内,保内児童センター,,O,O,O,O,O,0,E3820400081111,八幡浜,2021/10/1
1666,喜須来,保内中央体育館 ,,O,O,O,O,O,0,E3820400072111,八幡浜,2021/10/1
1667,川之石,保内中学校　校舎,,O,O,O,O,O,0,E3820400092111,八幡浜,2021/10/1
1668,川之石,保内中学校　体育館,,O,O,O,O,O,0,E3820400092112,八幡浜,2021/10/1
1669,宮内,保内福祉会館 ,,O,O,O,O,O,0,E3820400079111,八幡浜,2021/10/1
1670,宮内,保内保育所 ,,O,O,O,O,O,0,E3820400082111,八幡浜,2021/10/1
1671,宮内,保内保健福祉センター,,O,O,O,O,O,0,E3820400078111,八幡浜,2021/10/1
1672,宮内,保内幼稚園 ,,O,O,O,O,O,0,E3820400085111,八幡浜,2021/10/1
1673,観音寺,コミュニティ防災センター ,,O,O,O,X ,O,0,E3720500090111,観音寺,2024/12/2
1674,観音寺,ふれあい文化センター,,O,O,X ,X ,O,0,E3720500026111,観音寺,2024/12/2
1675,観音寺,伊吹公民館 ,,X ,X ,O,O,O,0,E3720500005111,観音寺,2024/12/2
1676,観音寺,伊吹支所 ,,O,O,O,O,O,0,E3720500004111,観音寺,2024/12/2
1677,観音寺,伊吹保育所 ,,O,O,O,O,O,0,E3720500006111,観音寺,2024/12/2
1678,観音寺,伊吹中学校・小学校（体育館）,,O,O,O,O,O,0,E3720500007111,観音寺,2024/12/2
1679,観音寺,一ノ谷公民館,,O,O,O,X ,O,0,E3720500019111,観音寺,2024/12/2
1680,観音寺,一ノ谷小学校（体育館）,,O,O,O,X ,O,0,E3720500017111,観音寺,2024/12/2
1681,観音寺,株式会社総合開発リネンサプライ事業,,O,O,O,O,O,0,E3720500036111,観音寺,2024/12/2
1682,観音寺,観音寺東公民館体育館,,X ,X ,X ,X ,O,0,E3720500084112,観音寺,2024/12/2
1683,観音寺,観音寺こども園 ,,X ,X ,X ,X ,O,0,E3720500010111,観音寺,2024/12/2
1684,観音寺,観音寺商工会議所,,O,O,O,O,O,0,E3720500024111,観音寺,2024/12/2
1685,観音寺,観音寺小学校（体育館）,,X ,X ,X ,X ,O,0,E3720500009111,観音寺,2024/12/2
1686,観音寺,観音寺総合高等学校（体育館）,,O,O,X ,X ,O,0,E3720500065111,観音寺,2024/12/2
1687,観音寺,観音寺第一高等学校（体育館）,,O,O,X ,X ,O,0,E3720500085111,観音寺,2024/12/2
1688,観音寺,観音寺中央図書館,,O,O,X ,X ,O,0,E3720500023113,観音寺,2024/12/2
1689,観音寺,観音寺中央幼稚園,,O,O,O,X ,O,0,E3720500098111,観音寺,2024/12/2
1690,観音寺,観音寺中学校 （ 武 道 館 ） ,,O,O,X ,X ,O,0,E3720500068111,観音寺,2024/12/2
1691,観音寺,観音寺中学校（体育館） ,,O,O,O,O,O,0,E3720500068112,観音寺,2024/12/2
1692,観音寺,観音寺中部こども園,,O,O,O,O,O,0,E3720500032111,観音寺,2024/12/2
1693,観音寺,観音寺東公民館,,O,O,X ,X ,O,0,E3720500084111,観音寺,2024/12/2
1694,観音寺,観音寺南公民館 ,,X ,X ,O,O,O,0,E3720500012111,観音寺,2024/12/2
1695,観音寺,旧一ノ谷幼稚園 ,,O,O,O,X ,O,0,E3720500018111,観音寺,2024/12/2
1696,観音寺,旧高室幼稚園 ,,O,O,O,O,O,0,E3720500021111,観音寺,2024/12/2
1697,観音寺,共同福祉施設 ,,X ,X ,O,O,O,0,E3720500023112,観音寺,2024/12/2
1698,観音寺,高室公民館,,O,O,O,O,O,0,E3720500022111,観音寺,2024/12/2
1699,観音寺,高室小学校（ 体育館 ） ,,O,O,O,O,O,0,E3720500020111,観音寺,2024/12/2
1700,観音寺,市立総合体育館,,O,O,O,O,O,0,E3720500063111,観音寺,2024/12/2
1701,観音寺,室本公民館 ,,X ,X ,X ,O,O,0,E3720500029111,観音寺,2024/12/2
1702,観音寺,常磐公民館,,O,O,O,O,O,0,E3720500034111,観音寺,2024/12/2
1703,観音寺,常磐小学校（体育館） ,,O,O,O,O,O,0,E3720500033111,観音寺,2024/12/2
1704,観音寺,中部中学校（体育館 ） ,,O,O,O,X ,O,0,E3720500094112,観音寺,2024/12/2
1705,観音寺,中部中学校（武道館） ,,O,O,O,X ,O,0,E3720500094111,観音寺,2024/12/2
1706,観音寺,働く婦人の家 ,,X ,X ,O,O,O,0,E3720500023111,観音寺,2024/12/2
1707,観音寺,百々宮会館,,X ,X ,O,O,O,0,E3720500087111,観音寺,2024/12/2
1708,観音寺,木之郷公民館 ,,O,O,O,O,O,0,E3720500089111,観音寺,2024/12/2
1709,観音寺,流岡公民館,,X ,X ,O,X ,O,0,E3720500092111,観音寺,2024/12/2
1710,観音寺,柞田公民館 ,,O,O,O,O,O,0,E3720500097111,観音寺,2024/12/2
1711,観音寺,柞田小学校（体育館） ,,O,O,O,O,O,0,E3720500093111,観音寺,2024/12/2
1712,観音寺,大野原こども園,,O,O,O,X,O,0,E3720500103111,観音寺,2024/12/2
1713,観音寺,大野原交流センター,,O,O,O,O,O,0,E3720500045111,観音寺,2024/12/2
1714,観音寺,豊浜こども園,,O,O,O,O,O,0,E3720500077111,観音寺,2024/12/2
1715,観音寺,豊浜小学校（体育館）,,O,O,O,O,O,0,E3720500077112,観音寺,2024/12/2
1716,観音寺,豊浜西部集会所,,O,O,X,O,O,0,E3720500074111,観音寺,2024/12/2
1717,観音寺,豊浜中央公民館,,O,O,O,O,O,0,E3720500079111,観音寺,2024/12/2
1718,観音寺,豊浜南部集会所,,O,O,O,O,O,0,E3720500076111,観音寺,2024/12/2
1719,観音寺,豊浜福祉会館,,X,X,O,O,O,0,E3720500080111,観音寺,2024/12/2
1720,観音寺,豊浜保育園,,O,O,O,O,O,0,E3720500078111,観音寺,2024/12/2
1721,観音寺,萩のふるさと会館,,O,O,O,O,O,0,E3720500061111,観音寺,2024/12/2
1722,観音寺,萩の湯,,O,O,O,X,O,0,E3720500048111,観音寺,2024/12/2
1723,観音寺,粟井公民館,,O,O,O,O,O,0,E3720500002111,観音寺,2024/12/2
1724,観音寺,粟井小学校（体育館）,,O,O,O,O,O,0,E3720500001111,観音寺,2024/12/2
1725,観音寺,花稲研修センター,,O,O,O,O,O,0,E3720500040111,観音寺,2024/12/2
1726,観音寺,海の家（豊浜コミュニティセンター ）,,O,O,O,O,O,0,E3720500073111,観音寺,2024/12/2
1727,観音寺,旧紀伊小学校（体育館 ）,,O,O,O,O,O,0,E3720500042111,観音寺,2024/12/2
1728,観音寺,旧萩原小学校（体育館）,,O,O,O,O,O,0,E3720500060111,観音寺,2024/12/2
1729,観音寺,笑いの家とよた ,,O,O,O,O,O,0,E3720500102112,観音寺,2024/12/2
1730,観音寺,大野原いきいきセンター,,O,O,O,O,O,0,E3720500044111,観音寺,2024/12/2
1731,観音寺,大野原会館,,O,O,O,O,O,0,E3720500055111,観音寺,2024/12/2
1732,観音寺,大野原中央集会場,,X,X,O,O,O,0,E3720500046111,観音寺,2024/12/2
1733,観音寺,大野原勤労青少年ホーム,,O,O,O,O,O,0,E3720500047111,観音寺,2024/12/2
1734,観音寺,大野原中央公民館,,X,X,O,O,O,0,E3720500043111,観音寺,2024/12/2
1735,観音寺,大野原中学校（体育館） ,,O,O,O,O,O,0,E3720500054112,観音寺,2024/12/2
1736,観音寺,大野原中学校（武道館）,,O,O,O,O,O,0,E3720500054111,観音寺,2024/12/2
1737,観音寺,大野原農業者トレーニングセンター,,O,O,O,O,O,0,E3720500052111,観音寺,2024/12/2
1738,観音寺,大野原福祉会館,,O,O,O,O,O,0,E3720500062111,観音寺,2024/12/2
1739,観音寺,中姫中央ふれあい会館,,O,O,O,X,O,0,E3720500056111,観音寺,2024/12/2
1740,観音寺,天理教西香川分教会,,O,O,O,O,O,0,E3720500039111,観音寺,2024/12/2
1741,観音寺,田野々自治会館,,O,O,O,O,X,0,E3720500057111,観音寺,2024/12/2
1742,観音寺,豊 浜 総 合 体 育 館（ す ぽ っ シ ュ TOYOHAMA ）,,O,O,O,O,O,0,E3720500083111,観音寺,2024/12/2
1743,観音寺,豊田公民館,,X,X,O,O,O,0,E3720500016111,観音寺,2024/12/2
1744,観音寺,豊田小学校（体育館 ）,,O,O,O,O,O,0,E3720500035111,観音寺,2024/12/2
1745,観音寺,豊浜公会堂,,O,O,O,O,O,0,E3720500072111,観音寺,2024/12/2
1746,観音寺,豊浜コミュニティ消防センター,,O,O,O,O,O,0,E3720500079112,観音寺,2024/12/2
1747,観音寺,豊浜中学校（体育館） ,,O,O,O,O,O,0,E3720500082112,観音寺,2024/12/2
1748,観音寺,豊浜中学校（武道館）,,O,O,O,O,O,0,E3720500082111,観音寺,2024/12/2
1749,観音寺,燧望苑,,O,O,O,O,O,0,E3720500041111,観音寺,2024/12/2
1750,鵜来島 ,鵜来島離島センター（旧鵜来島小中学校）,,X,X,NA,O,X,0,E3920800009111,宿毛,2024/4/9
1751,橋上,奥奈路老人憩の家 ,,X,O,NA,○,X,0,E3920800024111,宿毛,2024/4/9
1752,街・和田,押ノ川老人憩の家 ,,O,O,NA,O,○,0,E3920800007111,宿毛,2024/4/9
1753,沖の島,沖の島開発総合センター（沖の島支所）,,O,O,NA,○,X,0,E3920800014111,宿毛,2024/4/9
1754,沖の島,沖の島小中学校 ,,O,O,NA,○,X,0,E3920800017111,宿毛,2024/4/9
1755,平田・山田,貝礎隣保館 ,,〇 ,O,NA,O,○,0,E3920800136111,宿毛,2024/4/9
1756,平田・山田,貝礎老人憩の家 ,,X,O,NA,X,○,0,E3920800132111,宿毛,2024/4/9
1757,街・和田,旧すみれ保育園 ,,〇 ,O,NA,○,X,0,E3920800154111,宿毛,2024/4/9
1758,小筑紫,旧みなみ保育園 ,,O,O,NA,O,○,0,E3920800095111,宿毛,2024/4/9
1759,街・和田,旧松田川小学校体育館 ,,〇 ,O,NA,○,X,0,E3920800152111,宿毛,2024/4/9
1760,橋上,橋上小学校 ,,O,O,NA,X,○,0,E3920800026111,宿毛,2024/4/9
1761,橋上,橋上中学校 ,,O,O,NA,X,○,0,E3920800023111,宿毛,2024/4/9
1762,橋上,橋上保育園 ,,O,O,NA,X,○,0,E3920800025111,宿毛,2024/4/9
1763,沖の島,弘瀬老人憩の家 ,,O,O,NA,○,X,0,E3920800012111,宿毛,2024/4/9
1764,平田・山田,高知県立宿毛工業高等学校 ,,〇 ,O,NA,X,○,0,E3920800131111,宿毛,2024/4/9
1765,平田・山田,高知県立幡多看護専門学校 ,,〇 ,O,NA,O,○,0,E3920800065111,宿毛,2024/4/9
1766,橋上,坂本多目的集会所 ,,O,O,NA,X,○,0,E3920800027111,宿毛,2024/4/9
1767,平田・山田,山田保育園 ,,O,O,NA,O,○,0,E3920800061111,宿毛,2024/4/9
1768,平田・山田,山奈小学校 ,,O,O,NA,X,○,0,E3920800060111,宿毛,2024/4/9
1769,橋上,山里の家 ,,O,O,NA,O,○,0,E3920800030111,宿毛,2024/4/9
1770,平田・山田,手代岡共同作業場 ,,O,O,NA,○,X,0,E3920800063111,宿毛,2024/4/9
1771,平田・山田,手代岡隣保館 ,,O,○,NA,X,X,0,E3920800062111,宿毛,2024/4/9
1772,西,宿毛市総合社会福祉センター,,O,X,NA,X,O,0,E3920800043111,宿毛,2024/4/9
1773,街・和田,宿毛市防災センター,,O,X,NA,X,X,0,E3920800150111,宿毛,2024/4/9
1774,街・和田,宿毛小学校 ,,O,X,NA,X,X,0,E3920800059111,宿毛,2024/4/9
1775,街・和田,宿毛中学校 ,,O,X,NA,X,X,0,E3920800057111,宿毛,2024/4/9
1776,街・和田,宿毛文教センター,,O,X,NA,X,O,0,E3920800119111,宿毛,2024/4/9
1777,小筑紫,小筑紫基幹集落センター,,O,X,NA,O,X,0,E3920800088111,宿毛,2024/4/9
1778,小筑紫,小筑紫小学校 ,,O,X,NA,O,O,0,E3920800090112,宿毛,2024/4/9
1779,小筑紫,小筑紫中学校 ,,O,X,NA,O,O,0,E3920800090111,宿毛,2024/4/9
1780,小筑紫,小筑紫保育園 ,,O,O,NA,O,○,0,E3920800097111,宿毛,2024/4/9
1781,橋上,神有多目的集会所 ,,O,O,NA,X,○,0,E3920800028111,宿毛,2024/4/9
1782,街・和田,正和老人憩の家 ,,X,O,NA,○,X,0,E3920800155111,宿毛,2024/4/9
1783,小筑紫,石原集会所 ,,X,O,NA,○,X,0,E3920800091111,宿毛,2024/4/9
1784,小筑紫,千寿園 ,,O,X,NA,O,X,0,E3920800100111,宿毛,2024/4/9
1785,西,大島公民館 ,,X,X,NA,O,O,0,E3920800114111,宿毛,2024/4/9
1786,西,大島小学校 ,,O,X,NA,O,X,0,E3920800145111,宿毛,2024/4/9
1787,平田・山田,東中学校 ,,O,O,NA,O,○,0,E3920800129111,宿毛,2024/4/9
1788,平田・山田,東部支所 ,,O,O,NA,O,○,0,E3920800130111,宿毛,2024/4/9
1789,平田・山田,東部農村環境改善センター,,O,O,NA,X,○,0,E3920800133111,宿毛,2024/4/9
1790,橋上,楠山多目的集会所 ,,O,O,NA,○,X,0,E3920800029111,宿毛,2024/4/9
1791,平田・山田,平田小学校 ,,O,O,NA,X,○,0,E3920800135111,宿毛,2024/4/9
1792,平田・山田,平田保育園 ,,O,O,NA,X,○,0,E3920800134111,宿毛,2024/4/9
1793,西,片島中学校 ,,O,X,NA,X,O,0,E3920800139111,宿毛,2024/4/9
1794,平田・山田,芳奈老人憩の家 ,,O,O,NA,○,X,0,E3920800064111,宿毛,2024/4/9
1795,西,咸陽小学校 ,,O,X,NA,O,O,0,E3920800022111,宿毛,2024/4/9
1796,津大,(旧)奥屋内小学校,,O,O,O,O,O,0,E3921000040111,四万十市,2021/12/22
1797,津大,(旧)下家地小学校,,O,O,O,O,O,0,E3921000041111,四万十市,2021/12/22
1798,津大,(旧)口屋内小学校,,O,O,O,O,O,0,E3921000044111,四万十市,2021/12/22
1799,大川筋,(旧)勝間小学校,,O,O,O,O,O,0,E3921000036111,四万十市,2021/12/22
1800,富山,(旧)常六小学校,,O,O,O,O,O,0,E3921000037111,四万十市,2021/12/22
1801,津大,(旧)須崎小学校,,O,O,O,O,O,0,E3921000051111,四万十市,2021/12/22
1802,江川崎,(旧)西ヶ方小学校,,O,O,O,O,O,0,E3921000052111,四万十市,2021/12/22
1803,津大,(旧)大宮小学校,,O,O,O,O,O,0,E3921000055111,四万十市,2021/12/22
1804,富山,(旧)竹屋敷小中学校,,O,O,O,O,O,0,E3921000069111,四万十市,2021/12/22
1805,津大,(旧)津野川小学校,,O,O,O,O,O,0,E3921000057111,四万十市,2021/12/22
1806,後川,(旧)田野川小学校,,O,O,O,O,O,0,E3921000080111,四万十市,2021/12/22
1807,津大,(旧)藤ノ川小学校,,O,O,O,O,O,0,E3921000059111,四万十市,2021/12/22
1808,富山,(旧)片魚小学校,,O,O,O,O,O,0,E3921000084111,四万十市,2021/12/22
1809,富山,(旧)片魚中学校,,O,O,O,O,O,0,E3921000083111,四万十市,2021/12/22
1810,江川崎,(旧)本村小学校,,O,O,O,O,O,0,E3921000047111,四万十市,2021/12/22
1811,下田,井沢防災コミュニティセンター,,O,O,O,O,O,0,E3921000005111,四万十市,2021/12/22
1812,下田,下田中学校,,O,O,O,O,O,0,E3921000016111,四万十市,2021/12/22
1813,具同,具同小学校,,O,O,O,O,O,0,E3921000022111,四万十市,2021/12/22
1814,江川崎,権谷せせらぎ交流館へきち集会所,,O,O,O,O,O,0,E3921000046111,四万十市,2021/12/22
1815,八束,坂本防災コミュニティセンター,,O,O,O,O,O,0,E3921000032111,四万十市,2021/12/22
1816,八束,山路防災コミュニティセンター,,O,O,O,O,O,0,E3921000033111,四万十市,2021/12/22
1817,八束,四万十カントリークラブ,,O,O,O,O,O,0,E3921000019111,四万十市,2021/12/22
1818,東山,市民スポーツセンター,,O,O,O,O,O,0,E3921000002111,四万十市,2021/12/22
1819,八束,深木防災コミュニティセンター,,O,O,O,O,O,0,E3921000038111,四万十市,2021/12/22
1820,江川崎,西土佐小学校,,O,O,O,O,O,0,E3921000062111,四万十市,2021/12/22
1821,江川崎,西土佐中学校,,O,O,O,O,O,0,E3921000063111,四万十市,2021/12/22
1822,下田,双海防災コミュニティセンター,,O,O,O,O,O,0,E3921000066111,四万十市,2021/12/22
1823,大川筋,大川筋中学校,,O,O,O,O,O,0,E3921000065111,四万十市,2021/12/22
1824,富山,大用小学校,,O,O,O,O,O,0,E3921000068111,四万十市,2021/12/22
1825,富山,大用中学校,,O,O,O,O,O,0,E3921000067111,四万十市,2021/12/22
1826,下田,竹島小学校,,O,O,O,O,O,0,E3921000070111,四万十市,2021/12/22
1827,下田,竹島防災コミュニティセンター,,O,O,O,O,O,0,E3921000072111,四万十市,2021/12/22
1828,中筋,中筋小学校,,O,O,O,O,O,0,E3921000087111,四万十市,2021/12/22
1829,中筋,中筋中学校,,O,O,O,O,O,0,E3921000085111,四万十市,2021/12/22
1830,中筋,中筋老人憩の家,,O,O,O,O,O,0,E3921000073111,四万十市,2021/12/22
1831,中村,中村高等学校,,O,O,O,O,O,0,E3921000058111,四万十市,2021/12/22
1832,津大,中村高等学校西土佐分校,,O,O,O,O,O,0,E3921000076111,四万十市,2021/12/22
1833,中村,中村小学校,,O,O,O,O,O,0,E3921000021111,四万十市,2021/12/22
1834,具同,中村西中学校,,O,O,O,O,O,0,E3921000078111,四万十市,2021/12/22
1835,中村,中村中学校,,O,O,O,O,O,0,E3921000025111,四万十市,2021/12/22
1836,東山,中村特別支援学校,,O,O,O,O,O,0,E3921000081111,四万十市,2021/12/22
1837,中村,中村南小学校,,O,O,O,O,O,0,E3921000056111,四万十市,2021/12/22
1838,東中筋,東中筋小学校,,O,O,O,O,O,0,E3921000029111,四万十市,2021/12/22
1839,東中筋,東中筋中学校,,O,O,O,O,O,0,E3921000028111,四万十市,2021/12/22
1840,東山,幡多農業高等学校,,O,O,O,O,O,0,E3921000026111,四万十市,2021/12/22
1841,八束,八束中学校,,O,O,O,O,O,0,E3921000035111,四万十市,2021/12/22
1842,東山,武道館,,O,O,O,O,O,0,E3921000001111,四万十市,2021/12/22
1843,八束,名鹿集会所,,O,O,O,O,O,0,E3921000034111,四万十市,2021/12/22
1844,後川,利岡小学校,,O,O,O,O,O,0,E3921000088111,四万十市,2021/12/22
1845,蕨岡,蕨岡小学校,,O,O,O,O,O,0,E3921000091111,四万十市,2021/12/22
1846,蕨岡,蕨岡中学校,,O,O,O,O,O,0,E3921000093111,四万十市,2021/12/22
1847,蕨岡,蕨岡保育所,,O,O,O,O,O,0,E3921000092111,四万十市,2021/12/22
1848,四万十町,B&G海洋センター,,O,NA,NA,O,O,0,E3941200196111,四万十町,2023/6/15
1849,四万十町,ウェル花夢,,O,NA,NA,O,O,0,E3941200065111,四万十町,2023/6/15
1850,四万十町,きらら大正,,O,NA,NA,O,O,0,E3941200150111,四万十町,2023/6/15
1851,四万十町,つづら川集会所,,O,NA,NA,O,O,0,E3941200149111,四万十町,2023/6/15
1852,四万十町,デイサービスセンターさくら貝,,O,NA,NA,O,O,0,E3941200003112,四万十町,2023/6/15
1853,四万十町,井細の郷里檜生原,,O,NA,NA,O,O,0,E3941200187111,四万十町,2023/6/15
1854,四万十町,井崎集会所,,O,NA,NA,O,O,0,E3941200207111,四万十町,2023/6/15
1855,四万十町,一斗俵集会所,,O,NA,NA,O,O,0,E3941200209111,四万十町,2023/6/15
1856,四万十町,影山集会所,,O,NA,NA,O,O,0,E3941200096111,四万十町,2023/6/15
1857,四万十町,影野小学校,,O,NA,NA,O,O,0,E3941200007111,四万十町,2023/6/15
1858,四万十町,影野上部落集会所,,O,NA,NA,O,O,0,E3941200009111,四万十町,2023/6/15
1859,四万十町,影野町民会館,,O,NA,NA,O,O,0,E3941200212111,四万十町,2023/6/15
1860,四万十町,越行集会所,,O,NA,NA,O,O,0,E3941200095112,四万十町,2023/6/15
1861,四万十町,奥呉地集会所,,O,NA,NA,O,O,0,E3941200010111,四万十町,2023/6/15
1862,四万十町,奥打井川公民館,,O,NA,NA,O,O,0,E3941200136111,四万十町,2023/6/15
1863,四万十町,奥大道生活改善センター,,O,NA,NA,O,O,0,E3941200169111,四万十町,2023/6/15
1864,四万十町,沖代部落集会所,,O,NA,NA,O,O,0,E3941200091111,四万十町,2023/6/15
1865,四万十町,下岡集会所,,O,NA,NA,O,O,0,E3941200011111,四万十町,2023/6/15
1866,四万十町,下栗集会所,,O,NA,NA,O,O,0,E3941200052111,四万十町,2023/6/15
1867,四万十町,下呉地集会所,,O,NA,NA,O,O,0,E3941200012111,四万十町,2023/6/15
1868,四万十町,下道集会所,,O,NA,NA,O,O,0,E3941200016111,四万十町,2023/6/15
1869,四万十町,家地川集会所,,O,NA,NA,O,O,0,E3941200017111,四万十町,2023/6/15
1870,四万十町,家地川地域活性化拠点施設,,O,NA,NA,O,O,0,E3941200018111,四万十町,2023/6/15
1871,四万十町,河内集会所,,O,NA,NA,O,O,0,E3941200019111,四万十町,2023/6/15
1872,四万十町,茅吹手公民館,,O,NA,NA,O,O,0,E3941200020111,四万十町,2023/6/15
1873,四万十町,岩本寺,,O,NA,NA,O,O,0,E3941200199111,四万十町,2023/6/15
1874,四万十町,希ノ川集会所,,O,NA,NA,O,O,0,E3941200021111,四万十町,2023/6/15
1875,四万十町,久保川集会所,,O,NA,NA,O,O,0,E3941200023111,四万十町,2023/6/15
1876,四万十町,宮内集会所,,O,NA,NA,O,O,0,E3941200025111,四万十町,2023/6/15
1877,四万十町,旧下津井小学校,,O,NA,NA,O,O,0,E3941200015111,四万十町,2023/6/15
1878,四万十町,旧丸山小学校,,O,NA,NA,O,O,0,E3941200175111,四万十町,2023/6/15
1879,四万十町,旧古城小学校（体育館）,,O,NA,NA,O,O,0,E3941200058111,四万十町,2023/6/15
1880,四万十町,旧広井小学校（体育館）,,O,NA,NA,O,O,0,E3941200061111,四万十町,2023/6/15
1881,四万十町,魚の川集会所,,O,NA,NA,O,O,0,E3941200026111,四万十町,2023/6/15
1882,四万十町,興津浦分集会所,,O,NA,NA,O,O,0,E3941200033111,四万十町,2023/6/15
1883,四万十町,興津小学校,,O,NA,NA,O,O,0,E3941200030111,四万十町,2023/6/15
1884,四万十町,興津第１団地集会所,,O,NA,NA,O,O,0,E3941200034111,四万十町,2023/6/15
1885,四万十町,興津地区多目的集会所,,O,NA,NA,O,O,0,E3941200029111,四万十町,2023/6/15
1886,四万十町,興津中央集会所,,O,NA,NA,O,O,0,E3941200035111,四万十町,2023/6/15
1887,四万十町,興津町民館,,O,NA,NA,O,O,0,E3941200036111,四万十町,2023/6/15
1888,四万十町,興津保育所,,O,NA,NA,O,O,0,E3941200038111,四万十町,2023/6/15
1889,四万十町,興津防災活動拠点施設,,O,NA,NA,O,O,0,E3941200039111,四万十町,2023/6/15
1890,四万十町,金上野下集会所,,O,NA,NA,O,O,0,E3941200050111,四万十町,2023/6/15
1891,四万十町,金上野県営住宅内集会所,,O,NA,NA,O,O,0,E3941200048111,四万十町,2023/6/15
1892,四万十町,金上野集会所,,O,NA,NA,O,O,0,E3941200047111,四万十町,2023/6/15
1893,四万十町,窪川小学校,,O,NA,NA,O,O,0,E3941200046111,四万十町,2023/6/15
1894,四万十町,窪川地域子育て支援センター,,O,NA,NA,O,O,0,E3941200195111,四万十町,2023/6/15
1895,四万十町,窪川中学校,,O,NA,NA,O,O,0,E3941200066111,四万十町,2023/6/15
1896,四万十町,見付集会所,,O,NA,NA,O,O,0,E3941200053111,四万十町,2023/6/15
1897,四万十町,見付町民館,,O,NA,NA,O,O,0,E3941200054111,四万十町,2023/6/15
1898,四万十町,見付老人憩いの家,,O,NA,NA,O,O,0,E3941200054112,四万十町,2023/6/15
1899,四万十町,古城奥組集会所,,O,NA,NA,O,O,0,E3941200057111,四万十町,2023/6/15
1900,四万十町,古城下組集会所,,O,NA,NA,O,O,0,E3941200056111,四万十町,2023/6/15
1901,四万十町,古城生活改善センター,,O,NA,NA,O,O,0,E3941200055111,四万十町,2023/6/15
1902,四万十町,古味野々集会所,,O,NA,NA,O,O,0,E3941200161111,四万十町,2023/6/15
1903,四万十町,戸口集会所,,O,NA,NA,O,O,0,E3941200119111,四万十町,2023/6/15
1904,四万十町,戸川生活改善センター,,O,NA,NA,O,O,0,E3941200059111,四万十町,2023/6/15
1905,四万十町,口神ノ川公民館,,O,NA,NA,O,O,0,E3941200146111,四万十町,2023/6/15
1906,四万十町,口神ノ川小学校,,O,NA,NA,O,O,0,E3941200060111,四万十町,2023/6/15
1907,四万十町,口打井川集会所,,O,NA,NA,O,O,0,E3941200137111,四万十町,2023/6/15
1908,四万十町,口大道集会所,,O,NA,NA,O,O,0,E3941200168111,四万十町,2023/6/15
1909,四万十町,広瀬集会所,,O,NA,NA,O,O,0,E3941200062111,四万十町,2023/6/15
1910,四万十町,弘見集会所,,O,NA,NA,O,O,0,E3941200063111,四万十町,2023/6/15
1911,四万十町,弘瀬集会所,,O,NA,NA,O,O,0,E3941200064111,四万十町,2023/6/15
1912,四万十町,高野集会所,,O,NA,NA,O,O,0,E3941200067111,四万十町,2023/6/15
1913,四万十町,轟崎集会所,,O,NA,NA,O,O,0,E3941200153111,四万十町,2023/6/15
1914,四万十町,轟農林業共同館,,O,NA,NA,O,O,0,E3941200120111,四万十町,2023/6/15
1915,四万十町,黒石公民館,,O,NA,NA,O,O,0,E3941200069111,四万十町,2023/6/15
1916,四万十町,根元原集会所,,O,NA,NA,O,O,0,E3941200070111,四万十町,2023/6/15
1917,四万十町,作屋就業改善センター,,O,NA,NA,O,O,0,E3941200073111,四万十町,2023/6/15
1918,四万十町,山株集会所,,O,NA,NA,O,O,0,E3941200013111,四万十町,2023/6/15
1919,四万十町,仕出原集会所,,O,NA,NA,O,O,0,E3941200024111,四万十町,2023/6/15
1920,四万十町,四手崎集会所,,O,NA,NA,O,O,0,E3941200114111,四万十町,2023/6/15
1921,四万十町,四万十高校（格技場他）,,O,NA,NA,O,O,0,E3941200157111,四万十町,2023/6/15
1922,四万十町,四万十農協会館,,O,NA,NA,O,O,0,E3941200072111,四万十町,2023/6/15
1923,四万十町,市ノ又集会所,,O,NA,NA,O,O,0,E3941200160111,四万十町,2023/6/15
1924,四万十町,市生原地区集落センター,,O,NA,NA,O,O,0,E3941200076111,四万十町,2023/6/15
1925,四万十町,志和コミュニティセンター,,O,NA,NA,O,O,0,E3941200084111,四万十町,2023/6/15
1926,四万十町,志和峰集会所,,O,NA,NA,O,O,0,E3941200088111,四万十町,2023/6/15
1927,四万十町,志和防災活動拠点施設,,O,NA,NA,O,O,0,E3941200085111,四万十町,2023/6/15
1928,四万十町,寺野集会所,,O,NA,NA,O,O,0,E3941200089111,四万十町,2023/6/15
1929,四万十町,七里小学校,,O,NA,NA,O,O,0,E3941200093111,四万十町,2023/6/15
1930,四万十町,社会福祉センター,,O,NA,NA,O,O,0,E3941200198111,四万十町,2023/6/15
1931,四万十町,若井公民館,,O,NA,NA,O,O,0,E3941200097111,四万十町,2023/6/15
1932,四万十町,若井川下集会所,,O,NA,NA,O,O,0,E3941200100111,四万十町,2023/6/15
1933,四万十町,若井川集会所,,O,NA,NA,O,O,0,E3941200099111,四万十町,2023/6/15
1934,四万十町,秋丸集会所,,O,NA,NA,O,O,0,E3941200101111,四万十町,2023/6/15
1935,四万十町,集落活動センター　仁井田のりん家,,O,NA,NA,O,O,0,E3941200007112,四万十町,2023/6/15
1936,四万十町,十川集会所,,O,NA,NA,O,O,0,E3941200105111,四万十町,2023/6/15
1937,四万十町,十川小中学校（体育館） 小鳩保育所,,O,NA,NA,O,O,0,E3941200107111,四万十町,2023/6/15
1938,四万十町,十川地区防災活動拠点施設,,O,NA,NA,O,O,0,E3941200104111,四万十町,2023/6/15
1939,四万十町,十和川口集会所,,O,NA,NA,O,O,0,E3941200106111,四万十町,2023/6/15
1940,四万十町,十和体育館,,O,NA,NA,O,O,0,E3941200022112,四万十町,2023/6/15
1941,四万十町,十和地域振興局,,O,NA,NA,O,O,0,E3941200103111,四万十町,2023/6/15
1942,四万十町,十和東部地区交流センター,,O,NA,NA,O,O,0,E3941200005111,四万十町,2023/6/15
1943,四万十町,十和保健センター,,O,NA,NA,O,O,0,E3941200116111,四万十町,2023/6/15
1944,四万十町,十和隣保館,,O,NA,NA,O,O,0,E3941200144111,四万十町,2023/6/15
1945,四万十町,勝賀野集会所,,O,NA,NA,O,O,0,E3941200108111,四万十町,2023/6/15
1946,四万十町,小向集会所,,O,NA,NA,O,O,0,E3941200109111,四万十町,2023/6/15
1947,四万十町,小野川集会所,,O,NA,NA,O,O,0,E3941200094111,四万十町,2023/6/15
1948,四万十町,小野農業構造改善センター,,O,NA,NA,O,O,0,E3941200110111,四万十町,2023/6/15
1949,四万十町,床鍋集会所,,O,NA,NA,O,O,0,E3941200111111,四万十町,2023/6/15
1950,四万十町,昭和基幹集落センター,,O,NA,NA,O,O,0,E3941200118111,四万十町,2023/6/15
1951,四万十町,昭和高齢者創作館,,O,NA,NA,O,O,0,E3941200117111,四万十町,2023/6/15
1952,四万十町,昭和小学校,,O,NA,NA,O,O,0,E3941200115111,四万十町,2023/6/15
1953,四万十町,松葉川温泉,,O,NA,NA,O,O,0,E3941200184111,四万十町,2023/6/15
1954,四万十町,上岡集会所,,O,NA,NA,O,O,0,E3941200121111,四万十町,2023/6/15
1955,四万十町,上宮集会所,,O,NA,NA,O,O,0,E3941200122111,四万十町,2023/6/15
1956,四万十町,上秋丸集会所,,O,NA,NA,O,O,0,E3941200123111,四万十町,2023/6/15
1957,四万十町,新町集会所,,O,NA,NA,O,O,0,E3941200151111,四万十町,2023/6/15
1958,四万十町,神ノ西集会所,,O,NA,NA,O,O,0,E3941200213111,四万十町,2023/6/15
1959,四万十町,親ヶ内集会所,,O,NA,NA,O,O,0,E3941200124111,四万十町,2023/6/15
1960,四万十町,仁井田小学校,,O,NA,NA,O,O,0,E3941200126111,四万十町,2023/6/15
1961,四万十町,仁井田町民会館,,O,NA,NA,O,O,0,E3941200127111,四万十町,2023/6/15
1962,四万十町,数家老人憩いの家,,O,NA,NA,O,O,0,E3941200129111,四万十町,2023/6/15
1963,四万十町,瀬里集会所,,O,NA,NA,O,O,0,E3941200130111,四万十町,2023/6/15
1964,四万十町,西ノ川集会所,,O,NA,NA,O,O,0,E3941200074111,四万十町,2023/6/15
1965,四万十町,西ノ川集会所,,O,NA,NA,O,O,0,E3941200131111,四万十町,2023/6/15
1966,四万十町,西原公民館,,O,NA,NA,O,O,0,E3941200132111,四万十町,2023/6/15
1967,四万十町,西川角公民館,,O,NA,NA,O,O,0,E3941200133111,四万十町,2023/6/15
1968,四万十町,川ノ内集会所,,O,NA,NA,O,O,0,E3941200134111,四万十町,2023/6/15
1969,四万十町,川奥集会所,,O,NA,NA,O,O,0,E3941200190111,四万十町,2023/6/15
1970,四万十町,川口小学校,,O,NA,NA,O,O,0,E3941200181111,四万十町,2023/6/15
1971,四万十町,相去集会所,,O,NA,NA,O,O,0,E3941200135111,四万十町,2023/6/15
1972,四万十町,打井川地域づくりセンター,,O,NA,NA,O,O,0,E3941200138111,四万十町,2023/6/15
1973,四万十町,替坂本集会所,,O,NA,NA,O,O,0,E3941200140111,四万十町,2023/6/15
1974,四万十町,大井川住民センター,,O,NA,NA,O,O,0,E3941200143111,四万十町,2023/6/15
1975,四万十町,大井野集会所,,O,NA,NA,O,O,0,E3941200145111,四万十町,2023/6/15
1976,四万十町,大向公民館,,O,NA,NA,O,O,0,E3941200147111,四万十町,2023/6/15
1977,四万十町,大正中津川集落活動センター,,O,NA,NA,O,O,0,E3941200164111,四万十町,2023/6/15
1978,四万十町,大正中津川防災活動拠点施設,,O,NA,NA,O,O,0,E3941200165111,四万十町,2023/6/15
1979,四万十町,大正北ノ川多目的集会所,,O,NA,NA,O,O,0,E3941200167111,四万十町,2023/6/15
1980,四万十町,大奈路集会所,,O,NA,NA,O,O,0,E3941200177111,四万十町,2023/6/15
1981,四万十町,大奈路小学校,,O,NA,NA,O,O,0,E3941200162111,四万十町,2023/6/15
1982,四万十町,大保木集会所,,O,NA,NA,O,O,0,E3941200113111,四万十町,2023/6/15
1983,四万十町,地域交流センターたのの,,O,NA,NA,O,O,0,E3941200155111,四万十町,2023/6/15
1984,四万十町,地吉生活改善センター,,O,NA,NA,O,O,0,E3941200170111,四万十町,2023/6/15
1985,四万十町,中神ノ川公民館,,O,NA,NA,O,O,0,E3941200171111,四万十町,2023/6/15
1986,四万十町,中打井川集会所,,O,NA,NA,O,O,0,E3941200139111,四万十町,2023/6/15
1987,四万十町,中津川部落集会所,,O,NA,NA,O,O,0,E3941200051111,四万十町,2023/6/15
1988,四万十町,町営住宅金上野団地内集会所,,O,NA,NA,O,O,0,E3941200049111,四万十町,2023/6/15
1989,四万十町,津賀集会所,,O,NA,NA,O,O,0,E3941200172111,四万十町,2023/6/15
1990,四万十町,天ノ川集会所,,O,NA,NA,O,O,0,E3941200173111,四万十町,2023/6/15
1991,四万十町,田野々小学校,,O,NA,NA,O,O,0,E3941200159111,四万十町,2023/6/15
1992,四万十町,田野々小学校 大正地域振興局,,O,NA,NA,O,O,0,E3941200174111,四万十町,2023/6/15
1993,四万十町,土居集会所,,O,NA,NA,O,O,0,E3941200158111,四万十町,2023/6/15
1994,四万十町,土場集会所,,O,NA,NA,O,O,0,E3941200176111,四万十町,2023/6/15
1995,四万十町,東川角老人憩いの家,,O,NA,NA,O,O,0,E3941200077111,四万十町,2023/6/15
1996,四万十町,東又小学校,,O,NA,NA,O,O,0,E3941200068111,四万十町,2023/6/15
1997,四万十町,東又地区基幹集落センター,,O,NA,NA,O,O,0,E3941200197111,四万十町,2023/6/15
1998,四万十町,藤ノ川公民館,,O,NA,NA,O,O,0,E3941200178111,四万十町,2023/6/15
1999,四万十町,道徳集会所,,O,NA,NA,O,O,0,E3941200179111,四万十町,2023/6/15
2000,四万十町,奈路集会所,,O,NA,NA,O,O,0,E3941200180111,四万十町,2023/6/15
2001,四万十町,鍋谷集会所,,O,NA,NA,O,O,0,E3941200102111,四万十町,2023/6/15
2002,四万十町,南川口防災活動拠点施設,,O,NA,NA,O,O,0,E3941200182111,四万十町,2023/6/15
2003,四万十町,南町集会所,,O,NA,NA,O,O,0,E3941200148111,四万十町,2023/6/15
2004,四万十町,農村環境改善センター,,O,NA,NA,O,O,0,E3941200071111,四万十町,2023/6/15
2005,四万十町,八千数集会所,,O,NA,NA,O,O,0,E3941200185111,四万十町,2023/6/15
2006,四万十町,八木集会所,,O,NA,NA,O,O,0,E3941200142111,四万十町,2023/6/15
2007,四万十町,飯ノ川集会所,,O,NA,NA,O,O,0,E3941200186111,四万十町,2023/6/15
2008,四万十町,平串集会所,,O,NA,NA,O,O,0,E3941200188111,四万十町,2023/6/15
2009,四万十町,平野集会所,,O,NA,NA,O,O,0,E3941200189111,四万十町,2023/6/15
2010,四万十町,米奥集会所,,O,NA,NA,O,O,0,E3941200192111,四万十町,2023/6/15
2011,四万十町,米奥小学校,,O,NA,NA,O,O,0,E3941200191111,四万十町,2023/6/15
2012,四万十町,保喜集会所,,O,NA,NA,O,O,0,E3941200208111,四万十町,2023/6/15
2013,四万十町,峰ノ上老人里の家,,O,NA,NA,O,O,0,E3941200193111,四万十町,2023/6/15
2014,四万十町,芳川集会所,,O,NA,NA,O,O,0,E3941200194111,四万十町,2023/6/15
2015,四万十町,北の川集会所,,O,NA,NA,O,O,0,E3941200112111,四万十町,2023/6/15
2016,四万十町,北ノ川中学校（体育館）,,O,NA,NA,O,O,0,E3941200166111,四万十町,2023/6/15
2017,四万十町,本在家集会所,,O,NA,NA,O,O,0,E3941200090111,四万十町,2023/6/15
2018,四万十町,木屋ヶ内集会所,,O,NA,NA,O,O,0,E3941200200111,四万十町,2023/6/15
2019,四万十町,野地集会所,,O,NA,NA,O,O,0,E3941200201111,四万十町,2023/6/15
2020,四万十町,野々川生活改善センター,,O,NA,NA,O,O,0,E3941200202111,四万十町,2023/6/15
2021,四万十町,役場本庁舎（西1階、東1・2階）,,O,NA,NA,O,O,0,E3941200045111,四万十町,2023/6/15
2022,四万十町,柳瀬集会所,,O,NA,NA,O,O,0,E3941200092111,四万十町,2023/6/15
2023,四万十町,与津地公民館,,O,NA,NA,O,O,0,E3941200203111,四万十町,2023/6/15
2024,四万十町,里川入会林総合利用センター,,O,NA,NA,O,O,0,E3941200204111,四万十町,2023/6/15
2025,四万十町,立西町民会館,,O,NA,NA,O,O,0,E3941200183111,四万十町,2023/6/15
2026,四万十町,六反地集会所,,O,NA,NA,O,O,0,E3941200205111,四万十町,2023/6/15
2027,四万十町,六反地老人里の家,,O,NA,NA,O,O,0,E3941200206111,四万十町,2023/6/15
2028,四万十町,汢ノ川集会所,,O,NA,NA,O,O,0,E3941200125111,四万十町,2023/6/15
2029,本山町,屋所集会所,,O,NA,NA,O,O,0,E3934100003111,本山町,2023/4/1
2030,本山町,汗見川ふれあいの郷集会所、清流館,,O,NA,NA,O,O,0,E3934100014111,本山町,2023/4/1
2031,本山町,帰全の森体育館,,O,NA,NA,O,O,0,E3934100020111,本山町,2023/4/1
2032,本山町,吉野小学校体育館,,O,NA,NA,O,O,0,E3934100007111,本山町,2023/4/1
2033,本山町,三区コミュニティセンター,,O,NA,NA,O,O,0,E3934100022111,本山町,2023/4/1
2034,本山町,四区コミュニティセンター,,O,NA,NA,O,O,0,E3934100027111,本山町,2023/4/1
2035,本山町,上関集会所,,O,NA,NA,O,O,0,E3934100004111,本山町,2023/4/1
2036,本山町,上奈路複合集会所,,O,NA,NA,O,O,0,E3934100015111,本山町,2023/4/1
2037,本山町,北山西集会所,,O,NA,NA,O,O,0,E3934100017111,本山町,2023/4/1
2038,本山町,本山小学校体育館,,O,NA,NA,O,O,0,E3934100023111,本山町,2023/4/1
2039,本山町,本山町プラチナセンター,,O,NA,NA,O,O,0,E3934100024111,本山町,2023/4/1
2040,本山町,本山町社会福祉会館,,O,NA,NA,O,O,0,E3934100018111,本山町,2023/4/1
2041,本山町,嶺北高等学校体育館,,O,NA,NA,O,O,0,E3934100026111,本山町,2023/4/1
2042,土佐町,おこぜハウス ,,O,NA,NA,O,O,0,E3936300027111,土佐町,2020/12/1
2043,土佐町,伊勢川集会所 ,,O,NA,NA,O,O,0,E3936300031111,土佐町,2020/12/2
2044,土佐町,宮古野ふれあい交流館 ,,O,NA,NA,O,O,0,E3936300002111,土佐町,2020/12/3
2045,土佐町,高須集落センター,,O,NA,NA,O,O,0,E3936300009111,土佐町,2020/12/4
2046,土佐町,三島多目的集会施設 ,,O,NA,NA,O,O,0,E3936300033111,土佐町,2020/12/5
2047,土佐町,松ヶ丘コミュニティーセンター,,O,NA,NA,O,O,0,E3936300030111,土佐町,2020/12/6
2048,土佐町,松木野集会所 ,,O,NA,NA,O,O,0,E3936300054111,土佐町,2020/12/7
2049,土佐町,上ノ土居集会所 ,,O,NA,NA,O,O,0,E3936300041111,土佐町,2020/12/8
2050,土佐町,上野上集会所 ,,O,NA,NA,O,O,0,E3936300029111,土佐町,2020/12/9
2051,土佐町,上野多目的集会施設 ,,O,NA,NA,O,O,0,E3936300026111,土佐町,2020/12/10
2052,土佐町,瀬戸コミュニティーセンター,,O,NA,NA,O,O,0,E3936300013111,土佐町,2020/12/11
2053,土佐町,瀬戸町民体育館 ,,O,NA,NA,O,O,0,E3936300013112,土佐町,2020/12/12
2054,土佐町,石原コミュニティーセンター,,O,NA,NA,O,O,0,E3936300014111,土佐町,2020/12/13
2055,土佐町,石原町民体育館 ,,O,NA,NA,O,O,0,E3936300014112,土佐町,2020/12/14
2056,土佐町,相川コミュニティーセンター,,O,NA,NA,O,O,0,E3936300008111,土佐町,2020/12/15
2057,土佐町,相川多目的集会施設 ,,O,NA,NA,O,O,0,E3936300015111,土佐町,2020/12/16
2058,土佐町,相川町民体育館 ,,O,NA,NA,O,O,0,E3936300008112,土佐町,2020/12/17
2059,土佐町,大河内消防屯所 ,,O,NA,NA,O,O,0,E3936300003111,土佐町,2020/12/18
2060,土佐町,大谷集会所 ,,O,NA,NA,O,O,0,E3936300037111,土佐町,2020/12/19
2061,土佐町,地蔵寺支所 ,,O,NA,NA,O,O,0,E3936300016111,土佐町,2020/12/20
2062,土佐町,地蔵寺町民体育館 ,,O,NA,NA,O,O,0,E3936300016112,土佐町,2020/12/21
2063,土佐町,中央基幹集落センター,,O,NA,NA,O,O,0,E3936300040111,土佐町,2020/12/22
2064,土佐町,中央福祉センター,,O,NA,NA,O,O,0,E3936300043112,土佐町,2020/12/23
2065,土佐町,中村集会所 ,,O,NA,NA,O,O,0,E3936300042111,土佐町,2020/12/24
2066,土佐町,中地蔵寺集会所 ,,O,NA,NA,O,O,0,E3936300017111,土佐町,2020/12/25
2067,土佐町,中島集会所 ,,O,NA,NA,O,O,0,E3936300035111,土佐町,2020/12/26
2068,土佐町,陳ノ内集会所 ,,O,NA,NA,O,O,0,E3936300039111,土佐町,2020/12/27
2069,土佐町,田井多目的集会施設 ,,O,NA,NA,O,O,0,E3936300024111,土佐町,2020/12/28
2070,土佐町,田井町民体育館 ,,O,NA,NA,O,O,0,E3936300028111,土佐町,2020/12/29
2071,土佐町,土佐町児童館 ,,O,NA,NA,O,O,0,E3936300043111,土佐町,2020/12/30
2072,土佐町,土佐町小中体育館 ,,O,NA,NA,O,O,0,E3936300058111,土佐町,2020/12/31
2073,土佐町,東境集会所「泉の里」 ,,O,NA,NA,O,O,0,E3936300004111,土佐町,2021/1/1
2074,土佐町,東石原集会所 ,,O,NA,NA,O,O,0,E3936300045111,土佐町,2021/1/2
2075,土佐町,道の駅土佐さめうら ,,O,NA,NA,O,O,0,E3936300032111,土佐町,2021/1/3
2076,土佐町,南境集会所 ,,O,NA,NA,O,O,0,E3936300005111,土佐町,2021/1/4
2077,土佐町,南川会館 ,,O,NA,NA,O,O,0,E3936300047111,土佐町,2021/1/5
2078,土佐町,南川中村集会所 ,,O,NA,NA,O,O,0,E3936300049111,土佐町,2021/1/6
2079,土佐町,南川分団消防屯所 ,,O,NA,NA,O,O,0,E3936300048111,土佐町,2021/1/7
2080,土佐町,農村環境改善センター,,O,NA,NA,O,O,0,E3936300025111,土佐町,2021/1/8
2081,土佐町,白石集会所 ,,O,NA,NA,O,O,0,E3936300051111,土佐町,2021/1/9
2082,土佐町,平石コミュニティーセンター,,O,NA,NA,O,O,0,E3936300021111,土佐町,2021/1/10
2083,土佐町,平石消防屯所 ,,O,NA,NA,O,O,0,E3936300019111,土佐町,2021/1/11
2084,土佐町,平石町民体育館 ,,O,NA,NA,O,O,0,E3936300021112,土佐町,2021/1/12
2085,土佐町,保健福祉センター,,O,NA,NA,O,O,0,E3936300001112,土佐町,2021/1/13
2086,土佐町,峰石原集会所 ,,O,NA,NA,O,O,0,E3936300044111,土佐町,2021/1/14
2087,土佐町,立割集会所 ,,O,NA,NA,O,O,0,E3936300022111,土佐町,2021/1/15
2088,土佐町,溜井多目的集会施設 ,,O,NA,NA,O,O,0,E3936300053111,土佐町,2021/1/16
2089,土佐町,老人憩いの家 ,,O,NA,NA,O,O,0,E3936300036111,土佐町,2021/1/17
2090,土佐町,和田町民体育館 ,,O,NA,NA,O,O,0,E3936300056112,土佐町,2021/1/18
2091,伊野,20-3区集会所（ウェルネス伊野）,,O,NA,NA,O,O,0,E3938600021111,いの町,2020/1/1
2092,伊野,いの町商工会,,O,NA,NA,O,O,0,E3938600012111,いの町,2020/1/1
2093,伊野,いの町立図書館,,O,NA,NA,O,O,0,E3938600038111,いの町,2020/1/1
2094,本川,ｸﾞﾘｰﾝﾜｰｶｰ研修館,,O,NA,NA,O,O,0,E3938600040111,いの町,2020/1/1
2095,伊野,すこやかセンター伊野,,O,NA,NA,O,O,0,E3938600002111,いの町,2020/1/1
2096,伊野,伊野公民館,,O,NA,NA,O,O,0,E3938600015111,いの町,2020/1/1
2097,伊野,伊野商業高等学校,,O,NA,NA,O,O,0,E3938600013111,いの町,2020/1/1
2098,伊野,伊野小学校,,O,NA,NA,O,O,0,E3938600123111,いの町,2020/1/1
2099,伊野,伊野体育館,,O,NA,NA,O,O,0,E3938600014111,いの町,2020/1/1
2100,伊野,伊野中学校,,O,NA,NA,O,O,0,E3938600001111,いの町,2020/1/1
2101,伊野,伊野南小学校,,O,NA,NA,O,O,0,E3938600113111,いの町,2020/1/1
2102,伊野,伊野南中学校,,O,NA,NA,O,O,0,E3938600112111,いの町,2020/1/1
2103,伊野,駅前町集会所,,O,NA,NA,O,O,0,E3938600006111,いの町,2020/1/1
2104,伊野,駅南老人里の家,,O,NA,NA,O,O,0,E3938600003111,いの町,2020/1/1
2105,本川,越裏門公民館,,O,NA,NA,O,O,0,E3938600026111,いの町,2020/1/1
2106,本川,越裏門小学校,,O,NA,NA,O,O,0,E3938600027111,いの町,2020/1/1
2107,伊野,音竹老人憩の家,,O,NA,NA,O,O,0,E3938600020111,いの町,2020/1/1
2108,吾北,下八川公民館,,O,NA,NA,O,O,0,E3938600028111,いの町,2020/1/1
2109,吾北,下八川小学校体育館,,O,NA,NA,O,O,0,E3938600029111,いの町,2020/1/1
2110,伊野,加田老人憩の家,,O,NA,NA,O,O,0,E3938600032111,いの町,2020/1/1
2111,伊野,加茂老人憩の家,,O,NA,NA,O,O,0,E3938600034111,いの町,2020/1/1
2112,本川,葛原集会所,,O,NA,NA,O,O,0,E3938600035111,いの町,2020/1/1
2113,伊野,亀の井ホテル高知,,O,NA,NA,O,O,0,E3938600107111,いの町,2020/1/1
2114,伊野,肩抜公民館,,O,NA,NA,O,O,0,E3938600091111,いの町,2020/1/1
2115,本川,戸中集会所,,O,NA,NA,O,O,0,E3938600039111,いの町,2020/1/1
2116,吾北,吾北小学校体育館,,O,NA,NA,O,O,0,E3938600063111,いの町,2020/1/1
2117,吾北,吾北体育館,,O,NA,NA,O,O,0,E3938600071111,いの町,2020/1/1
2118,吾北,吾北中央公民館,,O,NA,NA,O,O,0,E3938600069111,いの町,2020/1/1
2119,伊野,高知県消防学校,,O,NA,NA,O,O,0,E3938600085111,いの町,2020/1/1
2120,伊野,高知県立高知青少年の家,,O,NA,NA,O,O,0,E3938600103111,いの町,2020/1/1
2121,伊野,高知県立青少年体育館,,O,NA,NA,O,O,0,E3938600111111,いの町,2020/1/1
2122,伊野,高知県立農業大学校,,O,NA,NA,O,O,0,E3938600108111,いの町,2020/1/1
2123,本川,高薮一区集会所,,O,NA,NA,O,O,0,E3938600043111,いの町,2020/1/1
2124,本川,高薮二区集会所,,O,NA,NA,O,O,0,E3938600042111,いの町,2020/1/1
2125,吾北,三水防災コミュニティ,,O,NA,NA,O,O,0,E3938600072111,いの町,2020/1/1
2126,伊野,三瀬中学校,,O,NA,NA,O,O,0,E3938600106111,いの町,2020/1/1
2127,伊野,枝川コミュニティセンター,,O,NA,NA,O,O,0,E3938600047111,いの町,2020/1/1
2128,伊野,枝川小学校,,O,NA,NA,O,O,0,E3938600050111,いの町,2020/1/1
2129,伊野,枝川南高齢者生きがいセンター,,O,NA,NA,O,O,0,E3938600010111,いの町,2020/1/1
2130,伊野,枝川北高齢者生きがいセンター,,O,NA,NA,O,O,0,E3938600049111,いの町,2020/1/1
2131,本川,寺川老人憩の家,,O,NA,NA,O,O,0,E3938600056111,いの町,2020/1/1
2132,本川,出合研修館,,O,NA,NA,O,O,0,E3938600037111,いの町,2020/1/1
2133,伊野,出来地集会所,,O,NA,NA,O,O,0,E3938600119111,いの町,2020/1/1
2134,伊野,出来地小学校,,O,NA,NA,O,O,0,E3938600118111,いの町,2020/1/1
2135,吾北,小川公民館,,O,NA,NA,O,O,0,E3938600062111,いの町,2020/1/1
2136,伊野,小野公民館,,O,NA,NA,O,O,0,E3938600068111,いの町,2020/1/1
2137,吾北,上東小学校,,O,NA,NA,O,O,0,E3938600075111,いの町,2020/1/1
2138,伊野,新町集会所,,O,NA,NA,O,O,0,E3938600008111,いの町,2020/1/1
2139,伊野,神谷小・中学校,,O,NA,NA,O,O,0,E3938600077111,いの町,2020/1/1
2140,伊野,是友集会所,,O,NA,NA,O,O,0,E3938600023111,いの町,2020/1/1
2141,伊野,是友防災備蓄倉庫（防災研修室）,,O,NA,NA,O,O,0,E3938600005111,いの町,2020/1/1
2142,吾北,清雲寺,,O,NA,NA,O,O,0,E3938600064111,いの町,2020/1/1
2143,吾北,清水公民館,,O,NA,NA,O,O,0,E3938600080111,いの町,2020/1/1
2144,吾北,清水第一小学校,,O,NA,NA,O,O,0,E3938600082111,いの町,2020/1/1
2145,吾北,清水第二小学校 ,,O,NA,NA,O,O,0,E3938600081111,いの町,2020/1/1
2146,伊野,石見老人里の家,,O,NA,NA,O,O,0,E3938600120111,いの町,2020/1/1
2147,伊野,川内小学校,,O,NA,NA,O,O,0,E3938600036111,いの町,2020/1/1
2148,本川,足谷集会所,,O,NA,NA,O,O,0,E3938600083111,いの町,2020/1/1
2149,本川,大森集会所,,O,NA,NA,O,O,0,E3938600084111,いの町,2020/1/1
2150,伊野,大内農村婦人の家,,O,NA,NA,O,O,0,E3938600089111,いの町,2020/1/1
2151,伊野,谷老人里の家,,O,NA,NA,O,O,0,E3938600011111,いの町,2020/1/1
2152,伊野,池ノ内コミュニティセンター,,O,NA,NA,O,O,0,E3938600090111,いの町,2020/1/1
2153,伊野,中山公民館,,O,NA,NA,O,O,0,E3938600046111,いの町,2020/1/1
2154,伊野,中追西共同館,,O,NA,NA,O,O,0,E3938600092111,いの町,2020/1/1
2155,伊野,中追東農業共同館,,O,NA,NA,O,O,0,E3938600093111,いの町,2020/1/1
2156,本川,中野川集会所,,O,NA,NA,O,O,0,E3938600094111,いの町,2020/1/1
2157,伊野,天王コミュニティセンター,,O,NA,NA,O,O,0,E3938600101111,いの町,2020/1/1
2158,伊野,天神集会所,,O,NA,NA,O,O,0,E3938600019111,いの町,2020/1/1
2159,伊野,土佐七色の里,,O,NA,NA,O,O,0,E3938600079111,いの町,2020/1/1
2160,伊野,東浦老人憩の家,,O,NA,NA,O,O,0,E3938600045111,いの町,2020/1/1
2161,吾北,東谷公民館,,O,NA,NA,O,O,0,E3938600066111,いの町,2020/1/1
2162,伊野,道の駅　土佐和紙工芸村,,O,NA,NA,O,O,0,E3938600057111,いの町,2020/1/1
2163,伊野,奈呂集会所,,O,NA,NA,O,O,0,E3938600116111,いの町,2020/1/1
2164,伊野,南の谷コミュニティセンター,,O,NA,NA,O,O,0,E3938600087111,いの町,2020/1/1
2165,伊野,楠瀬集会所,,O,NA,NA,O,O,0,E3938600105111,いの町,2020/1/1
2166,伊野,波川公民館,,O,NA,NA,O,O,0,E3938600109111,いの町,2020/1/1
2167,伊野,八代地区多目的構造改善センター,,O,NA,NA,O,O,0,E3938600051111,いの町,2020/1/1
2168,伊野,八田コミュニティセンター,,O,NA,NA,O,O,0,E3938600115111,いの町,2020/1/1
2169,伊野,保木集会所,,O,NA,NA,O,O,0,E3938600078111,いの町,2020/1/1
2170,伊野,北浦公民館,,O,NA,NA,O,O,0,E3938600055111,いの町,2020/1/1
2171,伊野,北山・駅東集会所,,O,NA,NA,O,O,0,E3938600025111,いの町,2020/1/1
2172,本川,本川プラチナ交流センター,,O,NA,NA,O,O,0,E3938600095111,いの町,2020/1/1
2173,本川,本川基幹集落センター,,O,NA,NA,O,O,0,E3938600099111,いの町,2020/1/1
2174,本川,本川小学校,,O,NA,NA,O,O,0,E3938600124111,いの町,2020/1/1
2175,本川,本川中学校,,O,NA,NA,O,O,0,E3938600096111,いの町,2020/1/1
2176,伊野,槙老人里の家,,O,NA,NA,O,O,0,E3938600117111,いの町,2020/1/1
2177,吾北,妙見集会所,,O,NA,NA,O,O,0,E3938600067111,いの町,2020/1/1
2178,伊野,毛田老人里の家,,O,NA,NA,O,O,0,E3938600076111,いの町,2020/1/1
2179,伊野,柳瀬小学校,,O,NA,NA,O,O,0,E3938600121111,いの町,2020/1/1
2180,吾北,柳野公民館,,O,NA,NA,O,O,0,E3938600065111,いの町,2020/1/1
2181,仁淀,ふたば保育所 ,,O,NA,NA,O,O,0,E3938700015111,仁淀川町,2021/4/20
2182,池川,安居地区多目的集会施設 ,,O,NA,NA,O,O,0,E3938700043111,仁淀川町,2021/4/20
2183,吾川,下名野川地域集会所 ,,O,NA,NA,O,O,0,E3938700001111,仁淀川町,2021/4/20
2184,吾川,加枝集会所 ,,O,NA,NA,O,O,0,E3938700002111,仁淀川町,2021/4/20
2185,吾川,久喜集会所 ,,X,NA,NA,O,O,0,E3938700003111,仁淀川町,2021/4/20
2186,吾川,旧吾川中学校体育館 ,,O,NA,NA,O,O,0,E3938700027111,仁淀川町,2021/4/20
2187,吾川,旧名野川小学校及び体育館 ,,O,NA,NA,O,O,0,E3938700057111,仁淀川町,2021/4/20
2188,池川,高齢者向町営住宅「月美荘」 ,,O,NA,NA,O,O,0,E3938700061111,仁淀川町,2021/4/20
2189,池川,高齢者総合福祉施設「用居集いの館」 般・震 ,,O,NA,NA,O,O,0,E3938700059111,仁淀川町,2021/4/20
2190,池川,坂本地区多目的集会施設 ,,O,NA,NA,O,O,0,E3938700006111,仁淀川町,2021/4/20
2191,吾川,寺村地域集会所 ,,O,NA,NA,O,O,0,E3938700008111,仁淀川町,2021/4/20
2192,吾川,寺村分団屯所 ,,X,NA,NA,O,O,0,E3938700009111,仁淀川町,2021/4/20
2193,池川,狩山地区多目的集会施設 ,,X,NA,NA,O,O,0,E3938700051111,仁淀川町,2021/4/20
2194,吾川,宗津集会所 ,,X,NA,NA,O,O,0,E3938700010111,仁淀川町,2021/4/20
2195,仁淀,秋葉の宿及び宿泊施設 ,,O,NA,NA,O,O,0,E3938700004111,仁淀川町,2021/4/20
2196,吾川,森山地域集会所 ,,O,NA,NA,O,O,0,E3938700017111,仁淀川町,2021/4/20
2197,仁淀,仁淀多目的研修集会施設 ,,O,NA,NA,O,O,0,E3938700013111,仁淀川町,2021/4/20
2198,仁淀,仁淀中学校及び体育館 ,,O,NA,NA,O,O,0,E3938700021111,仁淀川町,2021/4/20
2199,吾川,川口地区集会所 ,,O,NA,NA,O,O,0,E3938700019111,仁淀川町,2021/4/20
2200,仁淀,川渡コミュニティセンター,,O,NA,NA,O,O,0,E3938700022111,仁淀川町,2021/4/20
2201,仁淀,泉川多目的集会施設 ,,O,NA,NA,O,O,0,E3938700029111,仁淀川町,2021/4/20
2202,池川,相ノ谷集会所 ,,O,NA,NA,O,O,0,E3938700033111,仁淀川町,2021/4/20
2203,吾川,大崎地域集会所 ,,O,NA,NA,O,O,0,E3938700025111,仁淀川町,2021/4/20
2204,池川,大西地区多目的集会施設 ,,O,NA,NA,O,O,0,E3938700030111,仁淀川町,2021/4/20
2205,吾川,大渡コミュニティセンター,,X,NA,NA,O,O,0,E3938700031111,仁淀川町,2021/4/20
2206,池川,大野地区コミュニティセンター,,O,NA,NA,O,O,0,E3938700032111,仁淀川町,2021/4/20
2207,仁淀,沢渡多目的集会施設 ,,O,NA,NA,O,O,0,E3938700054111,仁淀川町,2021/4/20
2208,池川,池川コミュニティセンター,,O,NA,NA,O,O,0,E3938700048111,仁淀川町,2021/4/20
2209,池川,池川体育館 ,,O,NA,NA,O,O,0,E3938700046111,仁淀川町,2021/4/20
2210,池川,池川中学校 ,,O,NA,NA,O,O,0,E3938700035111,仁淀川町,2021/4/20
2211,仁淀,長者小学校及び体育館 ,,O,NA,NA,O,O,0,E3938700038111,仁淀川町,2021/4/20
2212,仁淀,長者複合集会施設 ,,X,NA,NA,O,O,0,E3938700037111,仁淀川町,2021/4/20
2213,仁淀,長者保育所 ,,O,NA,NA,O,O,0,E3938700036111,仁淀川町,2021/4/20
2214,吾川,田村集会所 ,,O,NA,NA,O,O,0,E3938700041111,仁淀川町,2021/4/20
2215,仁淀,農業者トレーニングセンター,,X,NA,NA,O,O,0,E3938700014111,仁淀川町,2021/4/20
2216,仁淀,別枝上区多目的集会施設 ,,O,NA,NA,O,O,0,E3938700052111,仁淀川町,2021/4/20
2217,仁淀,別府小学校及び体育館 ,,O,NA,NA,O,O,0,E3938700011111,仁淀川町,2021/4/20
2218,吾川,名野川自然環境活用センター,,X,NA,NA,O,O,0,E3938700062111,仁淀川町,2021/4/20
2219,津野,新土居健康管理施設,,O,NA,NA,O,O,0,E3941100004111,津野町,2021/2/1
2220,津野,津野町総合保健福祉センター「里楽」,,O,NA,NA,O,O,0,E3941100011111,津野町,2021/2/1
2221,津野,津野町立葉山小学校体育館,,O,NA,NA,O,O,0,E3941100012111,津野町,2021/2/1
2222,津野,津野町葉山運動公園総合センター,,O,NA,NA,O,O,0,E3941100001111,津野町,2021/2/1
2223,津野,農村交流施設「森の巣箱」,,O,NA,NA,O,O,0,E3941100002111,津野町,2021/2/1
2224,津野,津野町立葉山中学校体育館,,O,NA,NA,O,O,0,E3941100009111,津野町,2021/2/1
2225,津野,津野町立精華小学校体育館,,O,NA,NA,O,O,0,E3941100006111,津野町,2021/2/1
2226,津野,勤労者体育センター,,O,NA,NA,O,O,0,E3941100003111,津野町,2021/2/1
2227,津野,白石地区集落活動拠点施設,,O,NA,NA,O,O,0,E3941100007111,津野町,2021/2/1
2228,津野,船戸体育館,,O,NA,NA,O,O,0,E3941100005111,津野町,2021/2/1
2229,津野,津野町立中央小学校体育館,,O,NA,NA,O,O,0,E3941100014111,津野町,2021/2/1
2230,津野,津野町東津野B&G海洋センター,,O,NA,NA,O,O,0,E3941100015111,津野町,2021/2/1
2231,津野,津野町立東津野中学校体育館,,O,NA,NA,O,O,0,E3941100018111,津野町,2021/2/1
2232,津野,郷地区集落活動拠点施設,,O,NA,NA,O,O,0,E3941100013111,津野町,2021/2/1
2233,津野,高野地区高齢者交流センター「平安の家」,,O,NA,NA,O,O,0,E3941100016111,津野町,2021/2/1
2234,津野,津野町福祉交流センター,,O,NA,NA,O,O,0,E3941100019121,津野町,2021/2/1
2235,津野,高陵特別養護老人ホーム「葉山荘」,,O,NA,NA,O,O,0,E3941100010121,津野町,2021/2/1
2236,津野,津野山養護老人ホーム「高原荘」,,O,NA,NA,O,O,0,E3941100021121,津野町,2021/2/1
2237,梼原,ゆすはら・夢・未来館,,O,NA,NA,O,O,,E3940500006111,梼原町,2021/8/30
2238,梼原,越知面交流センター,,O,NA,NA,X,X,,E3940500005111,梼原町,2021/8/30
2239,梼原,旧四万川小学校,,X,NA,NA,O,O,,E3940500009111,梼原町,2021/8/30
2240,梼原,四万川交流センター,,O,NA,NA,X,X,,E3940500011111,梼原町,2021/8/30
2241,梼原,松原ふれあいセンター,,O,NA,NA,X,X,,E3940500003111,梼原町,2021/8/30
2242,梼原,西区生涯学習館,,O,NA,NA,X,X,,E3940500002111,梼原町,2021/8/30
2243,梼原,鷹取の家,,O,NA,NA,O,O,,E3940500001111,梼原町,2021/8/30
2244,梼原,防災拠点施設,,O,NA,NA,O,O,,E3940500007111,梼原町,2021/8/30
2245,東祖谷 ,いやしの温泉郷 ,,O,NA,NA,O,O,0,E3620800196111,三好,2024/3/19
2246,井川 ,なでしこ館 ,,O,NA,NA,O,O,0,E3620800043111,三好,2024/3/19
2247,池田 ,井ノ久保活性化センター,,O,NA,NA,O,O,0,E3620800184111,三好,2024/3/19
2248,井川 ,井川中学校体育館 ,,O,NA,NA,O,O,0,E3620800001111,三好,2024/3/19
2249,井川 ,井内地域多目的施設 ,,O,NA,NA,O,A,0,E3620800010111,三好,2024/3/19
2250,三野 ,王地小学校体育館 ,,O,NA,NA,O,O,0,E3620800055111,三好,2024/3/19
2251,山城 ,下川コミュニティセンター,,O,NA,NA,O,A,0,E3620800088111,三好,2024/3/19
2252,山城 ,河内分館（旧河内小学校） ,,O,NA,NA,O,A,0,E3620800093111,三好,2024/3/19
2253,山城 ,恵泉館 ,,X,NA,NA,O,A,0,E3620800106111,三好,2024/3/19
2254,西祖谷 ,吾橋多目的集会所 ,,O,NA,NA,O,O,0,E3620800130111,三好,2024/3/19
2255,池田 ,公民館イタノ分館 ,,O,NA,NA,O,A,0,E3620800138111,三好,2024/3/19
2256,池田 ,公民館下野呂内分館 ,,O,NA,NA,O,O,0,E3620800166111,三好,2024/3/19
2257,池田 ,公民館佐野分館 ,,O,NA,NA,O,O,0,E3620800154111,三好,2024/3/19
2258,池田 ,公民館漆川分館 ,,O,NA,NA,O,O,0,E3620800158111,三好,2024/3/19
2259,山城 ,三好市山城公民館 ,,O,NA,NA,O,A,0,E3620800115111,三好,2024/3/19
2260,池田 ,三好市池田総合体育館 ,,O,NA,NA,O,A,0,E3620800150111,三好,2024/3/19
2261,池田 ,三好市保健センター,,O,NA,NA,O,O,0,E3620800145111,三好,2024/3/19
2262,池田 ,三縄公民館地区館 ,,X,NA,NA,O,O,0,E3620800174111,三好,2024/3/19
2263,池田 ,三縄小学校体育館・校舎 ,,O,NA,NA,O,X,0,E3620800171111,三好,2024/3/19
2264,山城 ,三名農村環境改善センター・下名小学校体育館 ,,O,NA,NA,O,A,0,E3620800091111,三好,2024/3/19
2265,三野 ,三野体育館 ,,X,NA,NA,O,O,0,E3620800062111,三好,2024/3/19
2266,三野 ,三野中学校体育館 ,,O,NA,NA,O,O,0,E3620800064111,三好,2024/3/19
2267,三野 ,芝生小学校体育館 ,,O,NA,NA,O,O,0,E3620800063111,三好,2024/3/19
2268,山城 ,上名地域多目的施設体育館 （旧上名小学校体育館） ,,O,NA,NA,O,A,0,E3620800102111,三好,2024/3/19
2269,井川 ,西井川小学校体育館 ,,O,NA,NA,O,O,0,E3620800046111,三好,2024/3/19
2270,山城 ,西宇地域多目的施設体育館 （旧西宇小学校 体育館） ,,O,NA,NA,O,A,0,E3620800110111,三好,2024/3/19
2271,池田 ,西山構造改善センター,,O,NA,NA,O,O,0,E3620800161111,三好,2024/3/19
2272,西祖谷 ,西祖谷支所（庁舎・保健センター） ,,O,NA,NA,O,O,0,E3620800128111,三好,2024/3/19
2273,西祖谷 ,西祖谷中学校体育館 ,,O,NA,NA,O,A,0,E3620800135111,三好,2024/3/19
2274,山城 ,川口会館 ,,O,NA,NA,O,A,0,E3620800124111,三好,2024/3/19
2275,池田 ,川崎幼稚園・小学校体育館 ,,O,NA,NA,O,O,0,E3620800169111,三好,2024/3/19
2276,東祖谷 ,祖谷の歴史館伝習ホール ,,O,NA,NA,O,A,0,E3620800190111,三好,2024/3/19
2277,山城 ,大野地域多目的施設体育館 （旧大野小学校 体育館） ,,O,NA,NA,O,A,0,E3620800117111,三好,2024/3/19
2278,山城 ,大野分館・大野体育館 （旧大野中学校体育館） ,,X,NA,NA,O,A,0,E3620800118111,三好,2024/3/19
2279,山城 ,大和分館・大和地域多目的施設体育館 （旧大和小学校・体育館） ,,O,NA,NA,O,A,0,E3620800119111,三好,2024/3/19
2280,池田 ,池田高校三好校体育館 ,,A,NA,NA,O,O,0,E3620800160111,三好,2024/3/19
2281,井川 ,池田高校辻校体育館 ,,O,NA,NA,A,A,0,E3620800033111,三好,2024/3/19
2282,池田 ,池田高等学校体育館 ,,O,NA,NA,O,O,0,E3620800141111,三好,2024/3/19
2283,池田 ,池田小学校体育館 ,,O,NA,NA,O,O,0,E3620800139111,三好,2024/3/19
2284,池田 ,池田中学校体育館 ,,O,NA,NA,O,O,0,E3620800142111,三好,2024/3/19
2285,井川 ,辻小学校体育館 ,,O,NA,NA,X,O,0,E3620800050111,三好,2024/3/19
2286,東祖谷 ,東祖谷小中学校体育館 ,,O,NA,NA,O,A,0,E3620800188111,三好,2024/3/19
2287,池田 ,入体構造改善センター,,O,NA,NA,O,O,0,E3620800164111,三好,2024/3/19
2288,池田 ,馬場分館 ,,O,NA,NA,O,O,0,E3620800180111,三好,2024/3/19
2289,池田 ,馬路構造改善センター,,O,NA,NA,O,O,0,E3620800177111,三好,2024/3/19
2290,池田 ,馬路小学校体育館 ,,O,NA,NA,O,A,0,E3620800178111,三好,2024/3/19
2291,池田 ,白地公民館 ,,O,NA,NA,O,O,0,E3620800186111,三好,2024/3/19
2292,池田 ,白地小学校体育館 ,,O,NA,NA,O,O,0,E3620800187111,三好,2024/3/19
2293,池田 ,箸蔵小学校体育館 ,,O,NA,NA,A,O,0,E3620800159111,三好,2024/3/19
2294,山城 ,平野地域多目的施設体育館 （旧平野小学校体育館） ,,O,NA,NA,O,A,0,E3620800122111,三好,2024/3/19
2295,東祖谷 ,名頃集会所 ,,O,NA,NA,O,X,0,E3620800197111,三好,2024/3/19
2296,西祖谷 ,有瀬分館・有瀬地域多目的施設体育館 （旧有瀬小学校校舎・体育館） ,,O,NA,NA,O,A,0,E3620800137111,三好,2024/3/19
2297,東祖谷 ,和田避難所 （旧ふるさと就労施設和田工場） ,,O,NA,NA,O,X,0,E3620800201111,三好,2024/3/19
2298,西祖谷 ,檪生小学校体育館 ,,O,NA,NA,O,O,0,E3620800126111,三好,2024/3/19
2299,高松,安原小学校跡施設（画像：265KB）,,O,O,O,O,X,0,E3720100018111,高松,2022/9/16
2300,高松,庵治コミュニティセンター・庵治武道館（画像：220KB）,,O,O,O,O,O,0,E3720100008111,高松,2022/9/16
2301,高松,庵治小学校（画像：220KB）,,O,O,O,O,O,0,E3720100006111,高松,2022/9/16
2302,高松,庵治小学校第二体育館（画像：220KB）,,O,O,O,O,O,0,E3720100007111,高松,2022/9/16
2303,高松,庵治第二小学校※指定避難所のみ使用（画像：93KB）,,O,O,O,O,O,0,E3720100002111,高松,2022/9/16
2304,高松,庵治中学校（画像：220KB）,,O,O,O,O,O,0,E3720100005111,高松,2022/9/16
2305,高松,一宮コミュニティセンター（画像：153KB）,,O,O,O,O,O,0,E3720100013111,高松,2022/9/16
2306,高松,一宮小学校（画像：152KB）,,O,O,O,O,O,0,E3720100012111,高松,2022/9/16
2307,高松,一宮中学校（画像：152KB）,,O,O,O,O,O,0,E3720100009111,高松,2022/9/16
2308,高松,円座コミュニティセンター（画像：192KB）,,O,O,O,O,O,0,E3720100014111,高松,2022/9/16
2309,高松,円座小学校（画像：192KB）,,O,O,O,O,O,0,E3720100015111,高松,2022/9/16
2310,高松,塩江コミュニティセンター（画像：220KB）,,O,O,O,O,X,0,E3720100017111,高松,2022/9/16
2311,高松,塩江小・中学校（画像：249KB）,,O,O,O,O,O,0,E3720100020111,高松,2022/9/16
2312,高松,塩江小学校跡施設（画像：250KB）,,O,O,O,O,X,0,E3720100021111,高松,2022/9/16
2313,高松,屋島コミュニティセンター（画像：225KB）,,O,O,O,O,O,0,E3720100031111,高松,2022/9/16
2314,高松,屋島小学校（画像：225KB）,,O,O,O,O,X,0,E3720100027111,高松,2022/9/16
2315,高松,屋島西コミュニティセンター（画像：213KB）,,O,O,O,O,O,0,E3720100029111,高松,2022/9/16
2316,高松,屋島西小学校（画像：213KB）,,O,O,O,O,O,0,E3720100028111,高松,2022/9/16
2317,高松,屋島中学校（画像：225KB）,,O,O,O,O,O,0,E3720100030111,高松,2022/9/16
2318,高松,屋島東コミュニティセンター（画像：173KB）,,O,O,O,O,O,0,E3720100032111,高松,2022/9/16
2319,高松,屋島東小学校（画像：173KB）,,O,O,O,O,O,0,E3720100033111,高松,2022/9/16
2320,高松,下笠居コミュニティセンター（画像：207KB）,,O,O,O,O,O,0,E3720100119111,高松,2022/9/16
2321,高松,下笠居小学校（画像：208KB）,,O,O,O,O,O,0,E3720100118111,高松,2022/9/16
2322,高松,下笠居中学校（画像：207KB）,,O,O,O,O,O,0,E3720100120111,高松,2022/9/16
2323,高松,花園コミュニティセンター（画像：233KB）,,O,O,O,O,O,0,E3720100035111,高松,2022/9/16
2324,高松,花園小学校（画像：233KB）,,O,O,O,O,O,0,E3720100034111,高松,2022/9/16
2325,高松,鬼無コミュニティセンター（画像：184KB）,,O,O,O,O,O,0,E3720100036111,高松,2022/9/16
2326,高松,鬼無小学校（画像：182KB）,,O,O,O,O,O,0,E3720100037111,高松,2022/9/16
2327,高松,亀阜コミュニティセンター（画像：213KB）,,O,O,O,O,O,0,E3720100039111,高松,2022/9/16
2328,高松,亀阜小学校（画像：213KB）,,O,O,O,O,O,0,E3720100038111,高松,2022/9/16
2329,高松,協和中学校（画像：190KB）,,O,O,O,O,O,0,E3720100045111,高松,2022/9/16
2330,高松,玉藻中学校（画像：233KB）,,O,O,O,O,O,0,E3720100110111,高松,2022/9/16
2331,高松,栗林コミュニティセンター（画像：242KB）,,O,O,O,O,O,0,E3720100043111,高松,2022/9/16
2332,高松,栗林小学校（画像：242KB）,,O,O,O,O,O,0,E3720100042111,高松,2022/9/16
2333,高松,弦打コミュニティセンター（画像：176KB）,,O,O,O,O,O,0,E3720100144111,高松,2022/9/16
2334,高松,弦打小学校（画像：175KB）,,O,O,O,O,O,0,E3720100145111,高松,2022/9/16
2335,高松,古高松コミュニティセンター（画像：227KB）,,O,O,X,O,O,0,E3720100070111,高松,2022/9/16
2336,高松,古高松小学校（画像：227KB）,,O,O,O,O,O,0,E3720100073111,高松,2022/9/16
2337,高松,古高松中学校（画像：227KB）,,O,O,O,O,O,0,E3720100112111,高松,2022/9/16
2338,高松,古高松南コミュニティセンター（画像：230KB）,,O,O,O,O,O,0,E3720100100111,高松,2022/9/16
2339,高松,古高松南小学校（画像：228KB）,,O,O,O,O,O,0,E3720100113111,高松,2022/9/16
2340,高松,香西コミュニティセンター（画像：211KB）,,O,O,O,O,O,0,E3720100051111,高松,2022/9/16
2341,高松,香西小学校（画像：211KB）,,O,O,O,O,O,0,E3720100050111,高松,2022/9/16
2342,高松,香川県青年センター（画像：198KB）,,O,O,O,O,O,0,E3720100074111,高松,2022/9/16
2343,高松,香川県立保健医療大（体育館）,,O,O,O,O,O,0,E3720100166111,高松,2022/9/16
2344,高松,香川高等専門学校（体育館）（画像：160KB）,,O,O,O,O,O,0,E3720100143111,高松,2022/9/16
2345,高松,香川総合体育館（画像：160KB）,,O,O,O,O,O,0,E3720100053111,高松,2022/9/16
2346,高松,香川大学（経済学部構内体育館）（画像：212KB）,,O,O,O,O,O,0,E3720100048111,高松,2022/9/16
2347,高松,香川大学創造工学部（画像：158KB）,,O,O,O,O,O,0,E3720100187111,高松,2022/9/16
2348,高松,香川大学付属中学校（体育館）（画像：154KB）,,O,O,O,O,O,0,E3720100097111,高松,2022/9/16
2349,高松,香川第一中学校（画像：160KB）,,O,O,O,O,O,0,E3720100057111,高松,2022/9/16
2350,高松,香東中学校（画像：192KB）,,O,O,O,O,O,0,E3720100016111,高松,2022/9/16
2351,高松,香南コミュニティセンター（画像：222KB）,,O,O,O,O,O,0,E3720100068111,高松,2022/9/16
2352,高松,香南小学校（画像：222KB）,,O,O,O,O,O,0,E3720100064111,高松,2022/9/16
2353,高松,香南中学校（画像：222KB）,,O,O,O,O,O,0,E3720100066111,高松,2022/9/16
2354,高松,高松工芸高等学校（体育館）（画像：276KB）,,O,O,O,O,O,0,E3720100153111,高松,2022/9/16
2355,高松,高松高等学校（体育館）（画像：276KB）,,O,O,O,O,O,0,E3720100154111,高松,2022/9/16
2356,高松,高松桜井高等学校（体育館）（画像：127KB）,,O,O,O,O,O,0,E3720100133111,高松,2022/9/16
2357,高松,高松市生涯学習センター（まなびCAN）（画像：263KB）,,O,O,O,O,O,0,E3720100162111,高松,2022/9/16
2358,高松,高松市総合体育館（画像：186KB）,,O,O,O,O,O,0,E3720100158111,高松,2022/9/16
2359,高松,高松商業高等学校（体育館）（画像：245KB）,,O,O,O,O,O,0,E3720100103111,高松,2022/9/16
2360,高松,高松第一学園（高松第一小・中学校）（画像：245KB）,,O,O,O,O,O,0,E3720100104111,高松,2022/9/16
2361,高松,高松第一高校（画像：242KB）,,O,O,O,O,O,0,E3720100092111,高松,2022/9/16
2362,高松,高松東高校（体育館）（画像：191KB）,,O,O,O,X,O,0,E3720100130111,高松,2022/9/16
2363,高松,高松南高等学校（体育館）（画像：181KB）,,O,O,O,O,O,0,E3720100011111,高松,2022/9/16
2364,高松,高松北高等（中）学校（体育館）（画像：217KB）,,O,O,O,O,O,0,E3720100174111,高松,2022/9/16
2365,高松,国分寺勤労青少年ホーム（画像：215KB）,,O,O,O,O,O,0,E3720100088111,高松,2022/9/16
2366,高松,国分寺中学校（画像：205KB）,,O,O,O,O,O,0,E3720100078111,高松,2022/9/16
2367,高松,国分寺中学校第二体育館（画像：205KB）,,O,O,O,O,O,0,E3720100079111,高松,2022/9/16
2368,高松,国分寺南部コミュニティセンター（画像：215KB）,,O,O,O,O,O,0,E3720100089111,高松,2022/9/16
2369,高松,国分寺南部小学校（画像：215KB）,,O,O,O,O,O,0,E3720100088112,高松,2022/9/16
2370,高松,国分寺文化センター（画像：205KB）,,O,O,O,O,O,0,E3720100080111,高松,2022/9/16
2371,高松,国分寺北部コミュニティセンター（画像：205KB）,,O,O,O,O,O,0,E3720100081111,高松,2022/9/16
2372,高松,国分寺北部小学校（画像：205KB）,,O,O,O,O,O,0,E3720100082111,高松,2022/9/16
2373,高松,桜町中学校（画像：242KB）,,O,O,O,O,O,0,E3720100091111,高松,2022/9/16
2374,高松,三渓小学校（画像：134KB）,,O,O,O,O,O,0,E3720100094111,高松,2022/9/16
2375,高松,三谷コミュニティセンター（画像：134KB）,,O,O,O,O,O,0,E3720100093111,高松,2022/9/16
2376,高松,山田中学校（画像：145KB）,,O,O,O,O,O,0,E3720100124111,高松,2022/9/16
2377,高松,四番丁コミュニティセンター（画像：276KB）,,O,O,O,O,O,0,E3720100152111,高松,2022/9/16
2378,高松,四番丁小学校跡施設（画像：276KB）,,O,O,O,O,O,0,E3720100151111,高松,2022/9/16
2379,高松,紫雲中学校（画像：213KB）,,O,O,O,O,O,0,E3720100096111,高松,2022/9/16
2380,高松,十河コミュニティセンター（画像：174KB）,,O,O,O,O,O,0,E3720100191111,高松,2022/9/16
2381,高松,十河小学校（画像：144KB）,,O,O,O,O,O,0,E3720100098111,高松,2022/9/16
2382,高松,女木コミュニティセンター（画像：123KB）,,O,O,O,O,O,0,E3720100101111,高松,2022/9/16
2383,高松,女木小学校（画像：124KB）,,O,O,O,O,O,0,E3720100102111,高松,2022/9/16
2384,高松,勝賀中学校（画像：211KB）,,O,O,O,O,O,0,E3720100049111,高松,2022/9/16
2385,高松,松島コミュニティセンター（画像：245KB）,,O,O,O,O,O,0,E3720100107111,高松,2022/9/16
2386,高松,上西小学校跡施設（画像：237KB）,,O,O,O,O,O,0,E3720100024111,高松,2022/9/16
2387,高松,植田小学校（画像：180KB）,,O,O,O,O,X,0,E3720100123111,高松,2022/9/16
2388,高松,新塩屋町コミュニティセンター（画像：263KB）,,O,O,O,O,O,0,E3720100111111,高松,2022/9/16
2389,高松,新番丁小学校（画像：252KB）,,O,O,O,O,O,0,E3720100041111,高松,2022/9/16
2390,高松,西植田コミュニティセンター（画像：179KB）,,O,O,O,O,O,0,E3720100122111,高松,2022/9/16
2391,高松,川岡コミュニティセンター（画像：175KB）,,O,O,O,O,O,0,E3720100128111,高松,2022/9/16
2392,高松,川岡小学校（画像：175KB）,,O,O,O,O,O,0,E3720100127111,高松,2022/9/16
2393,高松,川添コミュニティセンター（画像：189KB）,,O,O,O,O,O,0,E3720100044111,高松,2022/9/16
2394,高松,川添小学校（画像：189KB）,,O,O,O,O,O,0,E3720100147111,高松,2022/9/16
2395,高松,川島コミュニティセンター（画像：145KB）,,O,O,O,O,O,0,E3720100192111,高松,2022/9/16
2396,高松,川島小学校（画像：145KB）,,O,O,O,O,O,0,E3720100125111,高松,2022/9/16
2397,高松,川東コミュニティセンター（画像：212KB）,,O,O,O,O,O,0,E3720100054111,高松,2022/9/16
2398,高松,川東小学校（画像：212KB）,,O,O,O,O,O,0,E3720100055111,高松,2022/9/16
2399,高松,浅野コミュニティセンター（画像：160KB）,,O,O,O,O,O,0,E3720100059111,高松,2022/9/16
2400,高松,浅野小学校（画像：160KB）,,O,O,O,O,O,0,E3720100058111,高松,2022/9/16
2401,高松,前田コミュニティセンター（画像：191KB）,,O,O,O,O,O,0,E3720100132111,高松,2022/9/16
2402,高松,前田小学校（画像：191KB）,,O,O,O,O,O,0,E3720100131111,高松,2022/9/16
2403,高松,総合教育センター（画像：264KB）,,O,O,O,O,O,0,E3720100164111,高松,2022/9/16
2404,高松,多肥コミュニティセンター（画像：128KB）,,O,O,O,O,O,0,E3720100135111,高松,2022/9/16
2405,高松,多肥小学校（画像：127KB）,,O,O,O,O,O,0,E3720100136111,高松,2022/9/16
2406,高松,太田コミュニティセンター（画像：128KB）,,O,O,O,O,O,0,E3720100155111,高松,2022/9/16
2407,高松,太田小学校（画像：151KB）,,O,O,O,O,O,0,E3720100157111,高松,2022/9/16
2408,高松,太田中央コミュニティセンター（画像：160KB）,,O,O,O,O,O,0,E3720100105111,高松,2022/9/16
2409,高松,太田中学校（画像：175KB）,,O,O,O,O,O,0,E3720100137111,高松,2022/9/16
2410,高松,太田南コミュニティセンター（画像：175KB）,,O,O,O,O,O,0,E3720100139111,高松,2022/9/16
2411,高松,太田南小学校（画像：175KB）,,O,O,O,O,O,0,E3720100138111,高松,2022/9/16
2412,高松,大町コミュニティセンター（画像：217KB）,,O,O,O,O,O,0,E3720100170111,高松,2022/9/16
2413,高松,大野コミュニティセンター（画像：181KB）,,O,O,O,O,O,0,E3720100061111,高松,2022/9/16
2414,高松,大野小学校（画像：181KB）,,O,O,O,O,O,0,E3720100060111,高松,2022/9/16
2415,高松,檀紙コミュニティセンター（画像：168KB）,,O,O,O,O,O,0,E3720100046111,高松,2022/9/16
2416,高松,檀紙小学校（画像：168KB）,,O,O,O,O,O,0,E3720100047111,高松,2022/9/16
2417,高松,男木コミュニティセンター（画像：68KB）,,O,O,X,O,O,0,E3720100190111,高松,2022/9/16
2418,高松,男木小・中学校（画像：68KB）,,O,O,O,O,O,0,E3720100141111,高松,2022/9/16
2419,高松,池西農村環境改善センター（画像：222KB）,,O,O,O,O,O,0,E3720100067111,高松,2022/9/16
2420,高松,築地コミュニティセンター（画像：283KB）,,O,O,O,O,O,0,E3720100142111,高松,2022/9/16
2421,高松,築地小学校跡施設（画像：282KB）,,O,O,O,O,O,0,E3720100142112,高松,2022/9/16
2422,高松,中央小学校（画像：160KB）,,O,O,O,O,O,0,E3720100106111,高松,2022/9/16
2423,高松,鶴尾コミュニティセンター（画像：140KB）,,O,O,O,O,O,0,E3720100146111,高松,2022/9/16
2424,高松,鶴尾小学校（画像：140KB）,,O,O,O,O,O,0,E3720100108111,高松,2022/9/16
2425,高松,鶴尾中学校（画像：140KB）,,O,O,O,O,O,0,E3720100109111,高松,2022/9/16
2426,高松,東植田コミュニティセンター（画像：199KB）,,O,O,O,O,O,0,E3720100148111,高松,2022/9/16
2427,高松,東植田小学校（画像：199KB）,,O,O,O,O,O,0,E3720100149111,高松,2022/9/16
2428,高松,東植田小学校菅沢分校（画像：99KB）,,O,O,O,O,O,0,E3720100115111,高松,2022/9/16
2429,高松,東谷コミュニティセンター（画像：176KB）,,O,O,O,O,X,0,E3720100063111,高松,2022/9/16
2430,高松,二番丁コミュニティセンター（画像：252KB）,,O,O,O,O,O,0,E3720100129111,高松,2022/9/16
2431,高松,日新コミュニティセンター（画像：195KB）,,O,O,O,O,O,0,E3720100117111,高松,2022/9/16
2432,高松,日新小学校跡施設（画像：195KB）,,O,O,O,O,O,0,E3720100116111,高松,2022/9/16
2433,高松,仏生山コミュニティセンター（画像：140KB）,,O,O,O,O,O,0,E3720100159111,高松,2022/9/16
2434,高松,仏生山小学校（画像：137KB）,,O,O,O,O,O,0,E3720100160111,高松,2022/9/16
2435,高松,牟礼コミュニティセンター（画像：218KB）,,O,O,O,O,O,0,E3720100176111,高松,2022/9/16
2436,高松,牟礼小学校（画像：217KB）,,O,O,O,O,O,0,E3720100171111,高松,2022/9/16
2437,高松,牟礼総合体育館（画像：217KB）,,O,O,O,O,X,0,E3720100173111,高松,2022/9/16
2438,高松,牟礼中央公園運動センター（画像：211KB）,,O,O,O,O,O,0,E3720100165111,高松,2022/9/16
2439,高松,牟礼中学校（画像：217KB）,,O,O,O,O,O,0,E3720100177111,高松,2022/9/16
2440,高松,牟礼南小学校（画像：212KB）,,O,O,O,O,O,0,E3720100169111,高松,2022/9/16
2441,高松,牟礼北小学校（画像：222KB）,,O,O,O,O,O,0,E3720100175111,高松,2022/9/16
2442,高松,木太コミュニティセンター（画像：153KB）,,O,O,O,O,O,0,E3720100183111,高松,2022/9/16
2443,高松,木太小学校（画像：153KB）,,O,O,O,O,O,0,E3720100182111,高松,2022/9/16
2444,高松,木太中学校（画像：160KB）,,O,O,O,O,O,0,E3720100185111,高松,2022/9/16
2445,高松,木太南コミュニティセンター（画像：148KB）,,O,O,O,O,O,0,E3720100178111,高松,2022/9/16
2446,高松,木太南小学校（画像：147KB）,,O,O,O,O,O,0,E3720100179111,高松,2022/9/16
2447,高松,木太北部コミュニティセンター（画像：203KB）,,O,O,O,O,O,0,E3720100180111,高松,2022/9/16
2448,高松,木太北部小学校（画像：203KB）,,O,O,O,O,O,0,E3720100181111,高松,2022/9/16
2449,高松,由佐農村環境改善センター（画像：222KB）,,O,O,O,O,O,0,E3720100069111,高松,2022/9/16
2450,高松,龍雲中学校（画像：138KB）,,O,O,O,O,O,0,E3720100099111,高松,2022/9/16
2451,高松,林コミュニティセンター（画像：180KB）,,O,O,O,O,O,0,E3720100189111,高松,2022/9/16
2452,高松,林小学校（画像：196KB）,,O,O,O,O,O,0,E3720100186111,高松,2022/9/16
2453,岡田,あやうたこども園 ,,O,O,O,O,O,0,E3720200004111,丸亀,2025/4/1
2454,土器,クリントピア丸亀 ,,O,O,A,O,O,0,E3720200062111,丸亀,2025/4/1
2455,城坤,しおや保育所 ,,O,A,X,A,O,0,E3720200050111,丸亀,2025/4/1
2456,城南,はらだこども園 ,,O,O,O,O,O,0,E3720200026111,丸亀,2025/4/1
2457,広島,へき地集会室 ,,O,O,O,O,X,0,E3720200031111,丸亀,2025/4/1
2458,栗熊,綾歌総合文化会館 ,,X,O,O,O,O,0,E3720200006111,丸亀,2025/4/1
2459,栗熊,綾歌中学校 ,,O,O,O,O,O,0,E3720200010111,丸亀,2025/4/1
2460,栗熊,綾歌保健福祉ｾﾝﾀー,,O,O,O,O,O,0,E3720200007111,丸亀,2025/4/1
2461,岡田,岡田ｺﾐｭﾆﾃィｾﾝﾀー,,O,O,O,O,O,0,E3720200002111,丸亀,2025/4/1
2462,岡田,岡田小学校 ,,O,O,O,O,O,0,E3720200001111,丸亀,2025/4/1
2463,岡田,岡田保育所 ,,O,O,O,O,O,0,E3720200003111,丸亀,2025/4/1
2464,城坤,丸亀市民体育館 ,,O,O,O,O,O,0,E3720200020111,丸亀,2025/4/1
2465,城坤,旧塩屋北保育所(丸亀市ｼﾙﾊﾞｰ人材ｾﾝﾀｰ)2階一部 ,,O,X,X,X,O,0,E3720200015111,丸亀,2025/4/1
2466,城北,旧土居保育所 ,,O,A,X,X,O,0,E3720200063111,丸亀,2025/4/1
2467,本島,旧本島中学校 体育館 ,,O,O,X,O,X,0,E3720200095112,丸亀,2025/4/1
2468,本島,牛島集会場 ,,X,O,O,O,X,0,E3720200017111,丸亀,2025/4/1
2469,川西,金山文化ｾﾝﾀー,,X,O,O,X,O,0,E3720200046111,丸亀,2025/4/1
2470,城坤,金倉保育所 ,,O,O,O,O,O,0,E3720200018111,丸亀,2025/4/1
2471,栗熊,栗熊ｺﾐｭﾆﾃィｾﾝﾀー,,O,O,O,O,O,0,E3720200005111,丸亀,2025/4/1
2472,栗熊,栗熊小学校 ,,O,O,O,O,O,0,E3720200009111,丸亀,2025/4/1
2473,栗熊,栗熊保育所 ,,O,O,O,O,O,0,E3720200008111,丸亀,2025/4/1
2474,郡家,郡家こども園 ,,O,O,O,O,O,0,E3720200023111,丸亀,2025/4/1
2475,郡家,郡家ｺﾐｭﾆﾃｨｾﾝﾀー,,O,O,O,O,O,0,E3720200025111,丸亀,2025/4/1
2476,郡家,郡家小学校 ,,O,O,O,O,O,0,E3720200024111,丸亀,2025/4/1
2477,城坤,県立丸亀競技場 第1～第6会議室 ,,O,O,O,O,O,0,E3720200019111,丸亀,2025/4/1
2478,城西,県立丸亀高等学校 第2体育館 ,,O,O,O,O,O,0,E3720200092111,丸亀,2025/4/1
2479,城西,県立丸亀高等学校 武道館 ,,O,O,O,O,O,0,E3720200040111,丸亀,2025/4/1
2480,城坤,県立丸亀城西高等学校 第2体育館 ,,O,O,O,O,O,0,E3720200055111,丸亀,2025/4/1
2481,飯山南,県立飯山高等学校 新体育館 ,,O,O,O,A,O,0,E3720200067111,丸亀,2025/4/1
2482,広島,広島ｺﾐｭﾆﾃｨｾﾝﾀー,,O,A,A,O,A,0,E3720200028111,丸亀,2025/4/1
2483,広島,広島小中学校 ,,O,A,A,O,O,0,E3720200029111,丸亀,2025/4/1
2484,飯野,香川県立香川丸亀支援学校 体育館 ,,O,O,O,O,O,0,E3720200082111,丸亀,2025/4/1
2485,本島,山根児童館 ,,O,O,X,O,O,0,E3720200086111,丸亀,2025/4/1
2486,本島,山根文化ｾﾝﾀー,,X,O,X,O,X,0,E3720200085111,丸亀,2025/4/1
2487,広島,手島自然教育ｾﾝﾀー,,O,O,A,O,A,0,E3720200038111,丸亀,2025/4/1
2488,広島,手島集会場 ,,X,O,X,O,X,0,E3720200039111,丸亀,2025/4/1
2489,広島,小手島小中学校 ,,O,O,O,O,A,0,E3720200030111,丸亀,2025/4/1
2490,城乾,城乾こども園 ,,O,O,A,O,O,0,E3720200094111,丸亀,2025/4/1
2491,城乾,城乾ｺﾐｭﾆﾃｨｾﾝﾀー,,O,O,A,O,O,0,E3720200065111,丸亀,2025/4/1
2492,城乾,城乾小学校 ,,O,A,A,O,O,0,E3720200054111,丸亀,2025/4/1
2493,城坤,城坤ｺﾐｭﾆﾃィｾﾝﾀー,,O,O,X,O,O,0,E3720200033111,丸亀,2025/4/1
2494,城坤,城坤小学校 ,,O,A,A,O,O,0,E3720200034111,丸亀,2025/4/1
2495,城坤,城坤幼稚園 ,,O,O,A,O,O,0,E3720200032111,丸亀,2025/4/1
2496,城西,城西ｺﾐｭﾆﾃｨｾﾝﾀー,,O,O,O,O,O,0,E3720200037111,丸亀,2025/4/1
2497,城西,城西小学校 ,,O,O,O,O,O,0,E3720200093111,丸亀,2025/4/1
2498,川西,城辰小学校 ,,O,O,O,A,O,0,E3720200049111,丸亀,2025/4/1
2499,川西,城辰保育所 ,,O,O,O,A,O,0,E3720200047111,丸亀,2025/4/1
2500,川西,城辰幼稚園 ,,O,O,O,A,O,0,E3720200044111,丸亀,2025/4/1
2501,土器,城東小学校 ,,O,O,A,A,O,0,E3720200058111,丸亀,2025/4/1
2502,土器,城東幼稚園 ,,O,O,O,A,O,0,E3720200057111,丸亀,2025/4/1
2503,城南,城南ｺﾐｭﾆﾃｨｾﾝﾀー,,O,O,O,O,O,0,E3720200035111,丸亀,2025/4/1
2504,城南,城南小学校 ,,O,O,O,O,O,0,E3720200056111,丸亀,2025/4/1
2505,城南,城南保育所 ,,O,O,O,O,O,0,E3720200036111,丸亀,2025/4/1
2506,城北,城北こども園 ,,O,A,X,A,O,0,E3720200084111,丸亀,2025/4/1
2507,城北,城北ｺﾐｭﾆﾃｨｾﾝﾀー,,O,X,X,X,O,0,E3720200027111,丸亀,2025/4/1
2508,城北,城北小学校 ,,O,A,A,A,O,0,E3720200016111,丸亀,2025/4/1
2509,垂水,垂水こども園 ,,O,O,O,O,O,0,E3720200043111,丸亀,2025/4/1
2510,垂水,垂水ｺﾐｭﾆﾃｨｾﾝﾀー,,O,O,O,O,O,0,E3720200041111,丸亀,2025/4/1
2511,垂水,垂水小学校 ,,O,O,O,O,O,0,E3720200042111,丸亀,2025/4/1
2512,本島,西地区集会場 ,,O,O,O,O,X,0,E3720200087111,丸亀,2025/4/1
2513,城西,西中学校 ,,O,O,A,O,O,0,E3720200053111,丸亀,2025/4/1
2514,土器,青ノ山保育所 ,,O,O,O,O,X,0,E3720200059111,丸亀,2025/4/1
2515,川西,川西ｺﾐｭﾆﾃｨｾﾝﾀー,,O,O,O,A,O,0,E3720200045111,丸亀,2025/4/1
2516,土器,土器ｺﾐｭﾆﾃｨｾﾝﾀー,,O,O,O,O,O,0,E3720200060111,丸亀,2025/4/1
2517,川西,土器川体育ｾﾝﾀー,,O,O,O,A,O,0,E3720200048111,丸亀,2025/4/1
2518,飯山南,東小川児童ｾﾝﾀー,,O,O,O,X,O,0,E3720200078111,丸亀,2025/4/1
2519,城北,東中学校 ,,O,O,A,A,O,0,E3720200051111,丸亀,2025/4/1
2520,郡家,南中学校 ,,O,O,O,O,O,0,E3720200022111,丸亀,2025/4/1
2521,土器,二軒茶屋総合ｾﾝﾀー,,O,A,A,A,O,0,E3720200061111,丸亀,2025/4/1
2522,飯山北,飯山こども園 ,,O,O,O,O,O,0,E3720200071111,丸亀,2025/4/1
2523,飯山北,飯山総合運動公園 体育館 ,,O,O,O,O,O,0,E3720200077111,丸亀,2025/4/1
2524,飯山北,飯山総合学習ｾﾝﾀー,,O,O,O,A,O,0,E3720200072111,丸亀,2025/4/1
2525,飯山南,飯山総合保健福祉ｾﾝﾀー,,O,O,O,A,O,0,E3720200066111,丸亀,2025/4/1
2526,飯山北,飯山中学校 ,,O,O,O,O,O,0,E3720200074111,丸亀,2025/4/1
2527,飯山南,飯山南ｺﾐｭﾆﾃィｾﾝﾀー,,O,O,O,O,O,0,E3720200068111,丸亀,2025/4/1
2528,飯山南,飯山南小学校 ,,O,O,O,O,O,0,E3720200070111,丸亀,2025/4/1
2529,飯山南,飯山南保育所 ,,O,O,O,O,O,0,E3720200069111,丸亀,2025/4/1
2530,飯山北,飯山北小学校 ,,O,O,O,O,O,0,E3720200076111,丸亀,2025/4/1
2531,飯山北,飯山北第一保育所 ,,O,O,O,O,O,0,E3720200073111,丸亀,2025/4/1
2532,飯野,飯野こども園 ,,O,O,O,O,O,0,E3720200081111,丸亀,2025/4/1
2533,飯野,飯野ｺﾐｭﾆﾃｨｾﾝﾀー,,O,O,O,O,O,0,E3720200080111,丸亀,2025/4/1
2534,飯野,飯野小学校 ,,O,O,O,O,O,0,E3720200079111,丸亀,2025/4/1
2535,富熊,富熊ｺﾐｭﾆﾃィｾﾝﾀー,,O,O,O,O,O,0,E3720200011111,丸亀,2025/4/1
2536,富熊,富熊ｺﾐｭﾆﾃィｾﾝﾀｰ分館 ,,O,O,O,O,O,0,E3720200014111,丸亀,2025/4/1
2537,富熊,富熊小学校 ,,O,O,O,O,O,0,E3720200013111,丸亀,2025/4/1
2538,富熊,富熊保育所 ,,O,O,O,O,O,0,E3720200012111,丸亀,2025/4/1
2539,本島,本島ｺﾐｭﾆﾃｨｾﾝﾀー,,O,O,A,O,A,0,E3720200095111,丸亀,2025/4/1
2540,本島,本島小中学校 ,,O,O,A,O,A,0,E3720200088111,丸亀,2025/4/1
2541,本島,本島幼稚園 ,,O,O,O,O,X,0,E3720200089111,丸亀,2025/4/1
2542,郡家,四国職業能力開発大学校　体育館,,X,O,O,O,O,0,E3720200021111,丸亀,2025/4/1
2543,坂出,加茂小学校 ,,O,O,O,〇 ,O,0,E3720300002111,坂出,2024/8/16
2544,坂出,旧岩黒小･中学校 ,,O,O,O,O,O,0,E3720300004111,坂出,2024/8/16
2545,坂出,旧瀬居小学校 ,,O,O,A,O,O,0,E3720300015111,坂出,2024/8/16
2546,坂出,金山小学校 ,,O,O,O,O,O,0,E3720300024111,坂出,2024/8/16
2547,坂出,交流の里 おうごし ,,O,O,O,O,A,0,E3720300001111,坂出,2024/8/16
2548,坂出,香川大学教育学部附属坂出小学校体育館 ,,O,X,X,－ ,O,0,E3720300034111,坂出,2024/8/16
2549,坂出,香川大学教育学部附属坂出中学校体育館 ,,O,O,X,O,O,0,E3720300020111,坂出,2024/8/16
2550,坂出,坂出工業高等学校 心技館 ,,O,X,X,X,O,0,E3720300008111,坂出,2024/8/16
2551,坂出,坂出高等学校 第２体育館 ,,O,X,X,－ ,O,0,E3720300033111,坂出,2024/8/16
2552,坂出,坂出市立体育館 ,,O,X,O,O,O,0,E3720300026111,坂出,2024/8/16
2553,坂出,坂出商業高等学校 新体育館 ,,O,O,X,O,O,0,E3720300019111,坂出,2024/8/16
2554,坂出,坂出小学校 ,,O,X,A,A,O,0,E3720300027111,坂出,2024/8/16
2555,坂出,坂出第一高等学校 体育館・武道場 ,,O,X,X,A,O,0,E3720300007111,坂出,2024/8/16
2556,坂出,坂出中学校 ,,O,O,O,O,O,0,E3720300014111,坂出,2024/8/16
2557,坂出,市民ふれあい会館 ,,O,X,A,A,O,0,E3720300035111,坂出,2024/8/16
2558,坂出,松山小学校 ,,O,X,A,O,O,0,E3720300009111,坂出,2024/8/16
2559,坂出,瀬居中学校 ,,O,O,A,O,O,0,E3720300028111,坂出,2024/8/16
2560,坂出,西庄小学校 ,,O,O,O,A,O,0,E3720300018111,坂出,2024/8/16
2561,坂出,川津小学校 ,,O,O,O,O,O,0,E3720300021111,坂出,2024/8/16
2562,坂出,中央公民館 与島分館 ,,O,X,X,O,O,0,E3720300036111,坂出,2024/8/16
2563,坂出,中央公民館櫃石分館（旧櫃石小･中学校を含む。） ,,O,O,O,O,O,0,E3720300041111,坂出,2024/8/16
2564,坂出,中央体育館 ,,O,X,X,X,O,0,E3720300013111,坂出,2024/8/16
2565,坂出,東部小学校 ,,O,X,A,A,O,0,E3720300012111,坂出,2024/8/16
2566,坂出,東部中学校 ,,O,X,A,A,O,0,E3720300005111,坂出,2024/8/16
2567,坂出,白峰中学校 ,,O,O,A,A,O,0,E3720300038111,坂出,2024/8/16
2568,坂出,府中公民館 ,,O,O,O,A,O,0,E3720300030111,坂出,2024/8/16
2569,坂出,万葉会館 ,,O,O,A,O,O,0,E3720300011111,坂出,2024/8/16
2570,坂出,与島開発総合センター,,O,O,O,O,O,0,E3720300037111,坂出,2024/8/16
2571,坂出,林田小学校 ,,O,O,A,A,O,0,E3720300039111,坂出,2024/8/16
2572,善通寺,吉原公民館,,O,NA,NA,O,A,0,E3720400003111,善通寺,2013/12/4
2573,善通寺,吉原小学校,,A,NA,NA,O,O,0,E3720400004111,善通寺,2013/12/4
2574,善通寺,市民体育館,,A,NA,NA,O,O,0,E3720400005111,善通寺,2013/12/4
2575,善通寺,消防団第6分団統合屯所,,O,NA,NA,A,O,0,E3720400006111,善通寺,2013/12/4
2576,善通寺,生野分館,,O,NA,NA,O,O,0,E3720400009111,善通寺,2013/12/4
2577,善通寺,西中学校,,A,NA,NA,O,O,0,E3720400016111,善通寺,2013/12/4
2578,善通寺,西部公民館,,O,NA,NA,A,A,0,E3720400012111,善通寺,2013/12/4
2579,善通寺,西部小学校,,A,NA,NA,O,X,0,E3720400012112,善通寺,2013/12/4
2580,善通寺,中央公民館,,O,NA,NA,A,A,0,E3720400013111,善通寺,2013/12/4
2581,善通寺,中央小学校・中央分館,,A,NA,NA,O,O,0,E3720400017111,善通寺,2013/12/4
2582,善通寺,東中学校,,A,NA,NA,A,O,0,E3720400011111,善通寺,2013/12/4
2583,善通寺,東部公民館,,O,NA,NA,A,O,0,E3720400001111,善通寺,2013/12/4
2584,善通寺,東部小学校,,A,NA,NA,O,O,0,E3720400002111,善通寺,2013/12/4
2585,善通寺,南部公民館,,A,NA,NA,A,A,0,E3720400014111,善通寺,2013/12/4
2586,善通寺,南部小学校,,A,NA,NA,O,X,0,E3720400010111,善通寺,2013/12/4
2587,善通寺,筆岡公民館,,O,NA,NA,O,O,0,E3720400008111,善通寺,2013/12/4
2588,善通寺,筆岡小学校,,A,NA,NA,O,O,0,E3720400015111,善通寺,2013/12/4
2589,善通寺,普通寺隣保館,,O,NA,NA,A,O,0,E3720400020111,善通寺,2013/12/4
2590,善通寺,与北公民館,,O,NA,NA,A,A,0,E3720400019111,善通寺,2013/12/4
2591,善通寺,与北小学校,,A,NA,NA,O,O,0,E3720400018111,善通寺,2013/12/4
2592,善通寺,竜川小学校,,A,NA,NA,O,O,0,E3720400007111,善通寺,2013/12/4
2593,さぬき,さぬき南小学校,,O,O,O,O,O,0,E3720600029111,さぬき,2024/4/1
2594,さぬき,さぬき南中学校,,O,O,O,O,O,0,E3720600030111,さぬき,2024/4/1
2595,さぬき,寒川小学校,,O,O,O,O,O,0,E3720600012111,さぬき,2024/4/1
2596,さぬき,寒川幼稚園,,O,O,O,O,O,0,E3720600011111,さぬき,2024/4/1
2597,さぬき,旧神前小学校,,O,O,O,O,O,0,E3720600009111,さぬき,2024/4/1
2598,さぬき,結願の里（旧多和小学校体育館）,,O,O,O,O,O,0,E3720600026111,さぬき,2024/4/1
2599,さぬき,志度公民館,,O,O,O,O,O,0,E3720600051111,さぬき,2024/4/1
2600,さぬき,志度構造改善センター,,O,O,O,O,O,0,E3720600006111,さぬき,2024/4/1
2601,さぬき,志度高等学校,,O,O,O,O,O,0,E3720600016111,さぬき,2024/4/1
2602,さぬき,志度中学校,,O,O,O,O,O,0,E3720600015111,さぬき,2024/4/1
2603,さぬき,志度東体育館,,O,O,O,O,O,0,E3720600002111,さぬき,2024/4/1
2604,さぬき,志度幼稚園,,O,O,O,O,O,0,E3720600017111,さぬき,2024/4/1
2605,さぬき,松尾ふれあい会館,,O,O,O,O,O,0,E3720600028111,さぬき,2024/4/1
2606,さぬき,石田高等学校,,O,O,O,O,O,0,E3720600050111,さぬき,2024/4/1
2607,さぬき,造田小学校,,O,O,O,O,O,0,E3720600023111,さぬき,2024/4/1
2608,さぬき,長尾公民館,,O,O,O,O,O,0,E3720600052111,さぬき,2024/4/1
2609,さぬき,長尾小学校,,O,O,O,O,O,0,E3720600034111,さぬき,2024/4/1
2610,さぬき,津田高等学校,,O,O,O,O,O,0,E3720600038111,さぬき,2024/4/1
2611,さぬき,津田小学校,,O,O,O,O,O,0,E3720600037111,さぬき,2024/4/1
2612,東かがわ,とらまるてぶくろ体育館 ,,O,O,O,O,O,0,E3720700018112,東かがわ,2024/6/14
2613,東かがわ,とらまる公園キャンプ場 ,,O,O,O,O,O,0,E3720700018111,東かがわ,2024/6/14
2614,東かがわ,引田こども園 ,,O,O,O,O,O,0,E3720700004111,東かがわ,2024/6/14
2615,東かがわ,引田公民館 ,,O,O,A,O,O,0,E3720700002111,東かがわ,2024/6/14
2616,東かがわ,引田小中学校体育館 ,,O,O,X,O,O,0,E3720700003111,東かがわ,2024/6/14
2617,東かがわ,引田飛翔体育館 ,,O,O,O,O,O,0,E3720700001111,東かがわ,2024/6/14
2618,東かがわ,引田武道館 ,,O,O,O,O,O,0,E3720700005111,東かがわ,2024/6/14
2619,東かがわ,五名コミュニティセンター(旧五名活性化センター),,O,O,O,O,X,0,E3720700008111,東かがわ,2024/6/14
2620,東かがわ,三本松コミュニティセンター ,,O,O,X,O,O,0,E3720700012111,東かがわ,2024/6/14
2621,東かがわ,三本松コミュニティセンター多目的ホール（旧三本松小学校体育館）,,O,O,A,O,O,0,E3720700013111,東かがわ,2024/6/14
2622,東かがわ,三本松高校体育館 ,,O,O,O,O,O,0,E3720700011111,東かがわ,2024/6/14
2623,東かがわ,社会福祉協議会大内支所 ,,O,O,O,O,O,0,E3720700009111,東かがわ,2024/6/14
2624,東かがわ,社会福祉協議会本所 ,,O,O,A,A,O,0,E3720700029111,東かがわ,2024/6/14
2625,東かがわ,小海コミュニティセンター ,,O,O,O,O,X,0,E3720700014111,東かがわ,2024/6/14
2626,東かがわ,人権センター大内交流館 ,,O,O,O,O,O,0,E3720700006111,東かがわ,2024/6/14
2627,東かがわ,水主交流センター ,,O,O,O,O,X,0,E3720700017111,東かがわ,2024/6/14
2628,東かがわ,相生コミュニティセンター ,,O,O,O,O,O,0,E3720700023111,東かがわ,2024/6/14
2629,東かがわ,大内公民館 ,,O,O,O,O,O,0,E3720700010111,東かがわ,2024/6/14
2630,東かがわ,大内小・大川中学校体育館 ,,O,O,O,O,O,0,E3720700019111,東かがわ,2024/6/14
2631,東かがわ,丹生こども園 ,,O,O,O,O,O,0,E3720700021111,東かがわ,2024/6/14
2632,東かがわ,丹生コミュニティセンター ,,O,O,O,O,O,0,E3720700022111,東かがわ,2024/6/14
2633,東かがわ,東かがわ市交流プラザ ,,O,O,A,A,O,0,E3720700028111,東かがわ,2024/6/14
2634,東かがわ,白鳥コミュニティセンター ,,O,O,O,X,O,0,E3720700026111,東かがわ,2024/6/14
2635,東かがわ,白鳥コミュニティセンター多目的ホール（旧白鳥小学校体育館）,,O,O,O,X,O,0,E3720700025111,東かがわ,2024/6/14
2636,東かがわ,白鳥小中学校体育館 ,,O,O,O,O,O,0,E3720700027111,東かがわ,2024/6/14
2637,東かがわ,白鳥中央公園体育館 ,,O,O,O,O,O,0,E3720700007111,東かがわ,2024/6/14
2638,東かがわ,福栄コミュニティセンター ,,O,O,O,O,X,0,E3720700031111,東かがわ,2024/6/14
2639,東かがわ,福栄コミュニティセンター多目的ホール（旧福栄小学校体育館）,,O,O,O,X,O,0,E3720700030111,東かがわ,2024/6/14
2640,東かがわ,本町体育館（旧本町小学校体育館）,,O,O,X,O,O,0,E3720700016111,東かがわ,2024/6/14
2641,東かがわ,湊コミュニティセンター（旧湊保育所） ,,O,O,X,X,O,0,E3720700032111,東かがわ,2024/6/14
2642,東かがわ,誉水公民館 ,,X,O,O,O,O,0,E3720700020111,東かがわ,2024/6/14
2643,詫間町,（旧）粟島小学校,,X,O,O,O,O,0,E3720800063111,三豊,2024/4/1
2644,山本町,(旧)河内小学校,,O,O,O,O,O,0,E3720800038111,三豊,2024/4/1
2645,財田町,(旧)財田上小学校,,O,O,O,O,O,0,E3720800021111,三豊,2024/4/1
2646,財田町,(旧)財田中小学校,,O,O,O,O,O,0,E3720800024111,三豊,2024/4/1
2647,山本町,(旧)神田小学校,,O,O,O,O,O,0,E3720800041111,三豊,2024/4/1
2648,山本町,(旧)辻小学校,,O,O,O,O,O,0,E3720800045111,三豊,2024/4/1
2649,三野町,ふれあいパークみの,,O,O,O,O,O,0,E3720800033111,三豊,2024/4/1
2650,高瀬町,みとよ未来創造館,,O,O,O,O,O,0,E3720800002111,三豊,2024/4/1
2651,詫間町,粟島開発総合センター,,O,O,O,O,X,0,E3720800064111,三豊,2024/4/1
2652,仁尾町,円明院,,X,O,O,O,X,0,E3720800047111,三豊,2024/4/1
2653,三野町,下高瀬小学校,,O,O,X,X,O,0,E3720800029111,三豊,2024/4/1
2654,山本町,河内農村婦人の家,,O,O,O,O,O,0,E3720800037111,三豊,2024/4/1
2655,豊中町,笠田高等学校,,O,O,O,O,O,0,E3720800057111,三豊,2024/4/1
2656,豊中町,笠田小学校,,O,O,O,O,O,0,E3720800056111,三豊,2024/4/1
2657,三野町,吉津小学校,,O,O,O,O,O,0,E3720800030111,三豊,2024/4/1
2658,豊中町,桑山小学校,,O,O,O,O,X,0,E3720800055111,三豊,2024/4/1
2659,詫間町,香川高等専門学校 詫間キャンパス,,O,O,O,O,X,0,E3720800065111,三豊,2024/4/1
2660,高瀬町,高瀬Ｂ＆Ｇ 海洋センター,,O,O,O,O,O,0,E3720800015111,三豊,2024/4/1
2661,高瀬町,高瀬高等学校,,O,O,O,O,O,0,E3720800001111,三豊,2024/4/1
2662,高瀬町,高瀬中学校,,O,O,O,O,O,0,E3720800004111,三豊,2024/4/1
2663,高瀬町,高瀬町公民館 比地二分館,,O,O,O,O,O,0,E3720800013111,三豊,2024/4/1
2664,高瀬町,高瀬町公民館勝間分館,,O,O,O,O,O,0,E3720800005111,三豊,2024/4/1
2665,高瀬町,高瀬町体育館,,O,O,O,O,O,0,E3720800003111,三豊,2024/4/1
2666,財田町,財田小学校,,O,O,O,O,O,0,E3720800023111,三豊,2024/4/1
2667,山本町,財田大野農業構造 改善センター,,O,O,O,X,O,0,E3720800042111,三豊,2024/4/1
2668,財田町,財田町公民館,,O,O,O,X,O,0,E3720800017111,三豊,2024/4/1
2669,財田町,財田町総合運動公園,,O,O,O,O,O,0,E3720800018111,三豊,2024/4/1
2670,財田町,財田町防災センター,,O,O,O,O,O,0,E3720800025111,三豊,2024/4/1
2671,豊中町,三豊市市民交流 センター,,O,O,O,O,O,0,E3720800061111,三豊,2024/4/1
2672,高瀬町,三豊市総合体育館,,O,O,O,O,O,0,E3720800010111,三豊,2024/4/1
2673,詫間町,三豊市地域交流館荘内,,O,O,X,O,O,0,E3720800077111,三豊,2024/4/1
2674,三野町,三豊市地域交流館大見,,O,O,O,O,O,0,E3720800076111,三豊,2024/4/1
2675,山本町,三豊中学校,,O,O,O,O,O,0,E3720800046111,三豊,2024/4/1
2676,三野町,三野町はつらつ センター,,O,O,O,O,O,0,E3720800034111,三豊,2024/4/1
2677,三野町,三野町公民館吉津分館,,O,O,O,O,O,0,E3720800032111,三豊,2024/4/1
2678,三野町,三野町生涯学習 センター,,O,O,X,X,O,0,E3720800026111,三豊,2024/4/1
2679,三野町,三野町体育センター,,O,O,X,X,O,0,E3720800028111,三豊,2024/4/1
2680,三野町,三野町保健センター,,O,X,X,X,O,0,E3720800031111,三豊,2024/4/1
2681,三野町,三野津中学校,,O,X,X,X,O,0,E3720800027111,三豊,2024/4/1
2682,山本町,山本小学校,,O,O,O,X,X,0,E3720800043111,三豊,2024/4/1
2683,山本町,山本町公民館辻分館,,O,O,O,O,O,0,E3720800044111,三豊,2024/4/1
2684,山本町,山本町農村環境 改善センター,,O,O,O,X,O,0,E3720800039111,三豊,2024/4/1
2685,山本町,山本町保健センター,,O,O,O,X,O,0,E3720800039112,三豊,2024/4/1
2686,詫間町,志々島老人いこいの家,,X,X,X,O,X,0,E3720800066111,三豊,2024/4/1
2687,高瀬町,勝間小学校,,O,O,O,O,O,0,E3720800006111,三豊,2024/4/1
2688,詫間町,松崎コミュニティ センター,,O,O,O,O,O,0,E3720800067111,三豊,2024/4/1
2689,詫間町,松崎小学校,,O,O,O,O,X,0,E3720800068111,三豊,2024/4/1
2690,高瀬町,上高瀬小学校,,O,O,O,O,O,0,E3720800011111,三豊,2024/4/1
2691,豊中町,上高野小学校,,O,O,O,O,O,0,E3720800058111,三豊,2024/4/1
2692,仁尾町,常徳寺,,X,O,X,O,O,0,E3720800053111,三豊,2024/4/1
2693,山本町,神田定住促進センター,,O,O,O,O,O,0,E3720800040111,三豊,2024/4/1
2694,仁尾町,仁尾小学校,,O,O,O,O,X,0,E3720800054111,三豊,2024/4/1
2695,仁尾町,仁尾中学校,,O,O,X,O,O,0,E3720800051111,三豊,2024/4/1
2696,仁尾町,仁尾町体育センター,,O,O,X,O,O,0,E3720800050111,三豊,2024/4/1
2697,仁尾町,仁尾町文化会館,,O,O,O,O,O,0,E3720800052111,三豊,2024/4/1
2698,仁尾町,曽保小学校,,O,O,O,O,X,0,E3720800049111,三豊,2024/4/1
2699,三野町,大見小学校,,O,O,O,O,O,0,E3720800035111,三豊,2024/4/1
2700,財田町,大野地公民館,,X,O,O,X,O,0,E3720800022111,三豊,2024/4/1
2701,財田町,特別養護老人ホーム 諶之丞の丘,,O,O,O,O,O,0,E3720800016111,三豊,2024/4/1
2702,高瀬町,二ノ宮小学校,,O,O,O,O,O,0,E3720800008111,三豊,2024/4/1
2703,高瀬町,二ノ宮地区農業構造 改善センター,,O,O,O,O,O,0,E3720800009111,三豊,2024/4/1
2704,詫間町,箱浦ビジターハウス,,O,O,X,O,X,0,E3720800078111,三豊,2024/4/1
2705,仁尾町,八幡神社,,X,O,X,O,O,0,E3720800048111,三豊,2024/4/1
2706,高瀬町,比地小学校,,O,O,O,O,O,0,E3720800014111,三豊,2024/4/1
2707,豊中町,比地大小学校,,O,O,O,O,O,0,E3720800059111,三豊,2024/4/1
2708,財田町,宝光寺,,X,O,O,O,O,0,E3720800020111,三豊,2024/4/1
2709,豊中町,豊中中学校,,O,O,O,O,O,0,E3720800060111,三豊,2024/4/1
2710,豊中町,豊中町農村環境 改善センター,,O,O,O,O,O,0,E3720800061112,三豊,2024/4/1
2711,豊中町,本山小学校,,O,O,O,X,O,0,E3720800062111,三豊,2024/4/1
2712,高瀬町,麻小学校,,O,O,O,O,O,0,E3720800012111,三豊,2024/4/1
2713,高瀬町,麻地区農業構造 改善センター,,O,O,O,O,O,0,E3720800007111,三豊,2024/4/1
2714,財田町,和光中学校,,O,O,O,O,O,0,E3720800019111,三豊,2024/4/1
2715,詫間町,詫間小学校,,O,X,X,O,O,0,E3720800073111,三豊,2024/4/1
2716,詫間町,詫間中学校,,O,X,X,O,O,0,E3720800074111,三豊,2024/4/1
2717,土庄,アクティブ大鐸,,O ,O ,O ,X,O ,0,E3732200025111,土庄,2025/3/6
2718,土庄,やすらぎプラザ,,O ,X,O ,X,O ,0,E3732200032111,土庄,2025/3/6
2719,土庄,四海公民館,,O,O,O,O,O,0,E3732200001111,土庄,2025/3/6
2720,土庄,四海体育館,,O,O,O,O,X,0,E3732200002111,土庄,2025/3/6
2721,土庄,大鐸体育館,,O ,O ,O ,X,O ,0,E3732200024111,土庄,2025/3/6
2722,土庄,大部公民館,,O,O,O,O,X,0,E3732200020111,土庄,2025/3/6
2723,土庄,大部体育館,,O,O,O,O,X,0,E3732200021111,土庄,2025/3/6
2724,土庄,中央公民館,,O ,X,O ,O ,O ,0,E3732200013111,土庄,2025/3/6
2725,土庄,土庄小学校,,O ,O ,O ,X,O ,0,E3732200034112,土庄,2025/3/6
2726,土庄,土庄小学校体育館,,O ,O ,O ,X,O ,0,E3732200034111,土庄,2025/3/6
2727,土庄,土庄体育館,,O ,O ,O ,O ,X,0,E3732200014111,土庄,2025/3/6
2728,土庄,土庄中学校,,O ,X,O ,X,O ,0,E3732200033112,土庄,2025/3/6
2729,土庄,土庄中学校体育館,,O ,X,X,X,O ,0,E3732200033111,土庄,2025/3/6
2730,土庄,土庄町総合会館,,O ,O ,O ,O ,O ,0,E3732200008111,土庄,2025/3/6
2731,土庄,豊島小中学校,,O,O,O,O,O,0,E3732200027112,土庄,2025/3/6
2732,土庄,豊島小中学校体育館,,O,O,O,O,O,0,E3732200027111,土庄,2025/3/6
2733,土庄,北浦公民館,,O,O,O,O,O,0,E3732200006111,土庄,2025/3/6
2734,土庄,北浦体育館,,O,O,O,O,X,0,E3732200005111,土庄,2025/3/6
2735,土庄,渕崎公民館,,O ,X,O ,X,O ,0,E3732200031111,土庄,2025/3/6
2736,小豆島,イマージュセンター  ,,O ,O ,O ,O ,O ,0,E3732400037111,小豆島,2019/6/1
2737,小豆島,サン・オリーブ  ,,O ,O ,O ,O ,O ,0,E3732400021111,小豆島,2019/6/1
2738,小豆島,安田小学校体育館  ,,O ,O ,O ,O ,O ,0,E3732400002111,小豆島,2019/6/1
2739,小豆島,蒲生公民館  ,,O ,O ,O ,O ,O ,0,E3732400006111,小豆島,2019/6/1
2740,小豆島,橘会館  ,,O ,O ,O ,O ,O ,0,E3732400013111,小豆島,2019/6/1
2741,小豆島,坂手公民館  ,,O ,O ,O ,O ,O ,0,E3732400015111,小豆島,2019/6/1
2742,小豆島,三都公民館  ,,O ,O ,O ,O ,O ,0,E3732400008111,小豆島,2019/6/1
2743,小豆島,室生体育館  ,,O ,O ,O ,O ,O ,0,E3732400019111,小豆島,2019/6/1
2744,小豆島,小豆島中央高校第1体育館  ,,O ,O ,O ,O ,O ,0,E3732400005111,小豆島,2019/6/1
2745,小豆島,小豆島中学校体育館  ,,O ,O ,O ,O ,O ,0,E3732400055111,小豆島,2019/6/1
2746,小豆島,星城小学校体育館  ,,O ,O ,O ,O ,O ,0,E3732400032111,小豆島,2019/6/1
2747,小豆島,西村公民館  ,,O ,O ,O ,O ,O ,0,E3732400022111,小豆島,2019/6/1
2748,小豆島,草壁公民館  ,,O ,O ,O ,O ,O ,0,E3732400029111,小豆島,2019/6/1
2749,小豆島,池田小学校体育館  ,,O ,O ,O ,O ,O ,0,E3732400035111,小豆島,2019/6/1
2750,小豆島,中山体育館  ,,O ,O ,O ,O ,O ,0,E3732400039111,小豆島,2019/6/1
2751,小豆島,二生公民館  ,,O ,O ,O ,O ,O ,0,E3732400043111,小豆島,2019/6/1
2752,小豆島,苗羽小学校体育館  ,,O ,O ,O ,O ,O ,0,E3732400050111,小豆島,2019/6/1
2753,小豆島,福田公民館  ,,O ,O ,O ,O ,O ,0,E3732400052111,小豆島,2019/6/1
2754,三木町,ウォーキングセンター,,O ,O ,O ,O ,O ,0,E3734100006111,三木町,2024/5/1
2755,三木町,共同福祉施設,,O ,O ,O ,O ,O ,0,E3734100015111,三木町,2024/5/1
2756,三木町,ししの子幼稚園・保育所,,O ,O ,O ,O ,O ,0,E3734100018111,三木町,2024/5/1
2757,三木町,"すぱーく
三木屋内ゲートボール場",,O ,O ,O ,O ,O ,0,E3734100017111,三木町,2024/5/1
2758,三木町,三木町Ｂ＆Ｇ海洋センター,,O ,O ,O ,O ,O ,0,E3734100016111,三木町,2024/5/1
2759,三木町,三木町防災センター,,O ,O ,O ,O ,O ,0,E3734100027111,三木町,2024/5/1
2760,三木町,井戸教育集会所,,O ,O ,O ,O ,O ,0,E3734100001111,三木町,2024/5/1
2761,三木町,井戸公民館,,O ,O ,O ,O ,O ,0,E3734100002111,三木町,2024/5/1
2762,三木町,旧小蓑小中学校 ,,O ,O ,O ,O ,O ,0,E3734100014111,三木町,2024/5/1
2763,三木町,旧神山小中学校,,O ,O ,O ,O ,O ,0,E3734100005111,三木町,2024/5/1
2764,三木町,三木中学校,,O ,O ,O ,O ,O ,0,E3734100026111,三木町,2024/5/1
2765,三木町,三木町文化交流プラザ,,O ,O ,O ,O ,O ,0,E3734100013111,三木町,2024/5/1
2766,三木町,鹿庭コミュニティセンター,,O ,O ,O ,O ,O ,0,E3734100011111,三木町,2024/5/1
2767,三木町,神山公民館,,O ,O ,O ,O ,O ,0,E3734100010111,三木町,2024/5/1
2768,三木町,地域交流センター,,O ,O ,O ,O ,O ,0,E3734100025111,三木町,2024/5/1
2769,三木町,池戸商工センター,,O ,O ,O ,O ,O ,0,E3734100020111,三木町,2024/5/1
2770,三木町,津柳地区コミュニティセンター,,O ,O ,O ,O ,O ,0,E3734100004111,三木町,2024/5/1
2771,三木町,田中公民館,,O ,O ,O ,O ,O ,0,E3734100022111,三木町,2024/5/1
2772,三木町,田中小学校,,O ,O ,O ,O ,O ,0,E3734100023111,三木町,2024/5/1
2773,三木町,農業者トレーニングセンター,,O ,O ,O ,O ,O ,0,E3734100021111,三木町,2024/5/1
2774,三木町,農村環境改善センター,,O ,O ,O ,O ,O ,0,E3734100028111,三木町,2024/5/1
2775,三木町,白山教育集会所,,O ,O ,O ,O ,O ,0,E3734100007111,三木町,2024/5/1
2776,三木町,白山小学校,,O ,O ,O ,O ,O ,0,E3734100009111,三木町,2024/5/1
2777,三木町,白山文化センター,,O ,O ,O ,O ,O ,0,E3734100008111,三木町,2024/5/1
2778,三木町,氷上小学校,,O ,O ,O ,O ,O ,0,E3734100024111,三木町,2024/5/1
2779,三木町,平井小学校,,O ,O ,O ,O ,O ,0,E3734100029111,三木町,2024/5/1
2780,三木町,平木文化センター,,O ,O ,O ,O ,O ,0,E3734100012111,三木町,2024/5/1
2781,三木町,保健センター,,O ,O ,O ,O ,O ,0,E3734100019111,三木町,2024/5/1
2782,三木町,老人福祉会館あけぼの荘,,O ,O ,O ,O ,O ,0,E3734100003111,三木町,2024/5/1
2783,向島,向島集会所,,X,X,X,O,O,0,E3736400007111,直島町,2024/5/1
2784,才ノ神,三菱マテリアル㈱直島製錬所体育館,,X,O,O,O,O,0,E3736400009111,直島町,2024/5/1
2785,積浦,積浦集会所,,O,O,A,O,O,0,E3736400011112,直島町,2024/5/1
2786,本村,直島ホール,,O,O,A,O,O,0,E3736400012111,直島町,2024/5/1
2787,文教区,直島小学校,,O,O,O,O,O,0,E3736400003111,直島町,2024/5/1
2788,文教区,直島中学校,,O,O,O,O,O,0,E3736400002111,直島町,2024/5/1
2789,宮ノ浦,直島町西部公民館,,O,O,O,O,O,0,E3736400006111,直島町,2024/5/1
2790,横防,直島町総合福祉センター分館,,O,O,O,O,X,0,E3736400005111,直島町,2024/5/1
2791,宮ノ浦,直島町総合福祉センター本館,,O,O,O,O,O,0,E3736400008111,直島町,2024/5/1
2792,積浦,直島町地域づくり人材育成センター,,O,O,A,O,O,0,E3736400011111,直島町,2024/5/1
2793,本村,直島町役場,,O,O,O,O,O,0,E3736400001111,直島町,2024/5/1
2794,文教区,直島幼児学園,,O,O,O,O,O,0,E3736400004111,直島町,2024/5/1
2795,屏風島,屏風島集会所,,O,X,X,O,X,0,E3736400010111,直島町,2024/5/1
2796,宇多津,デュアル・スポーツセンター,,O,O,O,O,O,0,E3738600030111,宇多津町,2024/4/1
2797,宇多津,宇多津小学校,,O,O,O,O,O,0,E3738600034111,宇多津町,2024/4/1
2798,宇多津,宇多津中学校,,O,O,O,O,O,0,E3738600029111,宇多津町,2024/4/1
2799,宇多津,宇多津北小学校,,O,O,O,O,O,0,E3738600045111,宇多津町,2024/4/1
2800,宇多津,町民体育館,,O,O,O,O,O,0,E3738600035111,宇多津町,2024/4/1
2801,宇多津,保健センター,,O,O,O,O,O,0,E3738600011111,宇多津町,2024/4/1
2802,綾川,B&G綾上海洋センター,,O,NA,NA,O,O,0,E3738700010111,綾川町,2021/6/22
2803,綾川,綾上小学校,,O,NA,NA,X,O,0,E3738700014111,綾川町,2021/6/22
2804,綾川,綾川中学校,,O,NA,NA,O,O,0,E3738700027111,綾川町,2021/6/22
2805,綾川,綾上農村環境改善センター（綾上支所）,,O,NA,NA,A,O,0,E3738700008111,綾川町,2021/6/22
2806,綾川,綾南農村環境改善センター（綾川町役場）,,O,NA,NA,O,O,0,E3738700022111,綾川町,2021/6/22
2807,綾川,羽床公民館,,O,NA,NA,A,O,0,E3738700003111,綾川町,2021/6/22
2808,綾川,羽床小学校,,O,NA,NA,X,O,0,E3738700001111,綾川町,2021/6/22
2809,綾川,羽床上公民館,,O,NA,NA,A,O,0,E3738700006111,綾川町,2021/6/22
2810,綾川,羽床上体育施設（旧羽床上小学校）,,O,NA,NA,X,O,0,E3738700005111,綾川町,2021/6/22
2811,綾川,旧綾上中学校,,O,NA,NA,O,X,0,E3738700011111,綾川町,2021/6/22
2812,綾川,国保総合保健施設いきいきセンター,,O,NA,NA,X,O,0,E3738700009111,綾川町,2021/6/22
2813,綾川,国保総合保健施設えがお,,O,NA,NA,O,O,0,E3738700025111,綾川町,2021/6/22
2814,綾川,山田公民館,,O,NA,NA,A,O,0,E3738700012111,綾川町,2021/6/22
2815,綾川,昭和公民館,,O,NA,NA,O,O,0,E3738700031111,綾川町,2021/6/22
2816,綾川,昭和小学校,,O,NA,NA,O,O,0,E3738700030111,綾川町,2021/6/22
2817,綾川,西分公民館,,O,NA,NA,O,A,0,E3738700015111,綾川町,2021/6/22
2818,綾川,滝宮公民館,,O,NA,NA,O,O,0,E3738700021111,綾川町,2021/6/22
2819,綾川,滝宮小学校,,O,NA,NA,O,O,0,E3738700018111,綾川町,2021/6/22
2820,綾川,陶公民館,,O,NA,NA,O,O,0,E3738700028111,綾川町,2021/6/22
2821,綾川,陶小学校,,O,NA,NA,O,O,0,E3738700029111,綾川町,2021/6/22
2822,綾川,枌所公民館,,O,NA,NA,O,O,0,E3738700036111,綾川町,2021/6/22
2823,綾川,枌所体育施設（旧枌所小学校）,,O,NA,NA,O,O,0,E3738700035111,綾川町,2021/6/22
2824,多度津,県立多度 津 高 等 学 校 ,,O,O,O,O,O,0,E3740400001111,多度津町,2024/8/30
2825,多度津,高 見 島 研 修 セ ン タ ー ( 旧 高 見 小 学 校 ),,O,O,O,O,O,0,E3740400007111,多度津町,2024/8/30
2826,多度津,佐 柳 い こ い の 家 ,,O,O,O,O,O,0,E3740400010111,多度津町,2024/8/30
2827,多度津,佐 柳 本 浦 住 民 会 館 ,,O,O,O,O,O,0,E3740400012111,多度津町,2024/8/30
2828,多度津,四 箇 小 学 校 ,,O,O,O,O,O,0,E3740400014111,多度津町,2024/8/30
2829,多度津,多 度 津 小 学 校 ,,O,O,O,O,O,0,E3740400002111,多度津町,2024/8/30
2830,多度津,多 度 津 中 学 校 ,,O,O,O,O,O,0,E3740400046111,多度津町,2024/8/30
2831,多度津,多度津町リサイクルプラザ ,,O,O,O,O,O,0,E3740400039111,多度津町,2024/8/30
2832,多度津,町 民 健 康 セ ン タ ー ,,O,O,O,O,O,0,E3740400016111,多度津町,2024/8/30
2833,多度津,白 方 小 学 校 ,,O,O,O,O,O,0,E3740400003111,多度津町,2024/8/30
2834,多度津,豊 原 小 学 校 ,,O,O,O,O,O,0,E3740400040111,多度津町,2024/8/30
2835,多度津,豊 原 幼 稚 園 ,,O,O,O,O,O,0,E3740400005111,多度津町,2024/8/30
2836,まんのう,かりんの丘公園  ,,O,NA,NA,O,O,0,E3740600004111,まんのう町,2025/2/7
2837,まんのう,スポーツセンターまんのう ／満濃中学校 ,,O,NA,NA,O,O,0,E3740600008111,まんのう町,2025/2/7
2838,まんのう,まんのう町防災センター  ,,O,NA,NA,O,O,0,E3740600007111,まんのう町,2025/2/7
2839,まんのう,吉野公民館  ,,O,NA,NA,X,O,0,E3740600002111,まんのう町,2025/2/7
2840,まんのう,吉野体育館  ,,O,NA,NA,X,O,0,E3740600003111,まんのう町,2025/2/7
2841,まんのう,旧琴南中学校  ,,O,NA,NA,O,X,0,E3740600021111,まんのう町,2025/2/7
2842,まんのう,旧琴南東小学校  ,,O,NA,NA,O,X,0,E3740600016111,まんのう町,2025/2/7
2843,まんのう,旧仲南西小学校  ,,O,NA,NA,O,A,0,E3740600023111,まんのう町,2025/2/7
2844,まんのう,旧仲南東小学校  ,,O,NA,NA,O,O,0,E3740600012111,まんのう町,2025/2/7
2845,まんのう,旧仲南北小学校  ,,O,NA,NA,O,O,0,E3740600009111,まんのう町,2025/2/7
2846,まんのう,勤労青少年ホーム  ,,O,NA,NA,X,O,0,E3740600001112,まんのう町,2025/2/7
2847,まんのう,琴南公民館  ,,O,NA,NA,O,A,0,E3740600022111,まんのう町,2025/2/7
2848,まんのう,琴南高齢者コミュニティーセンター（川奥集会場）  ,,O,NA,NA,O,X,0,E3740600015111,まんのう町,2025/2/7
2849,まんのう,琴南支所  ,,O,NA,NA,O,O,0,E3740600017112,まんのう町,2025/2/7
2850,まんのう,琴南小学校  ,,O,NA,NA,O,O,0,E3740600018111,まんのう町,2025/2/7
2851,まんのう,琴南総合センター（美合出張所）  ,,O,NA,NA,O,A,0,E3740600014111,まんのう町,2025/2/7
2852,まんのう,琴南農村環境改善センター  ,,O,NA,NA,O,O,0,E3740600017111,まんのう町,2025/2/7
2853,まんのう,高藤公民館（高藤ふれあいセンター）  ,,X,NA,NA,O,O,0,E3740600025111,まんのう町,2025/2/7
2854,まんのう,高藤小学校  ,,O,NA,NA,O,O,0,E3740600024111,まんのう町,2025/2/7
2855,まんのう,四條公民館  ,,O,NA,NA,X,O,0,E3740600006111,まんのう町,2025/2/7
2856,まんのう,四條小学校  ,,O,NA,NA,X,O,0,E3740600010111,まんのう町,2025/2/7
2857,まんのう,神野公民館  ,,O,NA,NA,X,O,0,E3740600001111,まんのう町,2025/2/7
2858,まんのう,仲南公民館  ,,O,NA,NA,O,O,0,E3740600013111,まんのう町,2025/2/7
2859,まんのう,仲南支所  ,,O,NA,NA,O,O,0,E3740600013112,まんのう町,2025/2/7
2860,まんのう,仲南小学校  ,,O,NA,NA,O,O,0,E3740600026111,まんのう町,2025/2/7
2861,まんのう,長炭公民館（長炭地区活性化センター：なごみ館）  ,,O,NA,NA,O,O,0,E3740600020111,まんのう町,2025/2/7
2862,まんのう,長炭小学校  ,,O,NA,NA,O,O,0,E3740600019111,まんのう町,2025/2/7
2863,まんのう,満濃南小学校  ,,O,NA,NA,X,O,0,E3740600005111,まんのう町,2025/2/7
2864,まんのう,満濃農村環境改善センター  ,,O,NA,NA,X,O,0,E3740600011111,まんのう町,2025/2/7
2865,内町,あわぎんホール（郷土文化会館）,,O,O,O,O,O,0,E3620100675111,徳島市,2024/4/1
2866,内町,内町コミュニティセンター（幸町会館）,,O,O,O,O,O,0,E3620100079111,徳島市,2024/4/1
2867,東富田,東富田コミュニティセンター,,O,X,O,O,O,0,E3620100365111,徳島市,2024/4/1
2868,上八万,一宮コミユニテイセンター,,O,O,O,X,O,0,E3620100021111,徳島市,2024/4/1
2869,上八万,一宮小学校,,O,O,O,X,O,0,E3620100020111,徳島市,2024/4/1
2870,応神,応神コミユニテイセンター,,O,X,O,O,O,0,E3620100025111,徳島市,2024/4/1
2871,応神,応神小学校,,O,X,X,X,O,0,E3620100024111,徳島市,2024/4/1
2872,応神,応神中学校,,O,X,X,X,O,0,E3620100031111,徳島市,2024/4/1
2873,沖洲,沖洲コスモエディティセンター,,O,O,O,O,O,0,E3620100579111,徳島市,2024/4/1
2874,沖洲,沖洲小学校,,O,O,O,O,O,0,E3620100453111,徳島市,2024/4/1
2875,加茂,加茂コミユニテイセンター,,O,O,O,O,O,0,E3620100628111,徳島市,2024/4/1
2876,加茂名,加茂名コミユニテイセンター,,O,O,O,O,O,0,E3620100190111,徳島市,2024/4/1
2877,加茂名,加茂名小学校,,O,O,X,X,O,0,E3620100189111,徳島市,2024/4/1
2878,加茂名,加茂名中学校,,O,O,O,O,O,0,E3620100188111,徳島市,2024/4/1
2879,加茂名,加茂名南小学校,,O,O,O,X,O,0,E3620100005111,徳島市,2024/4/1
2880,加茂,干松小学校,,O,X,X,X,O,0,E3620100497111,徳島市,2024/4/1
2881,多家良,宮井小学校,,O,O,O,X,X,0,E3620100350111,徳島市,2024/4/1
2882,多家良,旧飯谷小学校,,O,O,O,X,X,0,E3620100546111,徳島市,2024/4/1
2883,国府,国府コミユニテイセンター,,O,O,O,O,O,0,E3620100086111,徳島市,2024/4/1
2884,国府,国府小学校,,O,O,O,X,O,0,E3620100083111,徳島市,2024/4/1
2885,国府,国府中学校,,O,O,O,X,O,0,E3620100087111,徳島市,2024/4/1
2886,佐古,佐古コミュニティセンター,,O,O,O,O,O,0,E3620100091111,徳島市,2024/4/1
2887,佐古,佐古小学校,,O,X,X,X,O,0,E3620100467111,徳島市,2024/4/1
2888,応神,四国大学,,O,X,O,O,O,0,E3620100034111,徳島市,2024/4/1
2889,渭東,住吉・城東コミュニティセンター,,O,X,O,O,O,0,E3620100165111,徳島市,2024/4/1
2890,多家良,渋野小学校,,O,O,O,X,O,0,E3620100169111,徳島市,2024/4/1
2891,渭北,助任小学校,,O,O,O,O,O,0,E3620100061111,徳島市,2024/4/1
2892,勝占,勝占中部コミユニテイセンター,,O,O,O,O,O,0,E3620100187111,徳島市,2024/4/1
2893,勝占,勝占東部コミユニテイセンター,,O,X,X,X,O,0,E3620100353111,徳島市,2024/4/1
2894,昭和,昭和コミュニティセンター,,O,O,O,O,O,0,E3620100388111,徳島市,2024/4/1
2895,昭和,昭和小学校,,O,X,X,X,O,0,E3620100391111,徳島市,2024/4/1
2896,上八万,上八万コミユニテイセンター,,O,O,O,O,O,0,E3620100214111,徳島市,2024/4/1
2897,上八万,上八万小学校,,O,O,O,X,X,0,E3620100213111,徳島市,2024/4/1
2898,上八万,上八万中学校,,O,O,O,O,O,0,E3620100062111,徳島市,2024/4/1
2899,多家良,丈六コミユニテイセンター,,O,O,X,X,O,0,E3620100215111,徳島市,2024/4/1
2900,加茂,城西中学校,,O,O,O,O,O,0,E3620100518111,徳島市,2024/4/1
2901,渭東,城東小学校,,O,O,O,O,O,0,E3620100155111,徳島市,2024/4/1
2902,渭東,城東中学校,,O,O,O,O,O,0,E3620100012111,徳島市,2024/4/1
2903,新町,新町小学校,,O,X,X,X,X,0,E3620100439111,徳島市,2024/4/1
2904,渭北,渭北コミユニテイセンター,,O,O,O,O,O,0,E3620100602111,徳島市,2024/4/1
2905,西富田,西富田コミュニティセンター,,O,O,O,O,O,0,E3620100066111,徳島市,2024/4/1
2906,川内,川内中学校,,O,O,O,O,O,0,E3620100323111,徳島市,2024/4/1
2907,川内,川内町民会館,,O,O,O,O,O,0,E3620100295111,徳島市,2024/4/1
2908,川内,川内南小学校,,O,X,X,X,O,0,E3620100306111,徳島市,2024/4/1
2909,川内,川内北小学校,,O,X,X,X,O,0,E3620100317111,徳島市,2024/4/1
2910,多家良,多家良中央コミユニテイセンター,,O,O,O,X,O,0,E3620100349111,徳島市,2024/4/1
2911,勝占,大松小学校,,O,X,X,X,O,0,E3620100357111,徳島市,2024/4/1
2912,津田,津田コミユニテイセンター,,O,O,O,O,O,0,E3620100424111,徳島市,2024/4/1
2913,津田,津田小学校,,O,X,X,O,X,0,E3620100415111,徳島市,2024/4/1
2914,津田,津田中学校,,O,O,O,O,O,0,E3620100413111,徳島市,2024/4/1
2915,国府,徳島県立国府支援学校,,O,O,O,O,O,0,E3620100088111,徳島市,2024/4/1
2916,加茂名,徳島県立城西高等学校,,O,O,O,O,O,0,E3620100004111,徳島市,2024/4/1
2917,内町,徳島県立城東高等学校,,O,O,O,O,O,0,E3620100407111,徳島市,2024/4/1
2918,加茂,徳島県立城ノ内中等教育学校,,O,O,O,O,O,0,E3620100609111,徳島市,2024/4/1
2919,八万,徳島県立城南高等学校,,O,O,O,O,X,0,E3620100240111,徳島市,2024/4/1
2920,加茂,徳島県立城北高等学校,,O,O,O,O,O,0,E3620100627111,徳島市,2024/4/1
2921,内町,徳島県立中央武道館,,O,X,O,O,O,0,E3620100449111,徳島市,2024/4/1
2922,加茂,徳島県立徳島科学技術高等学校,,O,O,O,O,O,0,E3620100634111,徳島市,2024/4/1
2923,八万,徳島県立徳島視覚支援学校・徳島聴覚支援学校,,O,X,O,O,O,0,E3620100502111,徳島市,2024/4/1
2924,渭東,徳島県立徳島商業高等学校,,O,O,O,O,O,0,E3620100220111,徳島市,2024/4/1
2925,加茂,徳島県立徳島中央高等学校・徳島県立しらさぎ中学校　しらさぎ,,O,O,O,O,O,0,E3620100632111,徳島市,2024/4/1
2926,応神,徳島県立徳島北高等学校,,O,O,O,O,O,0,E3620100029111,徳島市,2024/4/1
2927,渭北,徳島県立文学書道館,,O,X,O,O,O,0,E3620100400111,徳島市,2024/4/1
2928,沖洲,徳島市立高校,,O,O,O,O,O,0,E3620100571111,徳島市,2024/4/1
2929,渭北,徳島大学常三島体育館,,O,O,O,O,O,0,E3620100482111,徳島市,2024/4/1
2930,渭北,徳島中学校,,O,O,O,O,O,0,E3620100402111,徳島市,2024/4/1
2931,内町,内町小学校,,O,X,X,X,O,0,E3620100447111,徳島市,2024/4/1
2932,南井上,南井上コミユニテイセンター,,O,O,O,X,O,0,E3620100085111,徳島市,2024/4/1
2933,南井上,南井上小学校,,O,O,O,X,O,0,E3620100084111,徳島市,2024/4/1
2934,勝占,南部中学校,,O,O,O,O,O,0,E3620100186111,徳島市,2024/4/1
2935,入田,入田コミユニテイセンター,,O,O,O,X,O,0,E3620100523111,徳島市,2024/4/1
2936,入田,入田小・中学校,,O,O,O,O,O,0,E3620100524111,徳島市,2024/4/1
2937,八万,八万コミュニティセンター,,O,O,O,O,O,0,E3620100544111,徳島市,2024/4/1
2938,八万,八万小学校,,O,X,X,X,O,0,E3620100243111,徳島市,2024/4/1
2939,八万,八万中央コミュニティセンター,,O,X,O,O,O,0,E3620100543111,徳島市,2024/4/1
2940,八万,八万中学校,,O,O,O,O,O,0,E3620100242111,徳島市,2024/4/1
2941,八万,八万南小学校,,O,X,X,X,O,0,E3620100528111,徳島市,2024/4/1
2942,不動,不動コミユニテイセンター,,O,O,O,X,O,0,E3620100550111,徳島市,2024/4/1
2943,不動,不動小学校,,O,O,O,X,O,0,E3620100549111,徳島市,2024/4/1
2944,不動,不動中学校,,O,X,O,X,O,0,E3620100548111,徳島市,2024/4/1
2945,東富田,富田小学校,,O,X,X,X,O,0,E3620100364111,徳島市,2024/4/1
2946,昭和,富田中学校,,O,O,O,O,O,0,E3620100387111,徳島市,2024/4/1
2947,渭東,福島小学校,,O,X,X,X,O,0,E3620100561111,徳島市,2024/4/1
2948,勝占,方上小学校,,O,X,X,X,O,0,E3620100593111,徳島市,2024/4/1
2949,北井上,北井上コミユニテイセンター,,O,O,O,O,O,0,E3620100082111,徳島市,2024/4/1
2950,北井上,北井上小学校,,O,O,O,X,O,0,E3620100081111,徳島市,2024/4/1
2951,北井上,北井上中学校,,O,O,O,X,O,0,E3620100080111,徳島市,2024/4/1
2952,渭北,鳴門教育大学附属小学校,,O,X,X,X,O,0,E3620100486111,徳島市,2024/4/1
2953,渭北,鳴門教育大学附属中学校,,O,X,O,O,O,0,E3620100367111,徳島市,2024/4/1
2954,勝占,論田小学校,,O,X,X,X,O,0,E3620100677111,徳島市,2024/4/1
2955,渭東,渭東コミュニティセンター,,O,O,O,O,O,0,E3620100565111,徳島市,2024/4/1
2956,林崎,トリーデなると,,O,X,X,X,X,0,E3620200155111,鳴門市,2024/10/1
2957,桧,リューネの森集会所,,O,X,O,O,O,0,E3620200088111,鳴門市,2024/10/1
2958,木津,芦余台集会所,,NA,NA,NA,NA,NA,0,E3620200143111,鳴門市,2024/10/1
2959,市場,医王集会所,,X,X,O,O,O,0,E3620200061111,鳴門市,2024/10/1
2960,岡﨑,岡崎集会所,,O,X,X,O,O,0,E3620200095111,鳴門市,2024/10/1
2961,土佐泊浦,花見山・心の手紙館,,O,X,O,X,O,0,E3620200197111,鳴門市,2024/10/1
2962,吉永,吉永集会所,,NA,NA,NA,NA,NA,0,E3620200028111,鳴門市,2024/10/1
2963,堂浦,旧瀬戸小学校（体育館）,,O,X,X,O,X,0,E3620200011111,鳴門市,2024/10/1
2964,折野,旧北灘西小学校（体育館）,,O,O,O,O,O,0,E3620200165111,鳴門市,2024/10/1
2965,大浦,旧北灘中学校（校舎）,,X,O,O,O,O,0,E3620200170111,鳴門市,2024/10/1
2966,土佐泊浦,旧鳴門東小学校（体育館）,,O,O,O,O,O,0,E3620200188112,鳴門市,2024/10/1
2967,板東,共栄集会所,,X,X,O,O,O,0,E3620200077111,鳴門市,2024/10/1
2968,大桑島,勤労者体育センター,,X,X,X,O,O,0,E3620200123111,鳴門市,2024/10/1
2969,櫛木,櫛木集会所,,O,O,O,O,O,0,E3620200159111,鳴門市,2024/10/1
2970,大桑島,桑島小学校（体育館）,,O,X,X,X,O,0,E3620200118111,鳴門市,2024/10/1
2971,大桑島,桑島地区コミュニティセンター,,O,X,X,X,X,0,E3620200113111,鳴門市,2024/10/1
2972,木津,原地集会所,,O,X,O,X,O,0,E3620200141111,鳴門市,2024/10/1
2973,高島,高島団地集会所,,O,X,X,X,O,0,E3620200181111,鳴門市,2024/10/1
2974,高畑,高畑集会所,,O,X,X,O,O,0,E3620200056111,鳴門市,2024/10/1
2975,黒崎,黒崎小学校（体育館）,,O,X,X,X,X,0,E3620200097111,鳴門市,2024/10/1
2976,黒崎,黒崎地区コミュニティセンター,,O,X,X,O,O,0,E3620200100111,鳴門市,2024/10/1
2977,土佐泊浦,黒山集会所,,X,X,O,X,O,0,E3620200191111,鳴門市,2024/10/1
2978,斎田,斎田公民館,,O,O,X,X,X,0,E3620200105111,鳴門市,2024/10/1
2979,斎田,斎田集会所,,O,O,X,X,X,0,E3620200107111,鳴門市,2024/10/1
2980,折野,三津集会所,,X,X,O,X,O,0,E3620200166111,鳴門市,2024/10/1
2981,板東,山田集会所,,X,X,O,O,O,0,E3620200081111,鳴門市,2024/10/1
2982,三俣,市場団地集会所,,X,X,O,X,O,0,E3620200059111,鳴門市,2024/10/1
2983,室,室撫佐漁業協同組合,,X,X,O,X,O,0,E3620200003111,鳴門市,2024/10/1
2984,北泊,小海集会所,,O,X,X,X,O,0,E3620200016111,鳴門市,2024/10/1
2985,姫田,小森集会所,,O,X,X,O,O,0,E3620200094111,鳴門市,2024/10/1
2986,小島田,小島田集会所,,X,X,X,X,O,0,E3620200005111,鳴門市,2024/10/1
2987,三俣,人権福祉センター,,O,O,O,O,O,0,E3620200057111,鳴門市,2024/10/1
2988,堂浦,瀬戸公民館,,O,O,O,O,O,0,E3620200009111,鳴門市,2024/10/1
2989,堂浦,瀬戸中学校（体育館）,,O,X,X,O,O,0,E3620200010111,鳴門市,2024/10/1
2990,黒崎,聖母幼稚園,,X,X,O,O,O,0,E3620200098111,鳴門市,2024/10/1
2991,折野,西條集会所,,O,X,O,X,O,0,E3620200164111,鳴門市,2024/10/1
2992,折野,川筋集会所,,X,X,O,X,O,0,E3620200168111,鳴門市,2024/10/1
2993,桧,川原場集会所,,X,X,O,O,O,0,E3620200086111,鳴門市,2024/10/1
2994,立岩,川東公民館,,O,X,O,O,O,0,E3620200151111,鳴門市,2024/10/1
2995,大幸,大幸集会所,,X,X,X,X,O,0,E3620200032111,鳴門市,2024/10/1
2996,大須,大須集会所,,X,X,X,X,O,0,E3620200171111,鳴門市,2024/10/1
2997,板東,大西集会所,,X,X,O,O,O,0,E3620200078111,鳴門市,2024/10/1
2998,大代,大代山路集会所,,O,X,O,O,O,0,E3620200037111,鳴門市,2024/10/1
2999,大代,大代集会所,,O,X,X,O,O,0,E3620200035111,鳴門市,2024/10/1
3000,大代,大代前場集会所,,X,X,O,O,O,0,E3620200033111,鳴門市,2024/10/1
3001,大谷,大谷集会所,,O,X,O,O,O,0,E3620200067111,鳴門市,2024/10/1
3002,大代,大津西小学校（体育館）,,O,X,X,X,O,0,E3620200034111,鳴門市,2024/10/1
3003,矢倉,大津団地集会所,,X,X,X,X,O,0,E3620200050111,鳴門市,2024/10/1
3004,大代,大津中央公民館,,O,O,O,O,O,0,E3620200036111,鳴門市,2024/10/1
3005,池谷,大麻中学校（体育館）,,O,O,X,X,X,0,E3620200070111,鳴門市,2024/10/1
3006,土佐泊浦,大毛集会所,,X,X,O,X,O,0,E3620200196111,鳴門市,2024/10/1
3007,木津野,第一小学校（体育館）,,X,O,O,O,X,0,E3620200045111,鳴門市,2024/10/1
3008,南浜,第一中学校（体育館）,,O,O,O,O,O,0,E3620200133111,鳴門市,2024/10/1
3009,立岩,第二中学校（体育館）,,O,X,X,X,X,0,E3620200150111,鳴門市,2024/10/1
3010,段関,段関集会所,,O,X,X,O,O,0,E3620200040111,鳴門市,2024/10/1
3011,段関,段関野崎集会所,,O,X,X,O,O,0,E3620200039111,鳴門市,2024/10/1
3012,池谷,池谷集会所,,X,X,O,O,O,0,E3620200069111,鳴門市,2024/10/1
3013,高島,中島集会所,,NA,NA,NA,NA,NA,0,E3620200177111,鳴門市,2024/10/1
3014,櫛木,張集会所,,X,X,O,X,O,0,E3620200158111,鳴門市,2024/10/1
3015,長江,長江集会所,,NA,NA,NA,NA,NA,0,E3620200041111,鳴門市,2024/10/1
3016,鳥ヶ丸,鳥ヶ丸集会所,,O,X,X,X,X,0,E3620200175111,鳴門市,2024/10/1
3017,津慈,津慈集会所,,X,X,O,X,O,0,E3620200072111,鳴門市,2024/10/1
3018,木津,天理教撫養大教会,,X,X,O,A,O,0,E3620200142111,鳴門市,2024/10/1
3019,中島田,島田小学校（体育館）,,X,O,O,O,O,0,E3620200006111,鳴門市,2024/10/1
3020,折野,東地集会所,,X,X,O,X,O,0,E3620200167111,鳴門市,2024/10/1
3021,東馬詰,東馬詰集会所,,X,X,X,X,O,0,E3620200073111,鳴門市,2024/10/1
3022,堂浦,堂浦ふれあい会館,,X,X,X,O,O,0,E3620200012111,鳴門市,2024/10/1
3023,南浜,南浜集会所,,O,X,X,X,O,0,E3620200132111,鳴門市,2024/10/1
3024,堂浦,日出集会所,,O,X,X,X,O,0,E3620200013111,鳴門市,2024/10/1
3025,萩原,萩原集会所,,X,X,O,O,O,0,E3620200074111,鳴門市,2024/10/1
3026,萩原,萩原団地集会所,,X,X,O,O,O,0,E3620200075111,鳴門市,2024/10/1
3027,板東,板東公民館,,O,O,O,O,O,0,E3620200083111,鳴門市,2024/10/1
3028,板東,板東小学校（体育館）,,O,O,O,O,O,0,E3620200084111,鳴門市,2024/10/1
3029,川崎,板東南ふれあいセンター(旧川崎幼稚園)庁舎,,X,O,O,O,O,0,E3620200063111,鳴門市,2024/10/1
3030,板東,板東連絡所,,X,X,O,O,O,0,E3620200085111,鳴門市,2024/10/1
3031,板東,樋殿谷集会所,,X,X,O,O,O,0,E3620200082111,鳴門市,2024/10/1
3032,備前島,備前島集会所,,X,X,X,X,O,0,E3620200043111,鳴門市,2024/10/1
3033,桧,桧集会所,,X,X,O,O,O,0,E3620200091111,鳴門市,2024/10/1
3034,桧,桧西集会所,,O,X,O,O,O,0,E3620200087111,鳴門市,2024/10/1
3035,姫田,姫田集会所,,X,X,O,O,O,0,E3620200093111,鳴門市,2024/10/1
3036,撫佐,撫佐集会所,,O,X,X,X,O,0,E3620200015111,鳴門市,2024/10/1
3037,斎田,撫養小学校（体育館）,,O,X,X,X,X,0,E3620200106111,鳴門市,2024/10/1
3038,斎田,撫養幼稚園,,NA,NA,NA,NA,NA,0,E3620200104111,鳴門市,2024/10/1
3039,板東,舞姫会館,,X,X,O,O,O,0,E3620200076111,鳴門市,2024/10/1
3040,板東,平草集会所,,X,X,O,O,O,0,E3620200080111,鳴門市,2024/10/1
3041,弁財天,弁財天集会所,,X,X,X,O,O,0,E3620200135111,鳴門市,2024/10/1
3042,宿毛谷,北灘公民館,,X,O,X,X,X,0,E3620200160111,鳴門市,2024/10/1
3043,粟田,北灘東小学校（校舎）,,NA,NA,NA,NA,NA,0,E3620200156112,鳴門市,2024/10/1
3044,粟田,北灘東小学校（体育館）,,O,O,X,X,X,0,E3620200156111,鳴門市,2024/10/1
3045,北泊,北泊漁業協同組合（旧事務所）,,O,X,O,X,O,0,E3620200222111,鳴門市,2024/10/1
3046,北泊,北泊漁業協同組合（北泊漁民センター）,,O,X,O,X,O,0,E3620200019111,鳴門市,2024/10/1
3047,北泊,北泊公民館,,X,X,O,O,O,0,E3620200017111,鳴門市,2024/10/1
3048,北浜,北浜老人憩いの家,,X,X,O,O,O,0,E3620200136111,鳴門市,2024/10/1
3049,折野,北條集会所,,X,X,O,X,O,0,E3620200163111,鳴門市,2024/10/1
3050,大谷,堀江公民館,,O,O,O,O,O,0,E3620200068111,鳴門市,2024/10/1
3051,西馬詰,堀江南小学校（体育館）,,O,X,X,X,O,0,E3620200062111,鳴門市,2024/10/1
3052,大谷,堀江北小学校（体育館）,,O,O,O,O,O,0,E3620200065111,鳴門市,2024/10/1
3053,明神,明神越浦集会所,,O,X,X,X,O,0,E3620200021111,鳴門市,2024/10/1
3054,明神,明神集会所,,X,X,X,O,O,0,E3620200024111,鳴門市,2024/10/1
3055,明神,明神小学校（体育館）,,O,X,X,X,X,0,E3620200022111,鳴門市,2024/10/1
3056,堂浦,明神菅谷集会所,,O,X,X,X,X,0,E3620200014111,鳴門市,2024/10/1
3057,堂浦,明神北集会所,,O,X,O,X,O,0,E3620200008111,鳴門市,2024/10/1
3058,立岩,鳴門・大塚スポーツパーク（アミノバリューホール　3階　研究室）,,O,O,O,O,O,0,E3620200147111,鳴門市,2024/10/1
3059,立岩,鳴門・大塚スポーツパーク（アミノバリューホール）,,O,O,O,O,O,0,E3620200147113,鳴門市,2024/10/1
3060,立岩,鳴門・大塚スポーツパーク（武道館）,,O,X,X,O,O,0,E3620200147112,鳴門市,2024/10/1
3061,南浜,鳴門ふれあい健康館,,O,O,O,O,O,0,E3620200127111,鳴門市,2024/10/1
3062,吉永,鳴門渦潮高等学校（第一体育館）,,O,O,X,X,O,0,E3620200029113,鳴門市,2024/10/1
3063,吉永,鳴門渦潮高等学校（第二体育館）,,O,X,O,O,O,0,E3620200029112,鳴門市,2024/10/1
3064,南浜,鳴門渦潮高等学校（撫養グラウンド・クラブハウス）,,O,O,O,O,O,0,E3620200131111,鳴門市,2024/10/1
3065,吉永,鳴門渦潮高等学校（本館）,,X,O,X,X,X,0,E3620200029111,鳴門市,2024/10/1
3066,高島,鳴門教育大学（体育館）,,O,X,O,O,O,0,E3620200178111,鳴門市,2024/10/1
3067,里浦,鳴門教育大学職員宿舎　1～4号棟,,NA,NA,NA,NA,NA,0,E3620200201111,鳴門市,2024/10/1
3068,高島,鳴門公民館,,O,X,O,O,O,0,E3620200183111,鳴門市,2024/10/1
3069,斎田,鳴門高等学校（体育館）,,O,O,O,O,O,0,E3620200103111,鳴門市,2024/10/1
3070,大桑島,鳴門市剣道場,,X,X,O,O,O,0,E3620200122111,鳴門市,2024/10/1
3071,大桑島,鳴門市立図書館,,O,O,O,O,O,0,E3620200114111,鳴門市,2024/10/1
3072,高島,鳴門西小学校（体育館）,,O,X,X,O,O,0,E3620200179111,鳴門市,2024/10/1
3073,三ツ石,鳴門中学校（体育館）,,O,X,X,O,O,0,E3620200185111,鳴門市,2024/10/1
3074,土佐泊浦,鳴門東地区コミュニティセンター,,O,O,O,O,O,0,E3620200188111,鳴門市,2024/10/1
3075,木津,木津元村集会所,,O,X,O,O,O,0,E3620200139111,鳴門市,2024/10/1
3076,木津野,木津野集会所,,NA,NA,NA,NA,NA,0,E3620200047111,鳴門市,2024/10/1
3077,土佐泊浦,野集会所,,X,X,O,X,O,0,E3620200187111,鳴門市,2024/10/1
3078,矢倉,矢倉集会所,,NA,NA,NA,NA,NA,0,E3620200051111,鳴門市,2024/10/1
3079,里浦,里浦公民館,,O,X,O,O,O,0,E3620200204111,鳴門市,2024/10/1
3080,里浦,里浦集会所,,X,X,X,O,O,0,E3620200203111,鳴門市,2024/10/1
3081,里浦,里浦小学校（体育館）,,O,X,X,O,O,0,E3620200207111,鳴門市,2024/10/1
3082,里浦,里浦南防災センター,,O,O,O,O,O,0,E3620200205111,鳴門市,2024/10/1
3083,里浦,里浦農業協同組合,,X,X,O,O,O,0,E3620200202111,鳴門市,2024/10/1
3084,里浦,里浦北集会所,,O,X,O,O,O,0,E3620200206111,鳴門市,2024/10/1
3085,立岩,立岩塩浜集会所,,X,X,X,O,O,0,E3620200145111,鳴門市,2024/10/1
3086,立岩,立岩集会所,,NA,NA,NA,NA,NA,0,E3620200146111,鳴門市,2024/10/1
3087,林崎,林崎集会所,,O,X,O,O,O,0,E3620200153111,鳴門市,2024/10/1
3088,立岩,林崎小学校（体育館）,,O,X,X,O,O,0,E3620200152111,鳴門市,2024/10/1
3089,板東,霊山寺集会所,,O,X,O,O,O,0,E3620200079111,鳴門市,2024/10/1
3090,南小松島,（旧）勤労青少年ホーム,,O,O,O,O,O,0,E3620300042111,小松島市,2024/7/19
3091,新開,コミュニティセンター新開会館,,O,O,O,O,O,0,E3620300024111,小松島市,2024/7/19
3092,南小松島,コミュニティ金磯会館,,O,O,O,O,O,0,E3620300002111,小松島市,2024/7/19
3093,和田島,コミュニティ交流センターみさき,,O,O,O,O,O,0,E3620300054111,小松島市,2024/7/19
3094,立江,しらさぎ浄園,,O,O,O,O,O,0,E3620300050111,小松島市,2024/7/19
3095,北小松島,ひのみね支援学校,,O,O,O,O,O,0,E3620300034111,小松島市,2024/7/19
3096,立江,ふれあいセンター立江,,O,O,O,O,O,0,E3620300045111,小松島市,2024/7/19
3097,北小松島,みなと高等学園,,O,O,O,O,O,0,E3620300033111,小松島市,2024/7/19
3098,櫛渕,喰味谷老人ルーム,,O,O,O,O,O,0,E3620300005111,小松島市,2024/7/19
3099,櫛渕,櫛渕教育集会所,,O,O,O,O,O,0,E3620300004111,小松島市,2024/7/19
3100,櫛渕,櫛渕公民館,,O,O,O,O,O,0,E3620300006111,小松島市,2024/7/19
3101,櫛渕,櫛渕小学校,,O,O,O,O,O,0,E3620300007111,小松島市,2024/7/19
3102,櫛渕,櫛渕地区コミュニティ集会所,,O,O,O,O,O,0,E3620300003111,小松島市,2024/7/19
3103,北小松島,元根井漁村センター,,O,O,O,O,O,0,E3620300031111,小松島市,2024/7/19
3104,坂野,坂野公民館,,O,O,O,O,O,0,E3620300010111,小松島市,2024/7/19
3105,坂野,坂野小学校,,O,O,O,O,O,0,E3620300009111,小松島市,2024/7/19
3106,坂野,坂野体育館（旧坂野中学校）,,O,O,O,O,O,0,E3620300008111,小松島市,2024/7/19
3107,児安,児安公民館,,O,O,O,O,O,0,E3620300037111,小松島市,2024/7/19
3108,児安,児安小学校,,O,O,O,O,O,0,E3620300036111,小松島市,2024/7/19
3109,和田島,児童福祉センター,,O,O,O,O,O,0,E3620300059111,小松島市,2024/7/19
3110,芝田,芝田小学校,,O,O,O,O,O,0,E3620300041111,小松島市,2024/7/19
3111,芝田,芝田多目的研修センター,,O,O,O,O,O,0,E3620300013111,小松島市,2024/7/19
3112,小松島,小松島公民館,,O,O,O,O,O,0,E3620300023111,小松島市,2024/7/19
3113,千代,小松島厚生福祉解放センター,,O,O,O,O,O,0,E3620300026111,小松島市,2024/7/19
3114,南小松島,小松島高等学校,,O,O,O,O,O,0,E3620300043111,小松島市,2024/7/19
3115,南小松島,小松島市総合福祉センター,,O,O,O,O,O,0,E3620300001111,小松島市,2024/7/19
3116,立江,小松島市立体育館,,O,O,O,O,O,0,E3620300048112,小松島市,2024/7/19
3117,立江,小松島市立武道館,,O,O,O,O,O,0,E3620300048111,小松島市,2024/7/19
3118,小松島,小松島小学校,,O,O,O,O,O,0,E3620300023112,小松島市,2024/7/19
3119,千代,小松島西高等学校,,O,O,O,O,O,0,E3620300030111,小松島市,2024/7/19
3120,小松島,小松島中学校,,O,O,O,O,O,0,E3620300044111,小松島市,2024/7/19
3121,立江,小松島南中学校,,O,O,O,O,O,0,E3620300049111,小松島市,2024/7/19
3122,芝田,小松島老人憩の家(芝田公民館),,O,O,O,O,O,0,E3620300039111,小松島市,2024/7/19
3123,新開,新開小学校,,O,O,O,O,O,0,E3620300025111,小松島市,2024/7/19
3124,児安,新居見老人いこいの家,,O,O,O,O,O,0,E3620300022111,小松島市,2024/7/19
3125,千代,世代間交流健康センター,,O,O,O,O,O,0,E3620300028111,小松島市,2024/7/19
3126,北小松島,生涯学習センター・市立図書館,,O,O,O,O,O,0,E3620300017111,小松島市,2024/7/19
3127,千代,千代小学校,,O,O,O,O,O,0,E3620300029111,小松島市,2024/7/19
3128,千代,泰地総合センター,,O,O,O,O,O,0,E3620300027111,小松島市,2024/7/19
3129,南小松島,中央会館,,O,O,O,O,O,0,E3620300021111,小松島市,2024/7/19
3130,児安,田浦地区コミュニティ集会所,,O,O,O,O,O,0,E3620300038111,小松島市,2024/7/19
3131,南小松島,南小松島公民館,,O,O,O,O,O,0,E3620300020111,小松島市,2024/7/19
3132,南小松島,南小松島小学校,,O,O,O,O,O,0,E3620300015111,小松島市,2024/7/19
3133,北小松島,発達障がい者総合支援センター,,O,O,O,O,O,0,E3620300032111,小松島市,2024/7/19
3134,北小松島,保健センター・サウンドハウスホール,,O,O,O,O,O,0,E3620300018111,小松島市,2024/7/19
3135,北小松島,北小松島公民館,,O,O,O,O,O,0,E3620300019111,小松島市,2024/7/19
3136,北小松島,北小松島小学校,,O,O,O,O,O,0,E3620300035111,小松島市,2024/7/19
3137,坂野,目佐厚生福祉解放センター,,O,O,O,O,O,0,E3620300011111,小松島市,2024/7/19
3138,坂野,目佐老人ルーム,,O,O,O,O,O,0,E3620300012111,小松島市,2024/7/19
3139,立江,立江公民館(立江地区複合施設),,O,O,O,O,O,0,E3620300060111,小松島市,2024/7/19
3140,立江,立江小学校,,O,O,O,O,O,0,E3620300046111,小松島市,2024/7/19
3141,立江,立江体育館（旧立江中学校）,,O,O,O,O,O,0,E3620300052111,小松島市,2024/7/19
3142,和田島,和田島公民館,,O,O,O,O,O,0,E3620300058111,小松島市,2024/7/19
3143,和田島,和田島小学校,,O,O,O,O,O,0,E3620300055111,小松島市,2024/7/19
3144,阿南,B&G海洋センター体育館 ,,NA,NA,NA,NA,NA,0,E3620400088112,阿南市,2023/3/29
3145,阿南,あすみが丘集会所 ,,NA,NA,NA,NA,NA,0,E3620400003111,阿南市,2023/3/29
3146,阿南,かもだ岬温泉保養施設 ,,X,O,O,O,X,0,E3620400094111,阿南市,2023/3/29
3147,阿南,スポーツ総合センター ,,X,A,A,A,O,0,E3620400055111,阿南市,2023/3/29
3148,阿南,ふるさと館 ,,X,A,A,A,A,0,E3620400034111,阿南市,2023/3/29
3149,阿南,ホテルサンオーシャン ,,NA,NA,NA,NA,NA,0,E3620400132111,阿南市,2023/3/29
3150,阿南,ロイヤルガーデンホテル ,,NA,NA,NA,NA,NA,0,E3620400122111,阿南市,2023/3/29
3151,阿南,阿南ひまわり会館 ,,X,A,A,A,O,0,E3620400133111,阿南市,2023/3/29
3152,阿南,阿南琴江寮 富岡保育所 ,,X,A,X,X,X,0,E3620400125111,阿南市,2023/3/29
3153,阿南,阿南光高等学校 新野キャンパス 宿泊,,X,X,X,A,X,0,E3620400061112,阿南市,2023/3/29
3154,阿南,阿南光高等学校 新野キャンパス 体育館 ,,X,X,X,A,X,0,E3620400061111,阿南市,2023/3/29
3155,阿南,阿南光高等学校 宝田キャンパス 格技場,,X,O,X,A,X,0,E3620400145112,阿南市,2023/3/29
3156,阿南,阿南光高等学校 宝田キャンパス 体育館 ,,X,O,X,A,X,0,E3620400145111,阿南市,2023/3/29
3157,阿南,阿南工業高等専門学校 体育館 ,,X,A,A,A,X,0,E3620400045111,阿南市,2023/3/29
3158,阿南,阿南市クリーンピュア ,,X,X,O,O,A,0,E3620400038111,阿南市,2023/3/29
3159,阿南,阿南市勤労女性センター ,,X,A,X,X,X,0,E3620400011111,阿南市,2023/3/29
3160,阿南,阿南市情報文化センター ,,X,O,X,X,O,0,E3620400018111,阿南市,2023/3/29
3161,阿南,阿南市武道館 ,,X,X,X,X,O,0,E3620400070111,阿南市,2023/3/29
3162,阿南,阿南市文化会館 ,,X,O,O,O,X,0,E3620400131112,阿南市,2023/3/29
3163,阿南,阿南支援学校 体育館 ,,X,X,X,O,X,0,E3620400057111,阿南市,2023/3/29
3164,阿南,阿南社会福祉会館 ,,X,A,A,A,X,0,E3620400127111,阿南市,2023/3/29
3165,阿南,阿南第一中学校 剣道場,,X,X,X,A,X,0,E3620400082112,阿南市,2023/3/29
3166,阿南,阿南第一中学校 体育館 ,,X,X,X,A,X,0,E3620400082111,阿南市,2023/3/29
3167,阿南,阿南第二中学校 剣道場,,X,X,X,A,A,0,E3620400118112,阿南市,2023/3/29
3168,阿南,阿南第二中学校 体育館 ,,X,X,X,A,A,0,E3620400118111,阿南市,2023/3/29
3169,阿南,阿南中学校 体育館 ,,X,A,A,A,X,0,E3620400048111,阿南市,2023/3/29
3170,阿南,伊島中学校 体育館 ,,X,X,A,X,X,0,E3620400001111,阿南市,2023/3/29
3171,阿南,羽ノ浦くるみ保育所 ,,NA,NA,NA,NA,NA,0,E3620400013111,阿南市,2023/3/29
3172,阿南,羽ノ浦スポーツセンター ,,NA,NA,NA,NA,NA,0,E3620400155111,阿南市,2023/3/29
3173,阿南,羽ノ浦公民館 ,,NA,NA,NA,NA,NA,0,E3620400008111,阿南市,2023/3/29
3174,阿南,羽ノ浦小学校 体育室,,X,O,A,A,X,0,E3620400015112,阿南市,2023/3/29
3175,阿南,羽ノ浦小学校 体育館 ,,X,O,A,A,X,0,E3620400015111,阿南市,2023/3/29
3176,阿南,羽ノ浦西児童館 ,,NA,NA,NA,NA,NA,0,E3620400004111,阿南市,2023/3/29
3177,阿南,羽ノ浦老人福祉センター ,,NA,NA,NA,NA,NA,0,E3620400016111,阿南市,2023/3/29
3178,阿南,浦川西集会所 ,,NA,NA,NA,NA,NA,0,E3620400014111,阿南市,2023/3/29
3179,阿南,横見小学校 体育館 ,,NA,NA,NA,NA,NA,0,E3620400021111,阿南市,2023/3/29
3180,阿南,横見保育所 ,,NA,NA,NA,NA,NA,0,E3620400022111,阿南市,2023/3/29
3181,阿南,横見幼稚園 ,,NA,NA,NA,NA,NA,0,E3620400020111,阿南市,2023/3/29
3182,阿南,横見老人ルーム ,,NA,NA,NA,NA,NA,0,E3620400019111,阿南市,2023/3/29
3183,阿南,加茂谷総合センター ,,X,X,O,O,A,0,E3620400028111,阿南市,2023/3/29
3184,阿南,加茂谷中学校 体育館 ,,X,X,X,A,X,0,E3620400027111,阿南市,2023/3/29
3185,阿南,加茂谷幼稚園 ,,NA,NA,NA,NA,NA,0,E3620400030111,阿南市,2023/3/29
3186,阿南,科学センター ,,X,A,A,A,X,0,E3620400110111,阿南市,2023/3/29
3187,阿南,蒲生田小学校（休校中） 校舎 ,,X,O,A,O,O,0,E3620400090111,阿南市,2023/3/29
3188,阿南,岩脇こどもセンター ,,NA,NA,NA,NA,NA,0,E3620400005111,阿南市,2023/3/29
3189,阿南,岩脇小学校 体育館 ,,X,X,A,A,X,0,E3620400007111,阿南市,2023/3/29
3190,阿南,岩脇福祉会館 ,,X,X,X,X,O,0,E3620400006111,阿南市,2023/3/29
3191,阿南,吉井小学校 体育館 ,,X,X,X,X,O,0,E3620400029111,阿南市,2023/3/29
3192,阿南,橘こどもセンター ,,X,A,O,O,X,0,E3620400031111,阿南市,2023/3/29
3193,阿南,橘小学校 体育館 ,,X,A,A,A,A,0,E3620400033111,阿南市,2023/3/29
3194,阿南,橘町総合センター ,,X,X,A,O,O,0,E3620400037111,阿南市,2023/3/29
3195,阿南,旧クリーンセンター管理棟 ,,X,O,O,O,X,0,E3620400035111,阿南市,2023/3/29
3196,阿南,桑野公民館 ,,X,X,A,A,O,0,E3620400053111,阿南市,2023/3/29
3197,阿南,桑野小学校 体育館 ,,X,X,X,A,A,0,E3620400039111,阿南市,2023/3/29
3198,阿南,桑野保育所 ,,NA,NA,NA,NA,NA,0,E3620400042111,阿南市,2023/3/29
3199,阿南,郡教育集会所 ,,NA,NA,NA,NA,NA,0,E3620400146111,阿南市,2023/3/29
3200,阿南,見能方保育所 ,,NA,NA,NA,NA,NA,0,E3620400047111,阿南市,2023/3/29
3201,阿南,見能林公民館 ,,X,A,A,A,O,0,E3620400049111,阿南市,2023/3/29
3202,阿南,見能林小学校 体育館 ,,X,A,A,A,O,0,E3620400044111,阿南市,2023/3/29
3203,阿南,見能林幼稚園 ,,NA,NA,NA,NA,NA,0,E3620400046111,阿南市,2023/3/29
3204,阿南,黒地教育集会所 ,,NA,NA,NA,NA,NA,0,E3620400105111,阿南市,2023/3/29
3205,阿南,黒地文化センター ,,X,A,X,X,X,0,E3620400106111,阿南市,2023/3/29
3206,阿南,今津こどもセンター ,,NA,NA,NA,NA,NA,0,E3620400108111,阿南市,2023/3/29
3207,阿南,今津小学校 体育館 ,,X,A,A,A,X,0,E3620400116111,阿南市,2023/3/29
3208,阿南,紺屋総合センター ,,NA,NA,NA,NA,NA,0,E3620400041111,阿南市,2023/3/29
3209,阿南,山口小学校 体育館 ,,X,X,X,A,A,0,E3620400052111,阿南市,2023/3/29
3210,阿南,山口保育所 ,,NA,NA,NA,NA,NA,0,E3620400054111,阿南市,2023/3/29
3211,阿南,社会福祉法人お山保育園 ,,NA,NA,NA,NA,NA,0,E3620400043111,阿南市,2023/3/29
3212,阿南,寿保育所 ,,NA,NA,NA,NA,NA,0,E3620400128111,阿南市,2023/3/29
3213,阿南,春日野体育館 ,,NA,NA,NA,NA,NA,0,E3620400012111,阿南市,2023/3/29
3214,阿南,商工業振興センター ,,NA,NA,NA,NA,NA,0,E3620400126111,阿南市,2023/3/29
3215,阿南,小野保育所（休所中） ,,NA,NA,NA,NA,NA,0,E3620400142111,阿南市,2023/3/29
3216,阿南,新野教育集会所 ,,NA,NA,NA,NA,NA,0,E3620400064111,阿南市,2023/3/29
3217,阿南,新野公民館 ,,X,X,X,A,O,0,E3620400063111,阿南市,2023/3/29
3218,阿南,新野小学校 体育館 ,,X,X,X,A,A,0,E3620400065112,阿南市,2023/3/29
3219,阿南,新野西小学校（休校中） 校舎 ,,X,X,X,X,A,0,E3620400067111,阿南市,2023/3/29
3220,阿南,新野中学校 体育館 ,,X,X,X,O,O,0,E3620400066111,阿南市,2023/3/29
3221,阿南,新野東小学校 体育館 ,,X,X,X,O,O,0,E3620400062111,阿南市,2023/3/29
3222,阿南,深瀬町コミュニティセンター ,,X,X,X,X,A,0,E3620400068111,阿南市,2023/3/29
3223,阿南,大井小学校（休校中） 体育館,,X,X,X,O,X,0,E3620400069112,阿南市,2023/3/29
3224,阿南,大井小学校（休校中） 南校舎 ,,X,X,X,X,A,0,E3620400069111,阿南市,2023/3/29
3225,阿南,大潟会館 ,,X,X,X,X,O,0,E3620400071111,阿南市,2023/3/29
3226,阿南,大京原教育集会所 ,,NA,NA,NA,NA,NA,0,E3620400113111,阿南市,2023/3/29
3227,阿南,大野公民館 ,,X,X,A,A,O,0,E3620400075111,阿南市,2023/3/29
3228,阿南,大野公民館上大野分館 ,,NA,NA,NA,NA,NA,0,E3620400056111,阿南市,2023/3/29
3229,阿南,大野公民館中大野分館 ,,NA,NA,NA,NA,NA,0,E3620400073111,阿南市,2023/3/29
3230,阿南,大野小学校 体育館 ,,X,X,X,A,O,0,E3620400025111,阿南市,2023/3/29
3231,阿南,大野保育所 ,,NA,NA,NA,NA,NA,0,E3620400026111,阿南市,2023/3/29
3232,阿南,大野幼稚園 ,,NA,NA,NA,NA,NA,0,E3620400024111,阿南市,2023/3/29
3233,阿南,大野隣保館 ,,NA,NA,NA,NA,NA,0,E3620400074111,阿南市,2023/3/29
3234,阿南,大野老人憩いの家 ,,NA,NA,NA,NA,NA,0,E3620400023111,阿南市,2023/3/29
3235,阿南,中大野教育集会所 ,,NA,NA,NA,NA,NA,0,E3620400076111,阿南市,2023/3/29
3236,阿南,中野島公民館上中分館 ,,NA,NA,NA,NA,NA,0,E3620400058111,阿南市,2023/3/29
3237,阿南,中野島小学校 体育館 ,,X,X,A,A,X,0,E3620400059111,阿南市,2023/3/29
3238,阿南,中野島総合センター ,,X,O,A,A,X,0,E3620400147111,阿南市,2023/3/29
3239,阿南,中野島保育所 ,,NA,NA,NA,NA,NA,0,E3620400148111,阿南市,2023/3/29
3240,阿南,長生公民館 ,,X,X,A,A,O,0,E3620400081111,阿南市,2023/3/29
3241,阿南,長生小学校 体育館 ,,X,X,X,A,A,0,E3620400078111,阿南市,2023/3/29
3242,阿南,長生保育所 ,,NA,NA,NA,NA,NA,0,E3620400077111,阿南市,2023/3/29
3243,阿南,長生隣保館 ,,NA,NA,NA,NA,NA,0,E3620400079111,阿南市,2023/3/29
3244,阿南,津乃峰小学校 体育館 ,,X,A,A,A,O,0,E3620400085111,阿南市,2023/3/29
3245,阿南,津乃峰総合センター ,,X,A,A,A,O,0,E3620400089111,阿南市,2023/3/29
3246,阿南,津乃峰保育所 ,,NA,NA,NA,NA,NA,0,E3620400088111,阿南市,2023/3/29
3247,阿南,椿会館 ,,X,X,A,A,A,0,E3620400095111,阿南市,2023/3/29
3248,阿南,椿公民館 椿泊分館 ,,X,X,A,A,A,0,E3620400096111,阿南市,2023/3/29
3249,阿南,椿小学校 体育館 ,,X,X,O,O,X,0,E3620400093111,阿南市,2023/3/29
3250,阿南,椿町中学校 体育館 ,,X,X,A,O,A,0,E3620400091111,阿南市,2023/3/29
3251,阿南,椿泊小学校 体育館 ,,X,X,A,A,A,0,E3620400097111,阿南市,2023/3/29
3252,阿南,椿泊老人いこいの家 ,,NA,NA,NA,NA,NA,0,E3620400096112,阿南市,2023/3/29
3253,阿南,椿保育所 ,,NA,NA,NA,NA,NA,0,E3620400092111,阿南市,2023/3/29
3254,阿南,那賀川スポーツセンター ,,X,A,X,X,X,0,E3620400101111,阿南市,2023/3/29
3255,阿南,那賀川公民館 ,,X,A,A,A,X,0,E3620400107111,阿南市,2023/3/29
3256,阿南,那賀川公民館 平島分館 ,,X,A,A,A,X,0,E3620400112111,阿南市,2023/3/29
3257,阿南,那賀川図書館 ,,NA,NA,NA,NA,NA,0,E3620400099111,阿南市,2023/3/29
3258,阿南,那賀川中学校 武道場 ,,X,A,A,A,X,0,E3620400102111,阿南市,2023/3/29
3259,阿南,那賀川老人いこいの家 ,,NA,NA,NA,NA,NA,0,E3620400100111,阿南市,2023/3/29
3260,阿南,南部健康運動公園 ,,NA,NA,NA,NA,NA,0,E3620400040112,阿南市,2023/3/29
3261,阿南,日開野コミュニティセンター ,,NA,NA,NA,NA,NA,0,E3620400120111,阿南市,2023/3/29
3262,阿南,富岡公民館 ,,X,O,O,O,O,0,E3620400131111,阿南市,2023/3/29
3263,阿南,富岡小学校 体育館 ,,X,A,A,A,X,0,E3620400151111,阿南市,2023/3/29
3264,阿南,富岡西高等学校 武道場,,X,O,X,X,O,0,E3620400129111,阿南市,2023/3/29
3265,阿南,富岡西高等学校 体育館 ,,X,O,X,X,O,0,E3620400129112,阿南市,2023/3/29
3266,阿南,富岡東高等学校 羽ノ浦校 体育館 ,,X,A,A,A,X,0,E3620400017111,阿南市,2023/3/29
3267,阿南,富岡東中高等学校 剣道場,,X,A,A,A,X,0,E3620400149112,阿南市,2023/3/29
3268,阿南,富岡東中高等学校 体育館 ,,X,A,A,A,X,0,E3620400149111,阿南市,2023/3/29
3269,阿南,富岡幼稚園 ,,X,A,A,A,X,0,E3620400150111,阿南市,2023/3/29
3270,阿南,福井小学校 体育館 ,,X,O,O,O,X,0,E3620400137111,阿南市,2023/3/29
3271,阿南,福井中学校 体育館 ,,X,A,A,A,O,0,E3620400136111,阿南市,2023/3/29
3272,阿南,福井町総合センター ,,X,A,A,A,A,0,E3620400134111,阿南市,2023/3/29
3273,阿南,福井南小学校（休校中） 体育館 ,,X,X,X,X,O,0,E3620400141111,阿南市,2023/3/29
3274,阿南,福井保育所 ,,X,O,O,O,X,0,E3620400135111,阿南市,2023/3/29
3275,阿南,平島こどもセンター ,,NA,NA,NA,NA,NA,0,E3620400103111,阿南市,2023/3/29
3276,阿南,平島小学校 体育館 ,,X,A,A,O,X,0,E3620400111111,阿南市,2023/3/29
3277,阿南,宝田こどもセンター ,,NA,NA,NA,NA,NA,0,E3620400144111,阿南市,2023/3/29
3278,阿南,宝田公民館 ,,X,X,A,A,A,0,E3620400144112,阿南市,2023/3/29
3279,阿南,宝田小学校 体育館 ,,X,X,A,A,X,0,E3620400143111,阿南市,2023/3/29
3280,阿南,本庄公会堂 ,,NA,NA,NA,NA,NA,0,E3620400084111,阿南市,2023/3/29
3281,阿南,本庄保育所 ,,NA,NA,NA,NA,NA,0,E3620400083111,阿南市,2023/3/29
3282,阿南,本庄老人ルーム ,,NA,NA,NA,NA,NA,0,E3620400080111,阿南市,2023/3/29
3283,阿南,明星保育所 ,,NA,NA,NA,NA,NA,0,E3620400060111,阿南市,2023/3/29
3284,阿南,林崎コミュニティセンター ,,NA,NA,NA,NA,NA,0,E3620400050111,阿南市,2023/3/29
3285,阿南,老人ホーム 福寿荘 ,,X,A,A,A,X,0,E3620400154111,阿南市,2023/3/29
3286,川田東 部,吉野川市アメニティーセンター,,O,NA,NA,X,X,0,E3620500033111,吉野川市,2016/6/10
3287,川島,こだま会館 ,,○,NA,NA,X,X,0,E3620500053111,吉野川市,2016/6/10
3288,中枝 ,吉野川市ふるさとセンター,,O,NA,NA,O,O,0,E3620500080111,吉野川市,2016/6/10
3289,森山,岡野コミュニティセンター,,O,NA,NA,O,○,0,E3620500016111,吉野川市,2016/6/10
3290,学島,学島小学校・体育館,,O,NA,NA,X,○,0,E3620500052111,吉野川市,2016/6/10
3291,鴨島,神島会館 ,,O,NA,NA,X,○,0,E3620500008111,吉野川市,2016/6/10
3292,鴨島,鴨島公民館,,O,NA,NA,X,X,0,E3620500006112,吉野川市,2016/6/10
3293,鴨島,鴨島小学校・体育館,,O,NA,NA,X,○,0,E3620500003111,吉野川市,2016/6/10
3294,鴨島,鴨島第一中学校・体育館,,O,NA,NA,X,○,0,E3620500004111,吉野川市,2016/6/10
3295,牛島 ,鴨島東こども園 ,,O,NA,NA,X,○,0,E3620500011111,吉野川市,2016/6/10
3296,牛島 ,鴨島東中学校・体育館,,O,NA,NA,X,○,0,E3620500029111,吉野川市,2016/6/10
3297,鴨島,鴨島老人福祉センター ,,O,NA,NA,X,X,0,E3620500006111,吉野川市,2016/6/10
3298,山崎,忌部農業構造改善 センター,,O,NA,NA,X,○,0,E3620500034111,吉野川市,2016/6/10
3299,種野 ,旧種野小学校 ,,○,NA,NA,O,X,0,E3620500077111,吉野川市,2016/6/10
3300,種野 ,旧種野小学校 　旧体育館 ,,O,NA,NA,O,○,0,E3620500078111,吉野川市,2016/6/10
3301,川田東 部,旧川田小学校・体育館,,O,NA,NA,O,○,0,E3620500036111,吉野川市,2016/6/10
3302,川田西 部,旧川田西小学校・体育館,,O,NA,NA,X,○,0,E3620500040111,吉野川市,2016/6/10
3303,中枝 ,旧中枝小学校体育館 ,,○,NA,NA,O,X,0,E3620500083111,吉野川市,2016/6/10
3304,東山 ,旧東山小学校,,O,NA,NA,O,○,0,E3620500073111,吉野川市,2016/6/10
3305,種野 ,旧美郷老人福祉センター,,○,NA,NA,O,X,0,E3620500084111,吉野川市,2016/6/10
3306,牛島 ,牛島公民館 ,,O,NA,NA,X,○,0,E3620500009111,吉野川市,2016/6/10
3307,牛島 ,牛島小学校・体育館,,O,NA,NA,X,○,0,E3620500010111,吉野川市,2016/6/10
3308,牛島 ,牛島体育館 ,,O,NA,NA,X,○,0,E3620500012111,吉野川市,2016/6/10
3309,種野 ,桁山集落センター ,,O,NA,NA,O,○,0,E3620500081111,吉野川市,2016/6/10
3310,鴨島,県立吉野川高校・体育館,,O,NA,NA,X,○,0,E3620500007111,吉野川市,2016/6/10
3311,川島,県立川島中学・高校・体育館,,O,NA,NA,O,○,0,E3620500059111,吉野川市,2016/6/10
3312,山崎,元木会館 ,,X,NA,NA,X,X,0,E3620500035111,吉野川市,2016/6/10
3313,川島,交流センター,,O,NA,NA,X,○,0,E3620500058111,吉野川市,2016/6/10
3314,川田中 部,高越こども園 ,,O,NA,NA,O,○,0,E3620500046111,吉野川市,2016/6/10
3315,川田中 部,高越小学校・体育館,,O,NA,NA,X,○,0,E3620500045111,吉野川市,2016/6/10
3316,種野 ,三山老人憩の家 ,,X,NA,NA,○,X,0,E3620500079111,吉野川市,2016/6/10
3317,山崎,山瀬公民館 ,,O,NA,NA,X,○,0,E3620500048111,吉野川市,2016/6/10
3318,山崎,山瀬小学校・体育館,,O,NA,NA,X,○,0,E3620500037111,吉野川市,2016/6/10
3319,山崎,山川体育館 ,,O,NA,NA,X,○,0,E3620500043111,吉野川市,2016/6/10
3320,川田東 部,山川地域総合センター,,O,NA,NA,X,○,0,E3620500032111,吉野川市,2016/6/10
3321,山崎,山川中学校・体育館,,O,NA,NA,X,○,0,E3620500041111,吉野川市,2016/6/10
3322,鴨島,市民プラザ ,,O,NA,NA,X,X,0,E3620500002111,吉野川市,2016/6/10
3323,鴨島,吉野川市役所,,O,NA,NA,X,○,0,E3620500001111,吉野川市,2016/6/10
3324,種野 ,種野集落センター ,,○,NA,NA,O,X,0,E3620500074111,吉野川市,2016/6/10
3325,川田西 部,舟戸農業構造改善 センター,,O,NA,NA,X,○,0,E3620500047111,吉野川市,2016/6/10
3326,上浦,上浦公民館 ,,O,NA,NA,X,○,0,E3620500018111,吉野川市,2016/6/10
3327,上浦,上浦小学校・体育館,,O,NA,NA,X,○,0,E3620500020111,吉野川市,2016/6/10
3328,東山 ,上谷集落センター ,,○,NA,NA,O,X,0,E3620500076111,吉野川市,2016/6/10
3329,中枝 ,城戸下浦高開集落センタ ー,,O,NA,NA,O,○,0,E3620500069111,吉野川市,2016/6/10
3330,川島,城山老人福祉セン ター,,O,NA,NA,O,○,0,E3620500067111,吉野川市,2016/6/10
3331,森山,森山 森山公民館 ,,O,NA,NA,X,○,0,E3620500013111,吉野川市,2016/6/10
3332,森山,森山小学校・体育館,,O,NA,NA,X,○,0,E3620500014111,吉野川市,2016/6/10
3333,山崎,瀬詰教育集会所 ,,O,NA,NA,X,○,0,E3620500038111,吉野川市,2016/6/10
3334,山崎,瀬詰老人会館 ,,O,NA,NA,X,X,0,E3620500049111,吉野川市,2016/6/10
3335,山崎,西久保地区コミュニ ティセンター,,O,NA,NA,X,X,0,E3620500039111,吉野川市,2016/6/10
3336,中枝 ,西部田平集落センター ,,O,NA,NA,X,○,0,E3620500070111,吉野川市,2016/6/10
3337,西麻植,西麻植会館,,O,NA,NA,X,○,0,E3620500022111,吉野川市,2016/6/10
3338,西麻植,西麻植公民館,,O,NA,NA,X,○,0,E3620500023111,吉野川市,2016/6/10
3339,西麻植,西麻植小学校・体育館,,O,NA,NA,X,○,0,E3620500021111,吉野川市,2016/6/10
3340,川田中 部,榎谷集会所 ,,○,NA,NA,O,X,0,E3620500031111,吉野川市,2016/6/10
3341,川田中 部,川田北会館(三ヶ名ふれあいセンター),,O,NA,NA,X,○,0,E3620500042111,吉野川市,2016/6/10
3342,川島,川島こども園 ,,O,NA,NA,X,○,0,E3620500055111,吉野川市,2016/6/10
3343,川島,川島公民館 ,,X,NA,NA,X,○,0,E3620500061111,吉野川市,2016/6/10
3344,学島,川島公民館学西分 館,,O,NA,NA,X,○,0,E3620500051111,吉野川市,2016/6/10
3345,川島,川島公民館山田西分館,,O,NA,NA,O,○,0,E3620500062111,吉野川市,2016/6/10
3346,川島,川島小学校・体育館,,○,NA,NA,X,X,0,E3620500054111,吉野川市,2016/6/10
3347,川島,川島体育館 ,,O,NA,NA,X,○,0,E3620500056111,吉野川市,2016/6/10
3348,川島,川島中学校・体育館,,O,NA,NA,X,X,0,E3620500057111,吉野川市,2016/6/10
3349,学島,川島老人福祉セン ター,,O,NA,NA,X,○,0,E3620500050111,吉野川市,2016/6/10
3350,知恵島,知恵島公民館 ,,O,NA,NA,X,○,0,E3620500024111,吉野川市,2016/6/10
3351,知恵島,知恵島小学校・体育館,,O,NA,NA,X,○,0,E3620500025111,吉野川市,2016/6/10
3352,中枝 ,中古井広域集落センター,,○,NA,NA,O,X,0,E3620500072111,吉野川市,2016/6/10
3353,中枝 ,中枝老人憩の家 ,,X,NA,NA,○,X,0,E3620500082111,吉野川市,2016/6/10
3354,川田中 部,中部農業構造改善センター,,O,NA,NA,X,○,0,E3620500044111,吉野川市,2016/6/10
3355,東山 ,東山老人憩の家 ,,X,NA,NA,○,X,0,E3620500071111,吉野川市,2016/6/10
3356,学島,東児島老人憩の家,,O,NA,NA,X,○,0,E3620500064111,吉野川市,2016/6/10
3357,中枝 ,東部集落センター,,O,NA,NA,O,○,0,E3620500075111,吉野川市,2016/6/10
3358,山崎,八坂会館 ,,X,NA,NA,O,○,0,E3620500030111,吉野川市,2016/6/10
3359,飯尾敷 地,飯尾敷地コミュニティセンター,,O,NA,NA,X,X,0,E3620500026111,吉野川市,2016/6/10
3360,飯尾敷 地,飯尾敷地小学校・体育館,,O,NA,NA,X,○,0,E3620500027111,吉野川市,2016/6/10
3361,鴨島,文化研修センター ,,O,NA,NA,X,X,0,E3620500005111,吉野川市,2016/6/10
3362,飯尾敷 地,野菊の里 ,,O,NA,NA,O,X,0,E3620500028111,吉野川市,2016/6/10
3363,阿波,阿波伊沢公民館 ,,O,NA,NA,O,O,0,E3620600012111,阿波市,2024/9/30
3364,阿波,阿波伊沢北分館 ,,O,NA,NA,O,X,0,E3620600003111,阿波市,2024/9/30
3365,阿波,阿波久勝公民館 ,,O,NA,NA,O,O,0,E3620600004111,阿波市,2024/9/30
3366,吉野,阿波高等学校（体育館） ,,O,NA,NA,O,O,0,E3620600015111,阿波市,2024/9/30
3367,阿波,阿波市立阿波中学校（体育館） 阿波町東原230-1 ,,O,NA,NA,O,O,0,E3620600009111,阿波市,2024/9/30
3368,阿波,阿波市立伊沢小学校（体育館） 阿波町南柴生172 ,,O,NA,NA,O,O,0,E3620600011111,阿波市,2024/9/30
3369,吉野,阿波市立一条小学校（体育館） 吉野町西条字岡ノ川原135 ,,O,NA,NA,X,O,0,E3620600019111,阿波市,2024/9/30
3370,吉野,阿波市立柿原小学校（体育館） 吉野町柿原字ヒロナカ256-1 ,,O,NA,NA,X,O,0,E3620600017111,阿波市,2024/9/30
3371,吉野,阿波市立吉野中学校（体育館） 吉野町西条字大西4-1 ,,O,NA,NA,A,O,0,E3620600022111,阿波市,2024/9/30
3372,阿波,阿波市立久勝小学校（体育館） 阿波町森沢28 ,,O,NA,NA,O,O,0,E3620600007111,阿波市,2024/9/30
3373,土成,阿波市立御所小学校（体育館） 土成町宮川内字広坪89 ,,O,NA,NA,O,O,0,E3620600038111,阿波市,2024/9/30
3374,市場,阿波市立市場小学校（体育館） 市場町市場字上野段670 ,,O,NA,NA,O,O,0,E3620600029111,阿波市,2024/9/30
3375,市場,阿波市立市場中学校（体育館） 市場町市場字上野段6-3 ,,O,NA,NA,O,O,0,E3620600028111,阿波市,2024/9/30
3376,市場,阿波市立大俣小学校（体育館） 市場町上喜来字西原200 ,,O,NA,NA,O,X,0,E3620600030111,阿波市,2024/9/30
3377,土成,阿波市立土成小学校（体育館） 土成町成当1203 ,,O,NA,NA,O,O,0,E3620600041111,阿波市,2024/9/30
3378,土成,阿波市立土成中学校（体育館） 土成町吉田字一本松の二42 ,,O,NA,NA,O,O,0,E3620600036111,阿波市,2024/9/30
3379,市場,阿波市立八幡小学校（体育館） 市場町大野島字稲荷138-1 ,,O,NA,NA,X,O,0,E3620600034111,阿波市,2024/9/30
3380,阿波,阿波市立林小学校（体育館） ,,O,NA,NA,X,O,0,E3620600010111,阿波市,2024/9/30
3381,阿波,阿波西高等学校（体育館） ,,O,NA,NA,O,O,0,E3620600001111,阿波市,2024/9/30
3382,阿波,阿波体育館 ,,O,NA,NA,O,O,0,E3620600002111,阿波市,2024/9/30
3383,阿波,阿波農村環境改善センター ,,O,NA,NA,O,O,0,E3620600008111,阿波市,2024/9/30
3384,阿波,阿波林公民館 ,,O,NA,NA,X,O,0,E3620600013111,阿波市,2024/9/30
3385,吉野,吉野コミュニティーセンター ,,O,NA,NA,A,O,0,E3620600021111,阿波市,2024/9/30
3386,吉野,吉野スポーツセンター ,,O,NA,NA,A,O,0,E3620600023111,阿波市,2024/9/30
3387,吉野,吉野中央ふれあいセンター ,,O,NA,NA,X,O,0,E3620600020111,阿波市,2024/9/30
3388,市場,市場コミュニティセンター ,,O,NA,NA,O,O,0,E3620600027111,阿波市,2024/9/30
3389,市場,市場日開谷体育館 ,,O,NA,NA,O,X,0,E3620600035111,阿波市,2024/9/30
3390,市場,市場武道館 ,,O,NA,NA,O,O,0,E3620600024111,阿波市,2024/9/30
3391,市場,大俣公民館 大影分館 ,,O,NA,NA,O,X,0,E3620600032111,阿波市,2024/9/30
3392,市場,大俣公民館 ,,O,NA,NA,O,O,0,E3620600031111,阿波市,2024/9/30
3393,土成,土成コミュニティセンター ,,O,NA,NA,O,O,0,E3620600042111,阿波市,2024/9/30
3394,土成,土成地域資源活力工房 ,,O,NA,NA,O,X,0,E3620600039111,阿波市,2024/9/30
3395,市場,八幡公民館 ,,O,NA,NA,A,O,0,E3620600033111,阿波市,2024/9/30
3396,脇町,うだつアリーナ,,O,NA,NA,X,O,0,E3620700052111,美馬市,2021/9/6
3397,脇町,岩倉小学校,,O,NA,NA,O,O,0,E3620700040111,美馬市,2021/9/6
3398,脇町,岩倉中学校,,O,NA,NA,O,O,0,E3620700059111,美馬市,2021/9/6
3399,美馬町,喜来地域活動センター,,O,NA,NA,O,O,0,E3620700028111,美馬市,2021/9/6
3400,穴吹町,宮内交流の里,,O,NA,NA,O,X,0,E3620700009111,美馬市,2021/9/6
3401,美馬町,郡里地域活動センター,,O,NA,NA,A,O,0,E3620700018111,美馬市,2021/9/6
3402,穴吹町,穴吹スポーツセンター,,O,NA,NA,O,O,0,E3620700005111,美馬市,2021/9/6
3403,穴吹町,穴吹小学校,,O,NA,NA,O,X,0,E3620700003111,美馬市,2021/9/6
3404,穴吹町,穴吹中学校,,O,NA,NA,O,X,0,E3620700002111,美馬市,2021/9/6
3405,穴吹町,穴吹農村環境改善センター,,O,NA,NA,X,O,0,E3620700001111,美馬市,2021/9/6
3406,穴吹町,古宮生活改善センター,,X,NA,NA,O,X,0,E3620700007111,美馬市,2021/9/6
3407,脇町,江原中学校,,O,NA,NA,O,O,0,E3620700047111,美馬市,2021/9/6
3408,脇町,江原南小学校,,O,NA,NA,O,O,0,E3620700051111,美馬市,2021/9/6
3409,脇町,江原北小学校,,O,NA,NA,O,O,0,E3620700043111,美馬市,2021/9/6
3410,木屋平,三ツ木集会所,,O,NA,NA,O,X,0,E3620700033111,美馬市,2021/9/6
3411,穴吹町,三島小学校,,O,NA,NA,O ,X,0,E3620700014111,美馬市,2021/9/6
3412,穴吹町,三島中学校,,O,NA,NA,O,X,0,E3620700013111,美馬市,2021/9/6
3413,美馬町,寺町防災交流センター,,O,NA,NA,O,O,0,E3620700019111,美馬市,2021/9/6
3414,美馬町,芝坂地域活動センター,,O,NA,NA,O,O,0,E3620700029111,美馬市,2021/9/6
3415,美馬町,重清西地域活動センター,,O,NA,NA,O,O,0,E3620700032111,美馬市,2021/9/6
3416,美馬町,重清東地域活動センター,,O,NA,NA,O ,X,0,E3620700023111,美馬市,2021/9/6
3417,美馬町,重清北交流館,,O,NA,NA,O,O,0,E3620700022111,美馬市,2021/9/6
3418,穴吹町,初草ふれあい館,,O,NA,NA,O,O,0,E3620700010111,美馬市,2021/9/6
3419,脇町,清水地域活動センター,,O,NA,NA,O,O,0,E3620700045111,美馬市,2021/9/6
3420,穴吹町,西渕ふれあいの里,,O,NA,NA,O,X,0,E3620700011111,美馬市,2021/9/6
3421,脇町,大谷せせらぎの里,,O,NA,NA,O,X,0,E3620700044111,美馬市,2021/9/6
3422,木屋平,谷口公民館,,O,NA,NA,O,X,0,E3620700039111,美馬市,2021/9/6
3423,脇町,地域共生交流施設　小星ベース ,,O,NA,NA,O,O,0,E3620700041111,美馬市,2021/9/6
3424,脇町,地域交流センター　ミライズ,,O,NA,NA,X,O,0,E3620700055111,美馬市,2021/9/6
3425,脇町,中ノ谷ふれあいの里,,O,NA,NA,O,O,0,E3620700046111,美馬市,2021/9/6
3426,脇町,東俣ふれあいの里,,O,NA,NA,O,O,0,E3620700048111,美馬市,2021/9/6
3427,美馬町,美馬中学校等（美馬小学校含 む） ,,O,NA,NA,O,O,0,E3620700024112,美馬市,2021/9/6
3428,美馬町,美馬町市民サービスセンター,,O,NA,NA,O,O,0,E3620700027111,美馬市,2021/9/6
3429,美馬町,美馬竜王の郷,,O,NA,NA,O,O,0,E3620700031111,美馬市,2021/9/6
3430,木屋平,木屋平複合施設等（川井集会 所、木屋平中学校体育館含む） ,,O,NA,NA,O,O,0,E3620700036111,美馬市,2021/9/6
3431,脇町,脇町小学校 ,,O,NA,NA,O,O,0,E3620700053111,美馬市,2021/9/6
3432,脇町,脇町中学校,,O,NA,NA,O,O,0,E3620700054111,美馬市,2021/9/6
3433,旭,旭へき地集会室(体育館),,O,NA,NA,O,O,0,E3630200002111,上勝町,2015/4/1
3434,旭,旭基幹集落センター,,O,NA,NA,O,O,0,E3630200001111,上勝町,2015/4/1
3435,正木,高鉾公民館,,O,NA,NA,O,O,0,E3630200006111,上勝町,2015/4/1
3436,正木,上勝小学校体育館,,O,NA,NA,O,O,0,E3630200008111,上勝町,2015/4/1
3437,生実,上勝中学校,,O,NA,NA,O,O,0,E3630200011111,上勝町,2015/4/1
3438,生実,上勝中学校体育館,,O,NA,NA,O,O,0,E3630200010111,上勝町,2015/4/1
3439,生実,上勝町コミュニティセンター,,O,NA,NA,O,O,0,E3630200012111,上勝町,2015/4/1
3440,福原,福原ふれあいセンター,,O,NA,NA,O,O,0,E3630200014111,上勝町,2015/4/1
3441,傍示,傍示定住センター,,O,NA,NA,O,O,0,E3630200016111,上勝町,2015/4/1
3442,佐那河内,JA徳島市佐那河内支所,,O,NA,NA,O,O,0,E3632100012111,佐那河内村,2024/7/5
3443,佐那河内,JA徳島市選果場,,O,NA,NA,O,O,0,E3632100015111,佐那河内村,2024/7/5
3444,佐那河内,JA徳島市農産工場,,O,NA,NA,O,O,0,E3632100010111,佐那河内村,2024/7/5
3445,佐那河内,宮前公民館,,O,NA,NA,O,O,0,E3632100024111,佐那河内村,2024/7/5
3446,佐那河内,高樋保健センター,,O,NA,NA,O,O,0,E3632100007111,佐那河内村,2024/7/5
3447,佐那河内,嵯峨生活改善センター,,O,NA,NA,O,O,0,E3632100005111,佐那河内村,2024/7/5
3448,佐那河内,嵯峨老人憩いの家,,O,NA,NA,O,O,0,E3632100004111,佐那河内村,2024/7/5
3449,佐那河内,桜集会所,,O,NA,NA,O,O,0,E3632100027111,佐那河内村,2024/7/5
3450,佐那河内,寺谷生活改善センター,,O,NA,NA,O,O,0,E3632100008111,佐那河内村,2024/7/5
3451,佐那河内,小・中学校体育館,,O,NA,NA,O,O,0,E3632100013111,佐那河内村,2024/7/5
3452,佐那河内,村民体育館,,O,NA,NA,O,O,0,E3632100011111,佐那河内村,2024/7/5
3453,佐那河内,多目的地域交流施設,,O,NA,NA,O,O,0,E3632100017112,佐那河内村,2024/7/5
3454,佐那河内,農業総合振興センター,,O,NA,NA,O,O,0,E3632100034111,佐那河内村,2024/7/5
3455,石井,浦庄小学校,,O,NA,NA,O,O,0,E3634100001111,石井町,2023/3/31
3456,石井,公民館浦庄分館,,O,NA,NA,A,O,0,E3634100002111,石井町,2023/3/31
3457,石井,公民館高原分館,,O,NA,NA,O,O,0,E3634100011111,石井町,2023/3/31
3458,石井,公民館高川原分館,,O,NA,NA,A,O,0,E3634100016111,石井町,2023/3/31
3459,石井,公民館石井分館,,O,NA,NA,A,O,0,E3634100029111,石井町,2023/3/31
3460,石井,公民館藍畑分館,,O,NA,NA,O,O,0,E3634100043111,石井町,2023/3/31
3461,石井,高浦中学校,,O,NA,NA,O,O,0,E3634100004111,石井町,2023/3/31
3462,石井,高原小学校,,O,NA,NA,O,O,0,E3634100012111,石井町,2023/3/31
3463,石井,高川原小学校,,O,NA,NA,A,O,0,E3634100014111,石井町,2023/3/31
3464,石井,高川原福祉会館・公会堂,,O,NA,NA,X,O,0,E3634100018111,石井町,2023/3/31
3465,石井,石井小学校,,O,NA,NA,A,O,0,E3634100023111,石井町,2023/3/31
3466,石井,石井中学校,,O,NA,NA,A,O,0,E3634100015111,石井町,2023/3/31
3467,石井,石井町地域防災交流センター,,O,NA,NA,X,O,0,E3634100027111,石井町,2023/3/31
3468,石井,石井町中央公民館,,O,NA,NA,O,O,0,E3634100030111,石井町,2023/3/31
3469,石井,石井町保健センター,,O,NA,NA,A,O,0,E3634100028111,石井町,2023/3/31
3470,石井,前山公園屋内運動場（体育館）,,O,NA,NA,O,O,0,E3634100022111,石井町,2023/3/31
3471,石井,徳島県立農林水産総合技術支援センター,,O,NA,NA,A,O,0,E3634100024111,石井町,2023/3/31
3472,石井,尼寺教育センター,,O,NA,NA,X,O,0,E3634100032111,石井町,2023/3/31
3473,石井,名西高校,,O,NA,NA,A,O,0,E3634100025111,石井町,2023/3/31
3474,石井,藍畑小学校,,O,NA,NA,O,O,0,E3634100042111,石井町,2023/3/31
3475,鬼籠野,鬼籠野公民館 ,,O,NA,NA,O,O,0,E3634200011112,神山町,2024/4/1
3476,阿川,旧阿川小学校 ,,O,NA,NA,X,O,0,E3634200004111,神山町,2024/4/1
3477,鬼籠野,旧鬼籠野小学校一ノ坂分校 ,,O,NA,NA,X,O,0,E3634200010111,神山町,2024/4/1
3478,鬼籠野,旧鬼籠野小学校体育館 ,,O,NA,NA,X,O,0,E3634200012112,神山町,2024/4/1
3479,鬼籠野,旧鬼籠野幼稚園 ,,O,NA,NA,X,O,0,E3634200012111,神山町,2024/4/1
3480,広野,旧広野小学校 ,,O,NA,NA,X,O,0,E3634200003112,神山町,2024/4/1
3481,広野,旧広野小学校体育館 ,,O,NA,NA,X,O,0,E3634200003111,神山町,2024/4/1
3482,神領,旧神領幼稚園 ,,O,NA,NA,X,O,0,E3634200018111,神山町,2024/4/1
3483,広野,広野支所 ,,O,NA,NA,O,O,0,E3634200001111,神山町,2024/4/1
3484,広野,広野小学校 ,,O,NA,NA,X,O,0,E3634200002112,神山町,2024/4/1
3485,広野,広野小学校体育館 ,,O,NA,NA,X,O,0,E3634200002111,神山町,2024/4/1
3486,神領,神山町役場 ,,O,NA,NA,O,O,0,E3634200022111,神山町,2024/4/1
3487,上分 ,上分公民館 ,,O,NA,NA,O,O,0,E3634200013111,神山町,2024/4/1
3488,神領,城西高校神山校 ,,O,NA,NA,X,O,0,E3634200020113,神山町,2024/4/1
3489,神領,城西高校神山校体育館 ,,O,NA,NA,X,O,0,E3634200020112,神山町,2024/4/1
3490,神領,城西高校神山校武道場 ,,O,NA,NA,X,O,0,E3634200020111,神山町,2024/4/1
3491,神領,神山まるごと高等専門学校体育館 ,,O,NA,NA,X,O,0,E3634200016111,神山町,2024/4/1
3492,神領,神山中学校 ,,O,NA,NA,X,O,0,E3634200017111,神山町,2024/4/1
3493,神領,神山中学校体育館 ,,O,NA,NA,O,O,0,E3634200017112,神山町,2024/4/1
3494,神領,神領小学校 ,,O,NA,NA,X,O,0,E3634200019112,神山町,2024/4/1
3495,神領,神領小学校体育館 ,,O,NA,NA,X,O,0,E3634200019111,神山町,2024/4/1
3496,阿川,阿川公民館 ,,O,NA,NA,O,O,0,E3634200006111,神山町,2024/4/1
3497,下分,下分公民館 ,,O,NA,NA,O,O,0,E3634200008111,神山町,2024/4/1
3498,鬼籠野,鬼籠野生活改善センター ,,O,NA,NA,O,O,0,E3634200011111,神山町,2024/4/1
3499,牟岐,横瀬文化センター ,,X,X,X,O,O,0,E3638300049111,牟岐町,2021/2/28
3500,牟岐,関コミュニティセンター ,,O,X,X,O,O,0,E3638300008111,牟岐町,2021/2/28
3501,牟岐,喜来多目的集会所 ,,O,X,X,O,O,0,E3638300006111,牟岐町,2021/2/28
3502,牟岐,橘コミュニティセンター ,,O,X,X,O,O,0,E3638300005111,牟岐町,2021/2/28
3503,牟岐,宮の本コミュニティセンター ,,O,X,O,O,O,0,E3638300052111,牟岐町,2021/2/28
3504,牟岐,旧牟岐小学校体育館 ,,O,X,X,O,O,0,E3638300034111,牟岐町,2021/2/28
3505,牟岐,古牟岐コミュニティセンター ,,X,X,O,X,X,0,E3638300041111,牟岐町,2021/2/28
3506,牟岐,高齢者交流施設 浜の家 ,,O,O,O,O,O,0,E3638300063111,牟岐町,2021/2/28
3507,牟岐,笹見コミュニティセンター ,,X,X,X,X,X,0,E3638300001111,牟岐町,2021/2/28
3508,牟岐,出羽島漁村センター ,,O,X,O,O,O,0,E3638300055111,牟岐町,2021/2/28
3509,牟岐,出羽島集会所 ,,X,X,X,X,X,0,E3638300056111,牟岐町,2021/2/28
3510,牟岐,出羽島保健福祉センター ,,X,X,X,X,X,0,E3638300057111,牟岐町,2021/2/28
3511,牟岐,小松コミュニティセンター ,,O,X,X,O,O,0,E3638300051111,牟岐町,2021/2/28
3512,牟岐,清水文化センター ,,X,X,O,X,X,0,E3638300028111,牟岐町,2021/2/28
3513,牟岐,西浦コミュニティセンター ,,O,O,O,O,O,0,E3638300062111,牟岐町,2021/2/28
3514,牟岐,西又コミュニティセンター ,,X,X,X,X,X,0,E3638300003111,牟岐町,2021/2/28
3515,牟岐,川長コミュニティセンター ,,O,X,X,O,O,0,E3638300014111,牟岐町,2021/2/28
3516,牟岐,大戸漁村センター ,,X,X,X,X,X,0,E3638300030111,牟岐町,2021/2/28
3517,牟岐,町民センター ,,O,O,O,O,O,0,E3638300017111,牟岐町,2021/2/28
3518,牟岐,町民体育館 ,,X,O,O,O,O,0,E3638300018111,牟岐町,2021/2/28
3519,牟岐,天神前コミュニティセンター ,,O,X,O,O,O,0,E3638300021111,牟岐町,2021/2/28
3520,牟岐,東の中コミュニティセンター ,,O,X,X,O,O,0,E3638300046111,牟岐町,2021/2/28
3521,牟岐,東部コミュニティセンター ,,X,X,X,X,X,0,E3638300059111,牟岐町,2021/2/28
3522,牟岐,同倫コミュニティセンター ,,X,X,O,X,X,0,E3638300042111,牟岐町,2021/2/28
3523,牟岐,徳島県立少年自然の家 ,,X,O,X,X,X,0,E3638300048111,牟岐町,2021/2/28
3524,牟岐,内妻コミュニティセンター ,,O,O,O,O,O,0,E3638300039111,牟岐町,2021/2/28
3525,牟岐,灘コミュニティセンター ,,O,X,X,O,O,0,E3638300045111,牟岐町,2021/2/28
3526,牟岐,平野コミュニティセンター ,,O,X,X,O,O,0,E3638300004111,牟岐町,2021/2/28
3527,牟岐,辺川農業構造改善センター ,,X,X,X,O,O,0,E3638300050111,牟岐町,2021/2/28
3528,牟岐,本町会館 ,,X,X,X,O,O,0,E3638300036113,牟岐町,2021/2/28
3529,牟岐,牟岐小学校 ,,O,O,O,X,X,0,E3638300013112,牟岐町,2021/2/28
3530,牟岐,牟岐中学校 ,,O,O,O,X,X,0,E3638300013111,牟岐町,2021/2/28
3531,牟岐,牟岐中学校体育館 ,,O,X,O,O,O,0,E3638300013113,牟岐町,2021/2/28
3532,牟岐,牟岐町海の総合文化センター ,,O,O,O,O,O,0,E3638300015111,牟岐町,2021/2/28
3533,牟岐,牟岐町役場 ,,X,X,O,O,O,0,E3638300037111,牟岐町,2021/2/28
3534,牟岐,牟岐町隣保館 ,,X,X,O,X,X,0,E3638300023111,牟岐町,2021/2/28
